"RutaRelativa","Bytes","SHA256"
"1\0\10-cart_default.jpg","2789","B509B8B756FA92EB575D953122B967573E8ED139BAFE9E50D766C4965BD8DDEF"
"1\0\10-default_lg.jpg","10245","404B629591A53CD3BC0CA6C8E9AED2C3A0B7284ADF8B183B0350D5CCB7D62667"
"1\0\10-default_md.jpg","7412","C8D49FD16EE4C533EC0CFC97CF030C537AB90DE0DCDC5B38FAF6693D85BD5927"
"1\0\10-default_sm.jpg","5702","C8FB037D05EC968600A83E0EE48AFA88DE10DD986809052F1411AD6E3E0756AB"
"1\0\10-default_xl.jpg","13231","2818287C875B3EF12573EBB7EB9E51208FC64E97F2A3A75C4A37AC445A986A6B"
"1\0\10-default_xs.jpg","3941","EEE5C6C25AAAD4F7D03F63EF0A3461066DD5C58817E559B604B53EFC7B7DCD35"
"1\0\10-home_default.jpg","6694","518A439D9D593367379890AE008369F9139CFD45CE7AABECAEDA7988DC5A7E9C"
"1\0\10-large_default.jpg","35015","E177C339B51B7105E772F77350F51B94E8C21D8B793926C7511DA574FF06DADE"
"1\0\10-medium_default.jpg","17039","50B9E054275C5BE3510259C9829A41181FE7BE1C70D62B5EB1CA833F891FC395"
"1\0\10-product_main_2x.jpg","67981","197ECE056E952686D8D951C2FF9FBC393C2BC41D0AAE1B06CCAEEA032E0684DD"
"1\0\10-product_main.jpg","31239","168CF88D03853E877608B9C9405EDBCCF3D780CE99EDCFE122A2083B49C628F5"
"1\0\10-small_default.jpg","2114","78C0E97E8AF931A35A590F66BC1DB9395CB251C92E68ABF0C4F44B7679E5A412"
"1\0\10.jpg","54326","43E28FD0B689D8E472313D020681CB54978ED61E57AEE09D0D8F9A0A23D06E1B"
"1\1-cart_default.jpg","3205","CD0F8E12B27B4960DA2336783C39DB68DBCFADF963BC0EF04667B6D9A5755CF3"
"1\1-default_lg.jpg","11714","2594B55296FB7605959E71BDFD05F9E2242737050F48180F9ED498934F465E48"
"1\1-default_md.jpg","8235","92B3751EE51FCB3CC38AF0F4737E55E6D42BAEC56921BAB5F718EBAE53FF9C7C"
"1\1-default_sm.jpg","6519","DBB0356E797091554888C355123DD14A29B10A38245C68D1F46652E1AC45F7C0"
"1\1-default_xl.jpg","15117","BDFE28B45A44BCE28AC32FF1A0919742043E71F2FE9FC6FA0A247F74D0E366EA"
"1\1-default_xs.jpg","4454","EA9056886DDC7AACCD777EE501A0C652D0164AB450F02D70F04043F62125F2C1"
"1\1-home_default.jpg","7765","42A26F509C228680187BAAA8EC84027381679D84B0988BAE7F7E01808CCBBD1E"
"1\1-large_default.jpg","40142","39711A5A01B81655B9EAC0886300BB20DC1BF0DF10F7DC6A5AF96EF6C9E872F7"
"1\1-medium_default.jpg","19580","39449156521B0261F8C2AC1A41231A34EC4A5C3D758FA004E583A1E491145BD3"
"1\1-product_main_2x.jpg","76896","6121FD5BF9C6D6D462168E38C377F10D433F14EB2B5EBB863D0DD6308CBC84F9"
"1\1-product_main.jpg","35947","B7515ABA09BB94D2DB24FB48CC552833AF81F1C15EE38EEDC6D515E0ECB428C4"
"1\1-small_default.jpg","2425","25A491E67BF80720E3D5E342BE057C18B033599F7ACEA2531287B11A8B96F98A"
"1\1.jpg","63862","87A5DF523D4B0FF76EE98F5A3CCCCE936B90276B53DBD60E7ECDE29A6345604A"
"1\1\11-cart_default.jpg","3375","835DBAF217C36B807C43BCF0AAE1A8EB2C654E50BB7C0C26A98FE026CC0131A2"
"1\1\11-default_lg.jpg","11989","4E0E792519DDE8FEA674290EF9CEB265E1AEEBEDB29F24543FC97B90D0207EEC"
"1\1\11-default_md.jpg","8750","ABD31D0AE71365C5197A5A6E1FD1F25AAA6285FF55E787605A03EA186592FDB6"
"1\1\11-default_sm.jpg","6806","314DDAC9B80D93EE99058B45951F85244EF5711F1D8AD020840020CC3966E404"
"1\1\11-default_xl.jpg","15284","3744DF8A481117312A81567F73BD710E1157FFF916310EB79FD7747CCC4FC171"
"1\1\11-default_xs.jpg","4706","3E776BC8FCD9FF2F423A0DCB32C3AA6C25CA44B20375F04D1C724AF815F955A5"
"1\1\11-home_default.jpg","7969","8111C92F45EB639AEB6308B94B2BC69A5DDBDEA226C586366FC3D1A5CB02D1F3"
"1\1\11-large_default.jpg","39766","FF0EAA67F4620F97AEEDAB16E29B2CE78E831E3CC806767E3A8EE2B37F3EB89D"
"1\1\11-medium_default.jpg","19545","F0F1301588860B3EFF15A9E475CDF207518827F49B2CF74F59685DF47ED3CA7F"
"1\1\11-product_main_2x.jpg","75980","4EAF1A5B7FB4073190BD1C03243BC07A79B8F6A2D2B3C46A2A148CFD07D17546"
"1\1\11-product_main.jpg","35406","3BCBDE2B3CB41062DF0663EA1E76156FF5B1EC280CB9234D326A019DDC3572E4"
"1\1\11-small_default.jpg","2574","5CF7716435D6BE37AAE01FEA229506EED032E94D3BA1F851DDB7DCC59F50E223"
"1\1\11.jpg","62090","4305AD0A1CA98097E976090DB86EDED4BE66A75D248AE7CAB12FAB42DB1E8610"
"1\2\12-cart_default.jpg","2894","F987F0760FB3F2F9E4CF0E6E982D3A2AF63E2891203272A3C2C2D20B4C957ECE"
"1\2\12-default_lg.jpg","10760","5645796A16D31F199A67234A8E7A9A34416CC01D2948ACC74D6624851118FEAF"
"1\2\12-default_md.jpg","7797","E67040C7851017F5E85B52FFA5E66B3575F9F948654FF2E737BE6905F43F07AB"
"1\2\12-default_sm.jpg","5832","96B502BAE24622281FA9E13BB12145460E626F7578B7D562756ED5518F7B7C86"
"1\2\12-default_xl.jpg","13721","DF22CD8253759EC53CEC696465B2CE0B64D984FC2DDB00902E4797C007FE2ED4"
"1\2\12-default_xs.jpg","4137","35BA3F9A09C5E51AB59F7AB613FB7B6A36F6946C66BE1D7FFED8669D9C1DF8C4"
"1\2\12-home_default.jpg","7001","19B8E7974F136C2CAE710C2ABD0BDBCB6F6DEB90348967D00D3706769DC4C93C"
"1\2\12-large_default.jpg","36320","8FC0801AD54E4B045F576E31904B6815785998A6F8C417855D09006239DA0685"
"1\2\12-medium_default.jpg","17972","4E5B430A243E396082A6281AF726D3C4AFCB5361324654BE90B2AF2815616469"
"1\2\12-product_main_2x.jpg","69295","82240138F0D242A4F96A2039A3914F27DC8A63635F8B5F30F2550A35A099D584"
"1\2\12-product_main.jpg","32193","DE9407C7028A372D4DFD8F0D20520804F8D3412E96F539B30AA24D01196E5700"
"1\2\12-small_default.jpg","2160","5ADBF71F603AD47FE6D3F7F16710F5354AB3D1A26DBACF2FBE8DB9E866FCCE20"
"1\2\12.jpg","55532","E32C73CBD307B7C9CB722E9AA493820224D0C375D9730DC2B9127C5C9EE0D479"
"1\3\13-cart_default.jpg","3733","75872FA59CECE56FA9E6C33A920232C08BA6F0A6BDBB7F2A1CEE2F882F75434C"
"1\3\13-default_lg.jpg","12845","199089E476058786EEEB7EC1D00AEAF265BA258330A1BAF05F2E7AB7ECDC80FF"
"1\3\13-default_md.jpg","9394","883DFDB1E210E75534C1215537B80D9595CF87DC5A3DFA7F0B4C857968C27F32"
"1\3\13-default_sm.jpg","7213","4CCAC3D0CDFA68E02A582B7462CB8822DD763E9278C159F9ED2C073B492D7E67"
"1\3\13-default_xl.jpg","16255","72BFBB191C05883704EEF17534B4E2918CD59B759B15B840A49FA2E802CFEA0D"
"1\3\13-default_xs.jpg","5070","4C23460E8E22EE45F0183420A781D393C607939DCA4863EC31F93121A6D23CF2"
"1\3\13-home_default.jpg","8784","3DB0892C3F0EEA3295EDDB6301F38C0D04D4E8BF71BC5AFECD483996A2072BEC"
"1\3\13-large_default.jpg","42286","CAD5AF11D75C60CF7CDBB637F4FD95F209E9C87D8C9E3223147567E24B0BA196"
"1\3\13-medium_default.jpg","21121","0359E323B7BAAF62901D45A06E629781500B1923F0B4EF7A1D91B319A97E944C"
"1\3\13-product_main_2x.jpg","78914","A0E5F6E7EEDA6B6045B7E621ACAB023C723D361D498E2BFA9EB79D5BE52D09F0"
"1\3\13-product_main.jpg","37409","C1270A8DEBAA3519D87DDFC00922B68B8E8BF928C05A7952F58A4ED5318D6432"
"1\3\13-small_default.jpg","2686","AB8B40D6BB923CDB06EE10373CA843D1EDB839DC561251022C778C31FB1EBE6B"
"1\3\13.jpg","65273","831B36F77E0305ACF61327ADF06B951BA8CD5D4657B5542ADC6312E309B98138"
"1\4\14-cart_default.jpg","2843","DC33A26D2011FA0AD8F9417AEC6244E589DE22A69F682B4D003D23759CC210BE"
"1\4\14-default_lg.jpg","10621","BF10F80BB8A03BEC788506F58C3D6BF8D12FDC0C966B0445BFE47DC053A57B54"
"1\4\14-default_md.jpg","7556","7A213D2EB945C98F775A4CB73D1981A780D53265275E5D108ECDD5A7B495A517"
"1\4\14-default_sm.jpg","5751","8384A91D915CAB108B40D1A0D7AE238AF7007B91D42EACB97DE9B00AC74CF073"
"1\4\14-default_xl.jpg","13499","B1E9AF7B0DC88708B06F0F886FEF20455E25E0AE12110A76DC6DB263059FD528"
"1\4\14-default_xs.jpg","3998","AEEE8E6CC94E58456BD943E8D0360BD4588264B68B1969FF8FCEF613EA820A83"
"1\4\14-home_default.jpg","7059","50CC9D34114E7CA2EB8D07D7CEF0894D9D7F96C9E8001BE682CCACECC70FE912"
"1\4\14-large_default.jpg","36296","A01E624CBDBE7214D1832AB87001F86DFD23446C99C9DCE45313B7D60553249F"
"1\4\14-medium_default.jpg","17853","B41524496DEC10F733621251A5971C496988866B97062CFFABC415C6CD08BC80"
"1\4\14-product_main_2x.jpg","68984","B5765CCAFDE5FEA22BC50DFEC4AC0D59486D923FEDF869C3BA568E54FEB1D907"
"1\4\14-product_main.jpg","32276","F7E8A93B0C8170337801AC01E64431E92E12D7ED96D89480E5B60FF6E7E89371"
"1\4\14-small_default.jpg","2000","2FBD76DCF6622E2071352479C85A68D84B4AA999E71FEDAC123F58ED5861C7FE"
"1\4\14.jpg","55681","E24933FC69103B84B3B0D44070ED315961A11C07C6668E138EB4625F700831F0"
"1\5\15-cart_default.jpg","3545","DF5E515ED5BD79372E769DC27F6D08A3BFF4D48B5C5F7399D9162987E6814E85"
"1\5\15-default_lg.jpg","12163","EFD2D772E2A8307BA495EFB81E286354432A94839680D26390B21B3D2F5A4A84"
"1\5\15-default_md.jpg","8819","F51504A992438ABBB6C0A5D4AA2405F68CA1EC1D9E55194D34A80125EBDDA35C"
"1\5\15-default_sm.jpg","6863","4AAA563D485C7E9F193B400F97A668435AA2ED0FFCDBEAD6845DEC3280BF06A1"
"1\5\15-default_xl.jpg","15877","688545865C648A2A50F2EC4B3564B2227CC5517D09C2789AEDB04A6062389F88"
"1\5\15-default_xs.jpg","4767","6D9A3A3D77D6FA3A37477190686811481F13842880EA67F6DF75449B1E16B074"
"1\5\15-home_default.jpg","8601","1B029AD7670D3A3DF8635F225EE2E9AF11A06AAECA424EC735714F71E4A4D4BD"
"1\5\15-large_default.jpg","40837","6FB9A0AEC250FEA3319B90478CEB8162203ECCB5616EC67D5DF373C2F3342893"
"1\5\15-medium_default.jpg","21025","AC02F46D8D61172BA654E26743DEC541BE3B7719F32D7CC77FD7EE0BAF82F2D2"
"1\5\15-product_main_2x.jpg","62454","D2ED4B4AE05BF4B83C9DD7318C395E4F86603C9116ABCD2117AE5C1DB0EBDB51"
"1\5\15-product_main.jpg","33858","DB5CC24C75E759E445DA95EDC44B74AB9278ADFD9D6925FAEC7D7A1BC37F90EE"
"1\5\15-small_default.jpg","2711","265E8B1F7D812ADBB27C324D31E0F9E72EB159D61C4C5DE0351D3DB4B5B64FA3"
"1\5\15.jpg","51974","C5B96B71C60A6128333C7E0440CC11E807B764F342C40184238A6EF77A7C156F"
"1\6\16-cart_default.jpg","3981","EB985D721C07E564F4A21139BCBE60F1928F8003EEA5AE248465DA89A2F6A366"
"1\6\16-default_lg.jpg","13692","C02CB1FDED1626F202C36DFFCB4FDEAA741B9A3E531D9529E603E0FB57AE13FC"
"1\6\16-default_md.jpg","10236","D9264CD564B84E8A38BD7A598F186A8CFAF943BDCF5FD721DE330705C68C75CD"
"1\6\16-default_sm.jpg","7931","5EF75A47DBE33E50869E41DEE791CEF53DAED5A44901C52A0A66A203D8D09B70"
"1\6\16-default_xl.jpg","17002","81136728101925D1D26FC892DF0475A9D2CEC54439A97213F0FE07DB6165EF21"
"1\6\16-default_xs.jpg","5376","4D3FBA4CAAEC543A6AA22308AC67E7AB9585A77FCFCA9121749EF5549A68119A"
"1\6\16-home_default.jpg","9339","4A4794486CD94BE99D0034196C96ABF085B8CE8968B29039205170547D0A0B4B"
"1\6\16-large_default.jpg","43592","BE620B0F70CC36219F3D7AC73905D347D6752D6D642C69AE287129683FFDDCD4"
"1\6\16-medium_default.jpg","22339","61CCE83073E536287874D11BA89F6F87B45452E8698F53279A0C2B6B37119DB9"
"1\6\16-product_main_2x.jpg","64664","9BB29E8C53BB7A1152731FBEAE7669A182CB7B5BBB54B4E71590850247EEF1B6"
"1\6\16-product_main.jpg","35351","B38CDAF13C59F21D815DEE2CC925AED04ED7D5BC9D5823AEFB3426E38DD32C86"
"1\6\16-small_default.jpg","3074","1E86E58BBEFA2D24816034B4E46FD51255FEA92D7AD5AC0D8ED29CCE4C61B2B0"
"1\6\16.jpg","53092","233A7034DD3CCDE13A4B86F74DD40EF4A548B750C4B4261ED659EF7051DA05BE"
"1\7\17-cart_default.jpg","3953","9FD905E0546E0F684A94D10E98534A3206EA9097E5CBC40AD7FF636C865E0012"
"1\7\17-default_lg.jpg","13611","727BB42E94AACA8FBBCDC2F2E577D72584C1866DD10AF4D588816C4216D0734A"
"1\7\17-default_md.jpg","10002","88ED6164B2F0EB566DD1896E409A6ED150B2A47A5EE95E4DD84449B92446D156"
"1\7\17-default_sm.jpg","7915","0CA2816BF7E6921D15F3F065344CF19147D86A45BD385A404CFCD6CAF96F30BD"
"1\7\17-default_xl.jpg","17293","14F6CCCAA1DD3C400AC1284EFC048D6B0AAC404A701D33E28600AB492A939EF8"
"1\7\17-default_xs.jpg","5413","ECFA8AFC28B72B18F202CE648BD794491583DA43983B8451030BBA6F85D6F810"
"1\7\17-home_default.jpg","9637","D5F08BC2D7CF4F55F541D919EB311EA24EC6B4FB7D0C484799FAF3A23AA4C7B0"
"1\7\17-large_default.jpg","44990","0846D8743EBB117876CC8FCF8F6603C923EE0DC4FAB2C870C175FE900D7977AD"
"1\7\17-medium_default.jpg","23185","3E283DA1987B6FD0AC089BF740396B69A52AD0C91B4F1B8E065E1B2B0FAA4ED0"
"1\7\17-product_main_2x.jpg","67151","539894C08C485C8102A2FE95F8B51A5256D27F1902F3A04CA39FBA6CB24AEB71"
"1\7\17-product_main.jpg","36720","287FE170199CF681075D9E139477FFC67FF18EAC3C9549D712B6C0BB63EC44C6"
"1\7\17-small_default.jpg","2983","DC9355A6D79E2667B2C09938E8DFE25C1B7CDF0781408715ACA79545E72981F4"
"1\7\17.jpg","55928","27CA0DB372553B5B6A60AADB727F8059C0547A558452AD38652210334CC85DCE"
"1\8\18-cart_default.jpg","3265","4831A47EDCB69A161B4F71EB38BDC5484DC98044694D5C54C74A31317349DD43"
"1\8\18-default_lg.jpg","15659","9EE51E4A0B61550135D502873D2329DA649ED2C8F6A5A6FCFF0C1434A35A09D4"
"1\8\18-default_md.jpg","10127","B5F6BA9642C114AFED050ADB2B42219D2D80FC932B39380B39322F230539EDF8"
"1\8\18-default_sm.jpg","7543","D105DC08ADAFDFB61AD77B65B0105AA594FFAF311FA0DB66D3931F39934D8916"
"1\8\18-default_xl.jpg","21252","F315ACCF795817C82249EF44DF20CD011D9C72C0F78E11C7D07C1438CAA875B0"
"1\8\18-default_xs.jpg","4736","26854BD259B0BD961389D0FD40F0C60EF662FEE8F784AD86D763577C7A8C433C"
"1\8\18-home_default.jpg","9621","FB586ADF7F48D64D97E1CA2289A73BB1370F24372E3576383385ED403E76B1F7"
"1\8\18-large_default.jpg","60175","405568550D235685858DD11C07E3174CEBDFAEC56C7ADF55A01C21E287C20159"
"1\8\18-medium_default.jpg","28730","2AA73BD180007CC5D9D9F43B9FA2F4D554958D6C181B34BC7EBCCEB80B3FE7C9"
"1\8\18-product_main_2x.jpg","136740","A64B678706CC6FFC8A2EA3D42D3BEB3F7C0B11FF68E732249C26A7323A626104"
"1\8\18-product_main.jpg","58504","D2CB86D05ED2FFD30CEEE647A2DCA921AC077970B29C7F54CB2751A2A173137A"
"1\8\18-small_default.jpg","2449","3CFD0A9C815C1FDAEB1CD382B21858AAD3AF42B2CD205958893250467F086974"
"1\8\18.jpg","122757","B49E449135ECCE192007AB29370DDBC6F538491FE7C4932E576009DD5E6C76A8"
"1\9\19-cart_default.jpg","3234","DF0EE7A08C72FA0FF98B3F6BF7501038C4DE995AC2ACA0BC27CBC6F97A6727D2"
"1\9\19-default_lg.jpg","15791","8DC3FC4688E57E0BAA6E9EC4ADC260E269FC1EDFB7CC8E38769067954E882B42"
"1\9\19-default_md.jpg","10333","614DD901CA4D9811B4ACA5D485E6087154C41B880442954D7506F70184AF8B48"
"1\9\19-default_sm.jpg","7649","BB43B1350FA0C7529A853E8516B0B268CB7DA210294ABA902F6A43ADC64A559C"
"1\9\19-default_xl.jpg","21470","0D696F4C269DADAFCF87DD9B9A21EE73C065527655BCE0710B72808D188EC107"
"1\9\19-default_xs.jpg","4750","C133EEAD4BD30D11E157B1F0B50B2B33B964EE13C4C32C84FB98AD8B727470F6"
"1\9\19-home_default.jpg","9691","C9F329FF0D092A19F728F8E437A9C4F7361BFC3E1DDBF59C7FBAB5E05B445916"
"1\9\19-large_default.jpg","60019","EC6057CF6585D38F9D105358FC7AA940142647FB317BCBBD3866D4D81FF0D477"
"1\9\19-medium_default.jpg","28713","7C69CC2EB9806CBB273900D2424DB02861D0E8B95135C0DDADDFFD9FD4C3732F"
"1\9\19-product_main_2x.jpg","135545","72448EB521073834CB1E84B10D498D5E50B980398C9443BC41D5CCE0A12BEB0D"
"1\9\19-product_main.jpg","58238","E85E14D56C38BA4645ECD31051D8D9304742BA69321E69835D0D7688EC9455BE"
"1\9\19-small_default.jpg","2432","291FDCF416282C64633CCB8D79AACA31DE500ABD093544D7084EFE0194080E90"
"1\9\19.jpg","120488","A80329DD82823D649C5F893E4909BF176E21633D82AA7EF8FC7EA588CA59DCA9"
"2\0\20-cart_default.jpg","3440","691ADACD7EC3DB45282E5685318D9865D6AC898A0BF38A8301BAE0715548683F"
"2\0\20-default_lg.jpg","16131","241E2907CA79312BDA36BB38A04CD06E048999C36142698F88708A127E44BD84"
"2\0\20-default_md.jpg","10515","C17139710228C231325C3C1E392305442AB84BD61A771ABC09211D2642B9FB54"
"2\0\20-default_sm.jpg","7811","3A87EDD083C5A94A607BF5B5FF253BEE6155853E33F94A9C637EAA5226C6BC39"
"2\0\20-default_xl.jpg","21911","A11FA0F4582A2B23BE82093A6901FBB74F15F9D09BADF9ECE6CF28ACF83941CC"
"2\0\20-default_xs.jpg","4890","5D645CD120D8E6441DF8AD59BE0E5C864B8981250D34A03EFF6ABF849F64B4F0"
"2\0\20-home_default.jpg","10007","013A8CCF006BCA2AE345418970FC61219BABFBE3BE9BF35B70DE85A529607DC4"
"2\0\20-large_default.jpg","61581","89C377C9D77B590BC0278AA72FD7569C001D9EBB9EA02660284D0A9A7964F8DA"
"2\0\20-medium_default.jpg","29424","E89C45AAAFFB4BEB08287DBE5947453F5FACB8CC2D670BB8757BBD2F4369F514"
"2\0\20-product_main_2x.jpg","137954","7B87322B223A4E8B6E00DBCFC981C47A62DD65A35B2E576640D726983E66CD82"
"2\0\20-product_main.jpg","59537","91846D1F933EFDE82356E9B315EA43B9B37D4825F52408481E95EC0831E40D39"
"2\0\20-small_default.jpg","2484","4C47AE15806D338D9BE28B2F61BD104A03EA26C9F4057FBC39006B988145372F"
"2\0\20.jpg","123497","5A589817267A2FE79591DA1E6A73C36E234B8F43E00FD33871066D0C7C398B87"
"2\1\21-cart_default.jpg","2844","C7858739EC09D48BE1B95892E5FA0310FD5C8961A0E148BE6AE4C3BEB4699920"
"2\1\21-default_lg.jpg","10742","DF2AD4A6208D1F62F9C27F17291495E29AE48244DD66A14752923BB84B6247D2"
"2\1\21-default_md.jpg","7624","9D21E967919ADDB2DB2BE0E54FA3CDDF6613742141FEA4F52D2A3F387CE0E09C"
"2\1\21-default_sm.jpg","5920","52D32179F0E48C0A1DFE0721C9900E7454CC1620540533B251614652AA686590"
"2\1\21-default_xl.jpg","13803","23B801C6071BA1EE8EF76477D8B83E0E71B71B5896B4C97A8764AB448E82233E"
"2\1\21-default_xs.jpg","3960","1D135CC802BF20EFEC772EECA09C10BF76C5C9D34164165FD6B1E4EB34847F39"
"2\1\21-home_default.jpg","7405","D0E92210376FB75DD293B07D211DEF2B56C812273755D1E9F2523CC1F23F2921"
"2\1\21-large_default.jpg","36713","0CF941D93CAC274757010CEA0EE9B650AEDDD3B3F1F8DFBBB0EF950E71822996"
"2\1\21-medium_default.jpg","17394","9967A824C68B864EACDC29B776146D2FB127A1AE275496944C74BE7F287C2095"
"2\1\21-product_main_2x.jpg","103813","00901F33FA538E8B479C83772380F83B581AA1486A2275C8DC4BFFEFBC962CB5"
"2\1\21-product_main.jpg","33289","8BC0DC2F007FC0F7FE8FFE1A543524BF776F600D82DF8517BAE34459483A5325"
"2\1\21-small_default.jpg","2058","BA846FE05C6E97CA0FFCC51E650A6505A7BE6298CE6FF7EB2E3870E4488F7390"
"2\1\21.jpg","192071","6F77C089F236E02D36D3833C7A3D716AE69DBF5E5407EFA23AB52ED70C69A43A"
"2\2-cart_default.jpg","2788","86811C9943FDC85816798CD6714C35220EF87D9D7D24EB10826DC0C68E038D8F"
"2\2-default_lg.jpg","10567","EDDA6A8FE3177117AE9D28F0EFE3B62E9D04CFCEC965E9EEC79366315567DA58"
"2\2-default_md.jpg","7358","FD351CC83CAFCA81B1C84614F04FD646066BD04C26CFA3D00259326A0C9CC32E"
"2\2-default_sm.jpg","5829","1C0BCDFDEAC5313AE14E1D1509612A01CDAB7B51DCFB416435F8CA362DE50E69"
"2\2-default_xl.jpg","13650","0D3B524947F62E358C48FE9DE64E718B5185E39B89776C660083ADEE5010A6FF"
"2\2-default_xs.jpg","3914","F8B971185F86D928C52BBD48500CD4E15E0231E69129EE964A811696DEF970B3"
"2\2-home_default.jpg","6914","31FA334237AD84EFDA4ABFD4DE22DB7028459923C6705E9B2EE74A01829E9F7E"
"2\2-large_default.jpg","36960","7D58E7F33F01B5E108BA570CA3CBC3D9264C3B99741CE653A1344BE833D70700"
"2\2-medium_default.jpg","17823","5148F0FB57B4BE47F30F6E8666036CD7375256F941903D0F9CCCB747DD3D53D1"
"2\2-product_main_2x.jpg","71743","3EADE6586065C65C88303C4B86D5D5CBE02BA9ED84A73FF0C38885160C90097B"
"2\2-product_main.jpg","33210","482B30819FCC2DC0E988AEDEA62BA152DA8A0FBBD4B40BA7460E4F640713F350"
"2\2-small_default.jpg","2058","4858E248D518F2402E68F77C13E1B6811251189B00B89816B7D97CB20D053D19"
"2\2.jpg","59055","BDE5CD0E95F9582463BE6C1B19D1F47682F3D8930AAD0A1D31E33D1EFE2ED9AB"
"2\2\22-cart_default.jpg","2132","65B02B3ACD2BFC2C3230E6974F88FDC73C769B17846B69491C4C60D54CC014E0"
"2\2\22-default_lg.jpg","7650","281AFEFB450158448998833B98A820860D44FDAB173ECA12101DD54AACDEC5A2"
"2\2\22-default_md.jpg","5628","2F9C5B60E0F82EC2C0EB7D177254A9E0889BD67F66A2FF79E4DCAEBBA652A091"
"2\2\22-default_sm.jpg","4358","701ADF253F40C4D4DAF842AA6DF4A289CBE0A6695F571FDAECBBCC015B11D87F"
"2\2\22-default_xl.jpg","9859","6A900ECC071033932E26E337A9019843072B397346E001CD6FCC61B80FAD0187"
"2\2\22-default_xs.jpg","2881","C87D982B633E02581420F9EA73907E1D0854F1300723228B325CA83F5D829807"
"2\2\22-home_default.jpg","4939","43C9E0F50F26889A9D28F5A562D66DDAF45932D70B3E4FFF285D485528AF9DFE"
"2\2\22-large_default.jpg","26165","FE9E64F82966FC5A9B685E67D0B81F49CC8D5B28AAD0AA9252B71147B249BDF1"
"2\2\22-medium_default.jpg","12445","9DB4398FCC6D0F957E9E4CE0283E4CFDDD40C0589AA8B434D9FF229F2CE186F1"
"2\2\22-product_main_2x.jpg","54320","2B74A2906D68E52F44A5EE0FCE7F53D568B885AE6EF4F50A18B76471EB44E63F"
"2\2\22-product_main.jpg","23615","474CD598F04FBA8571B4424E57BA1FBC6AEEAC3027DD10DD1212C3E78F122AC7"
"2\2\22-small_default.jpg","1685","B7BBE8C1E088409719CC023CDB9EF24D4258D73ED1A8FEEC7448FA4186335D15"
"2\2\22.jpg","40720","AFE2F3F6D10CC3F01B982A0C37D0A8B8EAA5CED8ED78017B7060A0B8C4968FD4"
"2\3\23-cart_default.jpg","3396","3740C16D00F1A30B8F6F4C5EF0AA609E282A5B70070594BADFACB5DA726CB0A1"
"2\3\23-default_lg.jpg","13320","D3C893579EA44F98B72CBB28F0A74D68C00176F8E599BA3C49EA2DC358FCCE8E"
"2\3\23-default_md.jpg","9824","B5286E82B7934AA7C41064A9427485D9988E4019A7190557EEDCAB9F73DCBE6E"
"2\3\23-default_sm.jpg","7670","DD827708A737F5AD7B7004FED14723AEC5F1A395B38751ADAC3B81E89B654544"
"2\3\23-default_xl.jpg","17104","4456887E62E1F08B71D678A02BCFCE3E7D9A352F107A1862C4DC68160E2AF1E4"
"2\3\23-default_xs.jpg","5171","44F45FB1729708468D5981BA327905CEF2F05CFBB35210F9AF771F7B51684F50"
"2\3\23-home_default.jpg","8634","1AECAE82FF193E35BD9A403E11BFF16BD092E04666D04E6D2F4693343776BC12"
"2\3\23-large_default.jpg","43891","BDDBA9C69C88C87BF9C5B9B7D2273F4A58D023F05EED4B4B7AFBC17672D2EF72"
"2\3\23-medium_default.jpg","21313","8EB62F26A5496EE27048D8659621D756CB4792E1477CA6DCF9921F6B5E027296"
"2\3\23-product_main_2x.jpg","76048","F2BA51243B2C4FA1C72D7350986BF4A849F833455FF24A082D5635696C2FBC93"
"2\3\23-product_main.jpg","37954","307EEC968AD9136494E88D5F1D3C65841AC8AE944E8848F2785E820DA2979861"
"2\3\23-small_default.jpg","2632","4C4DA5B2972783B05AA67F580A6AE584DAE154B9F53E6BDEA5467100582B963A"
"2\3\23.jpg","60562","3B731296B1B2CCCD8D0A161E36CCAFB94E27ECC77DE0797EC4EE3593EE37F00C"
"3\3-cart_default.jpg","3783","8EBD56A0507455E1DA17402F599830473FB48232E4CBE42E3CE62B1599B18DB9"
"3\3-default_lg.jpg","13259","080857B02A8E5EA5D1556BC74ED07804886C50FC27EA27F561CAE676A645C548"
"3\3-default_md.jpg","10605","0191F7A76D02415F189A32DB89EF97CA83E3871F25C12CA35D54EBAF8DD9BD79"
"3\3-default_sm.jpg","8247","1A257BCB4E8F5AF67E54CD15F7AF21B5EDFC296D6419B162FFFE374E74B40D8B"
"3\3-default_xl.jpg","17644","FDF2073AA0F740E8EEFEA6C04F6627330299B57D39B0F192DC4D787AF6DB9632"
"3\3-default_xs.jpg","5205","08ABD55F1B65F4405B71B382B5DA25C7B7F9004855801E3F39AA444F2EABECD0"
"3\3-home_default.jpg","8986","B5FD52D1A574CF838A69C51F3698309905655375181EAA77880DE716618048E9"
"3\3-large_default.jpg","44314","FAC30C5C421A364E00DB1740685423A92E2FADE79D6AEE410B242748638C6580"
"3\3-medium_default.jpg","21432","E4120776FE9BC8AB016EACF6B2CC096E57C721E93F7FCFE86F2FB3CBC78405EC"
"3\3-product_main_2x.jpg","71700","45ED5A5A809238C123545D07D065CD0356041DF976DFEDBA82DBF5BC015F4CAB"
"3\3-product_main.jpg","35885","447E684405360DF0718F5CDA689FB7DD0C17EC478628BFB1B075E941FC23C3FB"
"3\3-small_default.jpg","2549","8FAAFC5E1F29743172EAFD6F6614D59F80D694FAADEFC2ABDDD82A6D33533DE3"
"3\3.jpg","54121","A8A773AE39DA696B83215E9DFEA411F4712B6B609F6B49D61E2CF19F6447BF0B"
"4\4-cart_default.jpg","3312","9CE6D70D885BE67793BF581BE93D7631F2746F38E12796144AC22FB2C4D57EA0"
"4\4-default_lg.jpg","13378","6C78974D880C44959EFFCEDB474AE53AEBDAEE1619E0EB5CDD13E7A18F886685"
"4\4-default_md.jpg","9610","DF22CC9B85B218FC1D5FE250B68C91DE30CA1693BA8482A7A529BD28B6D4285F"
"4\4-default_sm.jpg","7525","4E8BBE32AF5B63CC794DD4606B97544EA6506E5D20B9D875685C75B0F92F7480"
"4\4-default_xl.jpg","16550","DB0A1A064B1954298E2134DDBCBAC31BA44B5D104D2DB5C7F40115229C7092AD"
"4\4-default_xs.jpg","4732","BF7198FBBB70F275B99FD0AA60FAF9079800D2FA8AED53FDEAF98F977DB7CB35"
"4\4-home_default.jpg","8293","91273CFC597C6BA5E172C6597A64B45400A87E0F3C5E63BD75F22CD766F1171C"
"4\4-large_default.jpg","42407","A5CD3AC863DE895E81D3227CAFD4BA920CDECF7191560EC0BBD875EA3CAD02F9"
"4\4-medium_default.jpg","20168","7D897B13D73F614CF46D2F6CBD500A5533F4F189A15978F6619B895B24B85DF5"
"4\4-product_main_2x.jpg","72705","7BF26835066B7430242F72D7231104EC2715B860F4FAA5ECE7BAAC6C4F4C4283"
"4\4-product_main.jpg","35153","8AB369DA89BF6FD89D9B43EB41CDA3754E0E58BAD04B8EFED76F92082ECAB7FA"
"4\4-small_default.jpg","2361","2A921ED16D800FD747003B85D7362A62E8434630D7DE9D1D8AAEAD375B4D6F06"
"4\4.jpg","54349","DCF2F0049EBC12FCAD2CFEB1704060D71A48F221937EF0B95D377A91801AE4BB"
"5\5-cart_default.jpg","3288","659D112F7E1CDF1379EDBB2F05008CDD4547C3781ED118BADC81EC29C1D3889C"
"5\5-default_lg.jpg","12789","E88C41BFAF61017DFC287E9C61980D07A06A43B4E26E9D0BCE2EDC1595FB5D84"
"5\5-default_md.jpg","9137","C97E49E080038791D35F14A060E0AA5B7F2EEA1E4F7562C9D9D44327B4949A59"
"5\5-default_sm.jpg","7083","505A7E5A60DF54F1A1878FF23A850ADEE79F4AC9E398F3D3CDF023708717825F"
"5\5-default_xl.jpg","15896","91EA33B2051BD679179C3E2F101B920472A353DCD8161347DD5AE989ED8600BE"
"5\5-default_xs.jpg","4691","6E8064E8EB0402214B0B69AEFD4D7C16032113DBD7161C939666596B0877C797"
"5\5-home_default.jpg","8031","2E6E39C6692FB1B24BDE53AD915D09950822537A4A2895FE54CDAE2E8996DB75"
"5\5-large_default.jpg","39848","3E2E6E3DFDC7FD03E07DCC0AE4F584D218AF20F83ADF32604380C11B037CCF89"
"5\5-medium_default.jpg","19051","2D9C6A38C4510636AC3C57434BE60F83FB54BE522C5E3C1D413C6AD3DFE44A2B"
"5\5-product_main_2x.jpg","67282","E79F8A97E1B9CB490CE8336A7DE83281D021BD276BD9C7DD315B970677E957EE"
"5\5-product_main.jpg","33090","A00311819FCABF77ED8E1AEAEC3FFF704B0CAB32170FDE94996159F046D48C06"
"5\5-small_default.jpg","2352","5AA0053F89CB3147A70B5122CCD2BF0CF5025896FABB49E3FC9C289785F35E1A"
"5\5.jpg","50612","229CE1788B22C58BD379FEE2C7D08CB67AAE293AB62B5A9556366C9ADC5C9BA1"
"6\6-cart_default.jpg","2786","F86D5B120EC05571FE12A20822A9AC4AC25762EBBA8B09D74927089078603FD4"
"6\6-default_lg.jpg","10233","71C4B90A61645F154401015019CEC67A75BED882973FA44CEE1410AFE610FCFD"
"6\6-default_md.jpg","7313","B4109AD62B1BFFA56A92272E5A3499A450C057D3FA8ED04CD59D97F2885E7977"
"6\6-default_sm.jpg","5781","A830B9E79014B33D15BB15ECFCE1959C7CC39784FC4F0F616389DDDEFA1946FB"
"6\6-default_xl.jpg","13277","7303007462B7B4CA7A0E0AB5EBC0BCBBFB7415E2CDEBF8C3F3F7EED525580392"
"6\6-default_xs.jpg","3660","A8BE0CBA0C2C9FAAFDBB9226100518E253827A5DAAF3403AC8FAF947CB2FDF87"
"6\6-home_default.jpg","6609","FAD4A2408B7EDE5F3A3653E3C1EF080D6946562D8C9932C0E56D1CEBD3FFAF9A"
"6\6-large_default.jpg","33839","F8286E5BFC920F48438EEA7CC30BCF7438A8EEB1E6544A36319A5CC61F8C03E8"
"6\6-medium_default.jpg","16330","712E4C9E3523F7DE7064C3EFBCF1EC403690E85B9C9CF99BC3F5BE2062BFBB7F"
"6\6-product_main_2x.jpg","62821","E565A5E4155495EE89AC1CB9E495AAFA150D9F422F0D079F75F9B320E6EE8C51"
"6\6-product_main.jpg","29426","BCB905E776BB0EFE9B821A717EEB30CF0785630579D27552F08D594B020A8B94"
"6\6-small_default.jpg","1961","67461FAD5E8E5C2080E70D66C742041B5E2B9486832EEEC8D19658CF9CEF135C"
"6\6.jpg","49138","8A1F2145771C2D9026D6F6E3D24F2BC60F1E2619847A318E330781D2BB270C95"
"7\7-cart_default.jpg","2529","3574B3270250E2E8219AB5A45D070E3AF0E965B018B2930AD5500D573E320360"
"7\7-default_lg.jpg","10097","FB8A00D9A36BC1E8CF73F2C67DF85331D76F6775126DC57CC34C05F00565B416"
"7\7-default_md.jpg","6951","7D7BC3F6095B44F45AAB36DB2F042891FB68CEF59827083FF417939F6E41255B"
"7\7-default_sm.jpg","5482","B4F7DA13FC40D3C0BC24AF171AC62F5D230F08DF5E930CEB07C78DE525771C64"
"7\7-default_xl.jpg","12647","2578A1289856AD4810E89C827B590677E3F626B634B6855AEE8CCCB8BF95E8D1"
"7\7-default_xs.jpg","3634","CF373CDF04F8C9E69C02B11F530F5F8E0DC1B3D01EAE95660CB85B6F24734444"
"7\7-home_default.jpg","6394","1E34849F5DB6F0318DA5A03CBF6C3BEAEE3EBA4AC64E89479892A63F6EE61DF6"
"7\7-large_default.jpg","34145","5F26E8757C56A82CF1358D8E0C4CB679309CB4EFD75E644D923BA2F2DEE08FF9"
"7\7-medium_default.jpg","16647","ED5F6085DBDC01421C54C0E2F600BF2E117FEFAECBE2EF4AB6500AECBF6B163E"
"7\7-product_main_2x.jpg","64484","6550E5BB0B76E5F0718BA95BB703EF14D4BA1B8AB9F034A1DD17CDEA013A2FC9"
"7\7-product_main.jpg","30006","3E795A600DF13BBCC03A8254A9D0A348A6B0C9F4454377DC0732FF35C1B4E834"
"7\7-small_default.jpg","1852","58838578599F3FFCDE6F8115A66A06C52045CD3B9028D15F5CC0948B8552625E"
"7\7.jpg","50407","F24226FCF10D0315E8D8664CC8986F5ECCD481B55C46E192E3479E243992335C"
"8\8-cart_default.jpg","2502","A23EF397ABB08BF91CB56F18D6EB170D6337A3E57DBA4E448228D128BAC3BBF3"
"8\8-default_lg.jpg","9460","28D865AE2070788CBDA792B52AACAB49806643E5A9E434BBCB4681356FC48F17"
"8\8-default_md.jpg","6692","A0A400DBAAD3697C36F2FD66B30090DEA5CC62C2CD699908B5F87B643E73EAEE"
"8\8-default_sm.jpg","5217","70428959F29A3BAF9F5FCFDED0D3924BF5C61D453155F13417E1BD28397228D1"
"8\8-default_xl.jpg","12086","C2E6822ADF8388038BAE1A39BC1645C5608DFC640D07DEBAA558B9C5292285F4"
"8\8-default_xs.jpg","3435","A839A84BD01D9F0F4B32937A20ECF340BE920437FCE688DBE2022FA62FDC26D6"
"8\8-home_default.jpg","5994","3D2C142334A7F6D278E80B0F683C3B3BBD54B158CAED3D6BF2E7C1E3B52E4EEF"
"8\8-large_default.jpg","31047","FB15CDA20969397D936525C53BF3DD7D4BE8EBFAC476B3D519074768D39A48A8"
"8\8-medium_default.jpg","14783","391840EF8D46592E41836B05602B9F75B98A633DE0168BE20551307FB8FBB75F"
"8\8-product_main_2x.jpg","60239","989AB4954CC7ABD3D3291B24870F7E6C1150201EAA1695E71FA35464A7EF0041"
"8\8-product_main.jpg","27582","C95282404C142380F70AB20144392A7949903F9BDD180C29D13FADAD4F04D60F"
"8\8-small_default.jpg","1832","C76FB72779B4992E6D9197D601569DCE6AE8097826995687414244F6C3963520"
"8\8.jpg","46294","7E632F57E4FB376E6B6EA1C30E7D9875808A425626AB3FD658D071CE91270383"
"9\9-cart_default.jpg","3528","704F9F73BB7EF3A5924E44430B62AA12E9FA4E88C2F41ECA0940A112E157BC0C"
"9\9-default_lg.jpg","12255","CAFE15AD8FE2008294B6A33CDF5213E9424C49C5984656F0F53541618EC81D23"
"9\9-default_md.jpg","9017","9FB6B294869469ADBF7A1BBBB522CFD30930D7B7B8DCBA59456D1B8AC616BD2B"
"9\9-default_sm.jpg","6943","79CBE9286F760A08962C985F3B3BF7F0862D8C0292FC95C2BCD7564EE1455561"
"9\9-default_xl.jpg","15801","F44BDC13CDF2C4BCCAECD9EBCD0D046812542ACF7146AE22BF2E0A235FA6D906"
"9\9-default_xs.jpg","4805","277E1067ABD144FB63F7AD51C24AC1C9B6F50EE3C9A210A63B3ABD9A5477078B"
"9\9-home_default.jpg","8228","C701C891222C5E1391CA309AB656A2F931D1439AB8EF8629758AE31A67E9C954"
"9\9-large_default.jpg","40982","E616849FC4DAB90931C6D91D4679CECC172657748A48B6EA8FA8101052B19FC5"
"9\9-medium_default.jpg","20424","745768D8555B538DF71BAD7CE0E4C04137C82DB61A591BA5A49FBBDBDC1ED6E6"
"9\9-product_main_2x.jpg","78517","125D3BF12F5B18886D3AD13C0F37CDE09E004B959A34A29150C74E7ACD027B31"
"9\9-product_main.jpg","36616","8BAD63D8108FE70A4DC2E88D645A13DCE39D585135221A4D90EA643AF6363729"
"9\9-small_default.jpg","2685","BD1D60BB8C9BB61D072BBF8F1BAADC5DEA2562A265C7003A6F47780E1C68FD90"
"9\9.jpg","64585","7D7E736982775B733722DDA199475E925F9D7913D1EF2A12FA97494D7EB29E00"
"ar-default-cart_default.jpg","2992","F4045E984B0078540809F9A1A48930DE77B503B695B6034B1A0A0269AFF38EDF"
"ar-default-default_lg.jpg","7256","EFDE049082F715BB29D9AF2CD2AFA39E28974A6B3F109CF3ACAE458F9B3F59ED"
"ar-default-default_md.jpg","6887","A72E86B22866D67C6E85B7F22F34AD6404ABD0178C23366EBDF3D26C6690BB7C"
"ar-default-default_sm.jpg","5493","377964F0B6483EECFC0759755D6E678FA372F53836883A9A6A3AC7462D7FB97A"
"ar-default-default_xl.jpg","7531","651217DDB63E7390659312C82757F51B32359E3FEF3BC9AFBBFC9287DE2014DA"
"ar-default-default_xs.jpg","3764","DD6296A9BB5818BA2AB932DB21C7D566A16D9A645E9D0DC6E0008B2A53E98D4B"
"ar-default-home_default.jpg","6604","1E7CCCD78A716EBB6A6ECA9E07ABFA86F0D36A55FC7B8F726C91B27572DB6323"
"ar-default-large_default.jpg","10343","EE2D5EB60D804742326A7E8F7C31E8E9D73B294ABA59180A3A61110A4CF583C3"
"ar-default-medium_default.jpg","7714","E2B47382A006FEF88A38875A9EA5EE24199636A3CE32613512DEFB12E721A247"
"ar-default-product_main_2x.jpg","18751","6DAD76A0E09E988ADD39CA7C5F11B809B8807CA609C076EBD9C8FDA18CB51CB1"
"ar-default-product_main.jpg","9636","B2816B31B1CF7F7F824FC131AA59CE5057B3B4DB1517AB4D57C3D72886798193"
"ar-default-small_default.jpg","2224","9E76E99A1A41197F7FE5B5F6799A92B1C22A22F13140A7691A0B1D7F5654BDD0"
"ar.jpg","6249","7FBFD76C7CBAE532B968FB94A503F597550EAB4139EC01C15DA092CD9BB590AD"
"bg-default-cart_default.jpg","2992","F4045E984B0078540809F9A1A48930DE77B503B695B6034B1A0A0269AFF38EDF"
"bg-default-default_lg.jpg","7256","EFDE049082F715BB29D9AF2CD2AFA39E28974A6B3F109CF3ACAE458F9B3F59ED"
"bg-default-default_md.jpg","6887","A72E86B22866D67C6E85B7F22F34AD6404ABD0178C23366EBDF3D26C6690BB7C"
"bg-default-default_sm.jpg","5493","377964F0B6483EECFC0759755D6E678FA372F53836883A9A6A3AC7462D7FB97A"
"bg-default-default_xl.jpg","7531","651217DDB63E7390659312C82757F51B32359E3FEF3BC9AFBBFC9287DE2014DA"
"bg-default-default_xs.jpg","3764","DD6296A9BB5818BA2AB932DB21C7D566A16D9A645E9D0DC6E0008B2A53E98D4B"
"bg-default-home_default.jpg","6604","1E7CCCD78A716EBB6A6ECA9E07ABFA86F0D36A55FC7B8F726C91B27572DB6323"
"bg-default-large_default.jpg","10343","EE2D5EB60D804742326A7E8F7C31E8E9D73B294ABA59180A3A61110A4CF583C3"
"bg-default-medium_default.jpg","7714","E2B47382A006FEF88A38875A9EA5EE24199636A3CE32613512DEFB12E721A247"
"bg-default-product_main_2x.jpg","18751","6DAD76A0E09E988ADD39CA7C5F11B809B8807CA609C076EBD9C8FDA18CB51CB1"
"bg-default-product_main.jpg","9636","B2816B31B1CF7F7F824FC131AA59CE5057B3B4DB1517AB4D57C3D72886798193"
"bg-default-small_default.jpg","2224","9E76E99A1A41197F7FE5B5F6799A92B1C22A22F13140A7691A0B1D7F5654BDD0"
"bg.jpg","6249","7FBFD76C7CBAE532B968FB94A503F597550EAB4139EC01C15DA092CD9BB590AD"
"bn-default-cart_default.jpg","2992","F4045E984B0078540809F9A1A48930DE77B503B695B6034B1A0A0269AFF38EDF"
"bn-default-default_lg.jpg","7256","EFDE049082F715BB29D9AF2CD2AFA39E28974A6B3F109CF3ACAE458F9B3F59ED"
"bn-default-default_md.jpg","6887","A72E86B22866D67C6E85B7F22F34AD6404ABD0178C23366EBDF3D26C6690BB7C"
"bn-default-default_sm.jpg","5493","377964F0B6483EECFC0759755D6E678FA372F53836883A9A6A3AC7462D7FB97A"
"bn-default-default_xl.jpg","7531","651217DDB63E7390659312C82757F51B32359E3FEF3BC9AFBBFC9287DE2014DA"
"bn-default-default_xs.jpg","3764","DD6296A9BB5818BA2AB932DB21C7D566A16D9A645E9D0DC6E0008B2A53E98D4B"
"bn-default-home_default.jpg","6604","1E7CCCD78A716EBB6A6ECA9E07ABFA86F0D36A55FC7B8F726C91B27572DB6323"
"bn-default-large_default.jpg","10343","EE2D5EB60D804742326A7E8F7C31E8E9D73B294ABA59180A3A61110A4CF583C3"
"bn-default-medium_default.jpg","7714","E2B47382A006FEF88A38875A9EA5EE24199636A3CE32613512DEFB12E721A247"
"bn-default-product_main_2x.jpg","18751","6DAD76A0E09E988ADD39CA7C5F11B809B8807CA609C076EBD9C8FDA18CB51CB1"
"bn-default-product_main.jpg","9636","B2816B31B1CF7F7F824FC131AA59CE5057B3B4DB1517AB4D57C3D72886798193"
"bn-default-small_default.jpg","2224","9E76E99A1A41197F7FE5B5F6799A92B1C22A22F13140A7691A0B1D7F5654BDD0"
"bn.jpg","6249","7FBFD76C7CBAE532B968FB94A503F597550EAB4139EC01C15DA092CD9BB590AD"
"br-default-cart_default.jpg","2992","F4045E984B0078540809F9A1A48930DE77B503B695B6034B1A0A0269AFF38EDF"
"br-default-default_lg.jpg","7256","EFDE049082F715BB29D9AF2CD2AFA39E28974A6B3F109CF3ACAE458F9B3F59ED"
"br-default-default_md.jpg","6887","A72E86B22866D67C6E85B7F22F34AD6404ABD0178C23366EBDF3D26C6690BB7C"
"br-default-default_sm.jpg","5493","377964F0B6483EECFC0759755D6E678FA372F53836883A9A6A3AC7462D7FB97A"
"br-default-default_xl.jpg","7531","651217DDB63E7390659312C82757F51B32359E3FEF3BC9AFBBFC9287DE2014DA"
"br-default-default_xs.jpg","3764","DD6296A9BB5818BA2AB932DB21C7D566A16D9A645E9D0DC6E0008B2A53E98D4B"
"br-default-home_default.jpg","6604","1E7CCCD78A716EBB6A6ECA9E07ABFA86F0D36A55FC7B8F726C91B27572DB6323"
"br-default-large_default.jpg","10343","EE2D5EB60D804742326A7E8F7C31E8E9D73B294ABA59180A3A61110A4CF583C3"
"br-default-medium_default.jpg","7714","E2B47382A006FEF88A38875A9EA5EE24199636A3CE32613512DEFB12E721A247"
"br-default-product_main_2x.jpg","18751","6DAD76A0E09E988ADD39CA7C5F11B809B8807CA609C076EBD9C8FDA18CB51CB1"
"br-default-product_main.jpg","9636","B2816B31B1CF7F7F824FC131AA59CE5057B3B4DB1517AB4D57C3D72886798193"
"br-default-small_default.jpg","2224","9E76E99A1A41197F7FE5B5F6799A92B1C22A22F13140A7691A0B1D7F5654BDD0"
"br.jpg","6249","7FBFD76C7CBAE532B968FB94A503F597550EAB4139EC01C15DA092CD9BB590AD"
"bs-default-cart_default.jpg","2992","F4045E984B0078540809F9A1A48930DE77B503B695B6034B1A0A0269AFF38EDF"
"bs-default-default_lg.jpg","7256","EFDE049082F715BB29D9AF2CD2AFA39E28974A6B3F109CF3ACAE458F9B3F59ED"
"bs-default-default_md.jpg","6887","A72E86B22866D67C6E85B7F22F34AD6404ABD0178C23366EBDF3D26C6690BB7C"
"bs-default-default_sm.jpg","5493","377964F0B6483EECFC0759755D6E678FA372F53836883A9A6A3AC7462D7FB97A"
"bs-default-default_xl.jpg","7531","651217DDB63E7390659312C82757F51B32359E3FEF3BC9AFBBFC9287DE2014DA"
"bs-default-default_xs.jpg","3764","DD6296A9BB5818BA2AB932DB21C7D566A16D9A645E9D0DC6E0008B2A53E98D4B"
"bs-default-home_default.jpg","6604","1E7CCCD78A716EBB6A6ECA9E07ABFA86F0D36A55FC7B8F726C91B27572DB6323"
"bs-default-large_default.jpg","10343","EE2D5EB60D804742326A7E8F7C31E8E9D73B294ABA59180A3A61110A4CF583C3"
"bs-default-medium_default.jpg","7714","E2B47382A006FEF88A38875A9EA5EE24199636A3CE32613512DEFB12E721A247"
"bs-default-product_main_2x.jpg","18751","6DAD76A0E09E988ADD39CA7C5F11B809B8807CA609C076EBD9C8FDA18CB51CB1"
"bs-default-product_main.jpg","9636","B2816B31B1CF7F7F824FC131AA59CE5057B3B4DB1517AB4D57C3D72886798193"
"bs-default-small_default.jpg","2224","9E76E99A1A41197F7FE5B5F6799A92B1C22A22F13140A7691A0B1D7F5654BDD0"
"bs.jpg","6253","5B29AD996D2B474D01260D20F308B27A29DF6522F5FF9769AC4E858B6681BFAC"
"cs-default-cart_default.jpg","2992","F4045E984B0078540809F9A1A48930DE77B503B695B6034B1A0A0269AFF38EDF"
"cs-default-default_lg.jpg","7256","EFDE049082F715BB29D9AF2CD2AFA39E28974A6B3F109CF3ACAE458F9B3F59ED"
"cs-default-default_md.jpg","6887","A72E86B22866D67C6E85B7F22F34AD6404ABD0178C23366EBDF3D26C6690BB7C"
"cs-default-default_sm.jpg","5493","377964F0B6483EECFC0759755D6E678FA372F53836883A9A6A3AC7462D7FB97A"
"cs-default-default_xl.jpg","7531","651217DDB63E7390659312C82757F51B32359E3FEF3BC9AFBBFC9287DE2014DA"
"cs-default-default_xs.jpg","3764","DD6296A9BB5818BA2AB932DB21C7D566A16D9A645E9D0DC6E0008B2A53E98D4B"
"cs-default-home_default.jpg","6604","1E7CCCD78A716EBB6A6ECA9E07ABFA86F0D36A55FC7B8F726C91B27572DB6323"
"cs-default-large_default.jpg","10343","EE2D5EB60D804742326A7E8F7C31E8E9D73B294ABA59180A3A61110A4CF583C3"
"cs-default-medium_default.jpg","7714","E2B47382A006FEF88A38875A9EA5EE24199636A3CE32613512DEFB12E721A247"
"cs-default-product_main_2x.jpg","18751","6DAD76A0E09E988ADD39CA7C5F11B809B8807CA609C076EBD9C8FDA18CB51CB1"
"cs-default-product_main.jpg","9636","B2816B31B1CF7F7F824FC131AA59CE5057B3B4DB1517AB4D57C3D72886798193"
"cs-default-small_default.jpg","2224","9E76E99A1A41197F7FE5B5F6799A92B1C22A22F13140A7691A0B1D7F5654BDD0"
"cs.jpg","6249","7FBFD76C7CBAE532B968FB94A503F597550EAB4139EC01C15DA092CD9BB590AD"
"da-default-cart_default.jpg","2992","F4045E984B0078540809F9A1A48930DE77B503B695B6034B1A0A0269AFF38EDF"
"da-default-default_lg.jpg","7256","EFDE049082F715BB29D9AF2CD2AFA39E28974A6B3F109CF3ACAE458F9B3F59ED"
"da-default-default_md.jpg","6887","A72E86B22866D67C6E85B7F22F34AD6404ABD0178C23366EBDF3D26C6690BB7C"
"da-default-default_sm.jpg","5493","377964F0B6483EECFC0759755D6E678FA372F53836883A9A6A3AC7462D7FB97A"
"da-default-default_xl.jpg","7531","651217DDB63E7390659312C82757F51B32359E3FEF3BC9AFBBFC9287DE2014DA"
"da-default-default_xs.jpg","3764","DD6296A9BB5818BA2AB932DB21C7D566A16D9A645E9D0DC6E0008B2A53E98D4B"
"da-default-home_default.jpg","6604","1E7CCCD78A716EBB6A6ECA9E07ABFA86F0D36A55FC7B8F726C91B27572DB6323"
"da-default-large_default.jpg","10343","EE2D5EB60D804742326A7E8F7C31E8E9D73B294ABA59180A3A61110A4CF583C3"
"da-default-medium_default.jpg","7714","E2B47382A006FEF88A38875A9EA5EE24199636A3CE32613512DEFB12E721A247"
"da-default-product_main_2x.jpg","18751","6DAD76A0E09E988ADD39CA7C5F11B809B8807CA609C076EBD9C8FDA18CB51CB1"
"da-default-product_main.jpg","9636","B2816B31B1CF7F7F824FC131AA59CE5057B3B4DB1517AB4D57C3D72886798193"
"da-default-small_default.jpg","2224","9E76E99A1A41197F7FE5B5F6799A92B1C22A22F13140A7691A0B1D7F5654BDD0"
"da.jpg","6249","7FBFD76C7CBAE532B968FB94A503F597550EAB4139EC01C15DA092CD9BB590AD"
"de-default-cart_default.jpg","3021","2C9B4B02DB71C49A50085BCA1A6C4F522E0688477EC3C9F99EAD5731C8327A81"
"de-default-default_lg.jpg","7251","0BE11E8D44C8F8ADDF04806C61C4733A9AF2F7DC88EF38BCA6EF8F7B4DBE95E5"
"de-default-default_md.jpg","7239","6A91E746F5EF56AF5E5769EE75BF8CAAA4323BFACA6933B563411B12EA66BA40"
"de-default-default_sm.jpg","5070","D6995EC910514BF225DC4E8300486F779F3984A3F354D628E290B6E9D3DD35DD"
"de-default-default_xl.jpg","7515","0DFF91917FEDDBFBECF1EE397975C9CAE77601CAE6CBA6EF8456AD611A0895D9"
"de-default-default_xs.jpg","3671","A3A3E8857FFE61BD3FF919CA5FA0E8D4C4CDDBCA2DAD1BD9515FD712EA0F32B2"
"de-default-home_default.jpg","6615","7F03E365DE6A5159E771E4E9D7F6F119EBF9AD7CD8441D38751FB0E05911620C"
"de-default-large_default.jpg","10347","9D341BA554F6387F6876E1B840B771773053E01480811AC3933B0ADC5F9D67ED"
"de-default-medium_default.jpg","8070","CF1E508C929152DD2FBC7DCA494688AC5BAFF76CA611D09AE1A7689DB728D70B"
"de-default-product_main_2x.jpg","18746","661E8FFBCDB265DDCCB22A66A08034E8073C23B59DBAD37C76F83466E2154DD3"
"de-default-product_main.jpg","9627","16570FF00364EFF3A90C0B0F2B50B5EB2A3BC11005D9D7CF9C4EAAF152DA0647"
"de-default-small_default.jpg","2462","17F7372CFAB893ADA876026F839FA005F491F623B2AFA2447CAE472782B74710"
"de.jpg","7650","171AF18C14B57AA5064DDB07C36B97A3AFF6877570C72EA9072FACC43D0C76AE"
"el-default-cart_default.jpg","2992","F4045E984B0078540809F9A1A48930DE77B503B695B6034B1A0A0269AFF38EDF"
"el-default-default_lg.jpg","7256","EFDE049082F715BB29D9AF2CD2AFA39E28974A6B3F109CF3ACAE458F9B3F59ED"
"el-default-default_md.jpg","6887","A72E86B22866D67C6E85B7F22F34AD6404ABD0178C23366EBDF3D26C6690BB7C"
"el-default-default_sm.jpg","5493","377964F0B6483EECFC0759755D6E678FA372F53836883A9A6A3AC7462D7FB97A"
"el-default-default_xl.jpg","7531","651217DDB63E7390659312C82757F51B32359E3FEF3BC9AFBBFC9287DE2014DA"
"el-default-default_xs.jpg","3764","DD6296A9BB5818BA2AB932DB21C7D566A16D9A645E9D0DC6E0008B2A53E98D4B"
"el-default-home_default.jpg","6604","1E7CCCD78A716EBB6A6ECA9E07ABFA86F0D36A55FC7B8F726C91B27572DB6323"
"el-default-large_default.jpg","10343","EE2D5EB60D804742326A7E8F7C31E8E9D73B294ABA59180A3A61110A4CF583C3"
"el-default-medium_default.jpg","7714","E2B47382A006FEF88A38875A9EA5EE24199636A3CE32613512DEFB12E721A247"
"el-default-product_main_2x.jpg","18751","6DAD76A0E09E988ADD39CA7C5F11B809B8807CA609C076EBD9C8FDA18CB51CB1"
"el-default-product_main.jpg","9636","B2816B31B1CF7F7F824FC131AA59CE5057B3B4DB1517AB4D57C3D72886798193"
"el-default-small_default.jpg","2224","9E76E99A1A41197F7FE5B5F6799A92B1C22A22F13140A7691A0B1D7F5654BDD0"
"el.jpg","6249","7FBFD76C7CBAE532B968FB94A503F597550EAB4139EC01C15DA092CD9BB590AD"
"en-default-cart_default.jpg","2992","F4045E984B0078540809F9A1A48930DE77B503B695B6034B1A0A0269AFF38EDF"
"en-default-default_lg.jpg","7256","EFDE049082F715BB29D9AF2CD2AFA39E28974A6B3F109CF3ACAE458F9B3F59ED"
"en-default-default_md.jpg","6887","A72E86B22866D67C6E85B7F22F34AD6404ABD0178C23366EBDF3D26C6690BB7C"
"en-default-default_sm.jpg","5493","377964F0B6483EECFC0759755D6E678FA372F53836883A9A6A3AC7462D7FB97A"
"en-default-default_xl.jpg","7531","651217DDB63E7390659312C82757F51B32359E3FEF3BC9AFBBFC9287DE2014DA"
"en-default-default_xs.jpg","3764","DD6296A9BB5818BA2AB932DB21C7D566A16D9A645E9D0DC6E0008B2A53E98D4B"
"en-default-home_default.jpg","6604","1E7CCCD78A716EBB6A6ECA9E07ABFA86F0D36A55FC7B8F726C91B27572DB6323"
"en-default-large_default.jpg","10343","EE2D5EB60D804742326A7E8F7C31E8E9D73B294ABA59180A3A61110A4CF583C3"
"en-default-medium_default.jpg","7714","E2B47382A006FEF88A38875A9EA5EE24199636A3CE32613512DEFB12E721A247"
"en-default-product_main_2x.jpg","18751","6DAD76A0E09E988ADD39CA7C5F11B809B8807CA609C076EBD9C8FDA18CB51CB1"
"en-default-product_main.jpg","9636","B2816B31B1CF7F7F824FC131AA59CE5057B3B4DB1517AB4D57C3D72886798193"
"en-default-small_default.jpg","2224","9E76E99A1A41197F7FE5B5F6799A92B1C22A22F13140A7691A0B1D7F5654BDD0"
"en.jpg","6249","7FBFD76C7CBAE532B968FB94A503F597550EAB4139EC01C15DA092CD9BB590AD"
"es-default-cart_default.jpg","3164","6D31647479DA04F1EEDD6EF2A4427F9F66E0BE399E82880149D09BAF1C99CE31"
"es-default-default_lg.jpg","7584","856BF00E00FE19B3EE5ACF174254F341883281CD99209D20B1CF0F57C99C2D0F"
"es-default-default_md.jpg","7542","8AD299D6AFCA68406CB34DBC6C9BD8586596D586B4617F45B6F3F06DB1B911D0"
"es-default-default_sm.jpg","5437","D1E7B49552E0C547F299F2A340C78D165F0FD9ED1896BC18BD2A3792123C36C2"
"es-default-default_xl.jpg","7856","72C50CC851CFCC7F04426B6040C0ACD7852A88E3B520DC2EA39948473530A8A8"
"es-default-default_xs.jpg","3702","8E3C1E9A97772540E6EA9E5FEABC093ECF06AA4A8296EFF4A5BA9A3919CF174F"
"es-default-home_default.jpg","6887","3AC4914400D7007D901828EE62436A34BCBEDA354C85FF0C4D73338BAA9D5E2C"
"es-default-large_default.jpg","10701","8CBFF2E0A5CC90D91BB04A144C4009A0CE63AA7F4D353B80177CD9F0C4F4134F"
"es-default-medium_default.jpg","8377","F2CE36F89ABA38EFC1DDF6D631481BED3703560A45AC1A381C0AE54E41F18FFA"
"es-default-product_main_2x.jpg","19099","16FA1A33B8E19274AE68F2FBFAFFFBE1F13CBAB5314DF09B9348271BA53208F1"
"es-default-product_main.jpg","9965","C44CEF7A9B83A7F9D9392BE8DEE31D0DF6F61B880D45D868C74DBD2AF2B6EDE7"
"es-default-small_default.jpg","2327","A4F0ACEBF0FCB654A90425CAF2F6ABED4ECA472881732D70882C637CFAADB444"
"es.jpg","6487","60E43F02636CAA0374127106918104C9C2B6F74E30D9A68F8D1526B954E6AE20"
"et-default-cart_default.jpg","2992","F4045E984B0078540809F9A1A48930DE77B503B695B6034B1A0A0269AFF38EDF"
"et-default-default_lg.jpg","7256","EFDE049082F715BB29D9AF2CD2AFA39E28974A6B3F109CF3ACAE458F9B3F59ED"
"et-default-default_md.jpg","6887","A72E86B22866D67C6E85B7F22F34AD6404ABD0178C23366EBDF3D26C6690BB7C"
"et-default-default_sm.jpg","5493","377964F0B6483EECFC0759755D6E678FA372F53836883A9A6A3AC7462D7FB97A"
"et-default-default_xl.jpg","7531","651217DDB63E7390659312C82757F51B32359E3FEF3BC9AFBBFC9287DE2014DA"
"et-default-default_xs.jpg","3764","DD6296A9BB5818BA2AB932DB21C7D566A16D9A645E9D0DC6E0008B2A53E98D4B"
"et-default-home_default.jpg","6604","1E7CCCD78A716EBB6A6ECA9E07ABFA86F0D36A55FC7B8F726C91B27572DB6323"
"et-default-large_default.jpg","10343","EE2D5EB60D804742326A7E8F7C31E8E9D73B294ABA59180A3A61110A4CF583C3"
"et-default-medium_default.jpg","7714","E2B47382A006FEF88A38875A9EA5EE24199636A3CE32613512DEFB12E721A247"
"et-default-product_main_2x.jpg","18751","6DAD76A0E09E988ADD39CA7C5F11B809B8807CA609C076EBD9C8FDA18CB51CB1"
"et-default-product_main.jpg","9636","B2816B31B1CF7F7F824FC131AA59CE5057B3B4DB1517AB4D57C3D72886798193"
"et-default-small_default.jpg","2224","9E76E99A1A41197F7FE5B5F6799A92B1C22A22F13140A7691A0B1D7F5654BDD0"
"et.jpg","6249","7FBFD76C7CBAE532B968FB94A503F597550EAB4139EC01C15DA092CD9BB590AD"
"fa-default-cart_default.jpg","2471","51E9C2836A4822BEC1E4F9F1469C20BA2853754ACDDB9ED9D93ACBBB9CC6AA35"
"fa-default-default_lg.jpg","5979","3A2F2B87E1E12382440DDB2AD0C1C8E1E8D085997AFBEDAFF3D6CD992F1A17EE"
"fa-default-default_md.jpg","5637","96EA51A1730ED0400E292D4FBDF352BACF83CDDC989E6F4B2752BC0B8E4D4B43"
"fa-default-default_sm.jpg","4361","6380601C015956EA9BC70C9AB1F785D546AFA1885F1A8E6C8CFB7BFA953851D2"
"fa-default-default_xl.jpg","6250","6634DF054093BE33483FE636F306A60F0AF1E075E205C23775A2148EC96BA749"
"fa-default-default_xs.jpg","3016","1FBA5F22E9DBE578F862E3EC84F4C420E0E0CD67AEA5DFE9237AAE4B65500BED"
"fa-default-home_default.jpg","4497","70CF8E4FAF2367C1D53411D49981E205E27176BA82A9FBBF251A8FFC3B2AD02E"
"fa-default-large_default.jpg","9062","1BA0834B9EE17EBE68FE72348C7F18878608EEBC9E3EAF4E5ED39C5E06A1D3D9"
"fa-default-medium_default.jpg","6468","44DDE39E0E4A681779D0628B572D06D3486331DE2D1715D146A59D02F6443F92"
"fa-default-product_main_2x.jpg","17465","065231324F715A8D125400D3AE5C5A2D7E0B6780A489695EB64EB8F67377F674"
"fa-default-product_main.jpg","8352","AD00A711DE6C660AEBDE2E9946862C7A8F843C974A5FD3E4906B88E34A86071F"
"fa-default-small_default.jpg","1933","3F146FD1F1BE64D3797D08016EA3579960FA675E467DDD188E32D3AB6660A133"
"fa.jpg","4062","FF1FEA030A404B0E5B6DD0EA8B126DD3CF36E0C8F9416ED9675FE3EEA7A019FC"
"fi-default-cart_default.jpg","2992","F4045E984B0078540809F9A1A48930DE77B503B695B6034B1A0A0269AFF38EDF"
"fi-default-default_lg.jpg","7256","EFDE049082F715BB29D9AF2CD2AFA39E28974A6B3F109CF3ACAE458F9B3F59ED"
"fi-default-default_md.jpg","6887","A72E86B22866D67C6E85B7F22F34AD6404ABD0178C23366EBDF3D26C6690BB7C"
"fi-default-default_sm.jpg","5493","377964F0B6483EECFC0759755D6E678FA372F53836883A9A6A3AC7462D7FB97A"
"fi-default-default_xl.jpg","7531","651217DDB63E7390659312C82757F51B32359E3FEF3BC9AFBBFC9287DE2014DA"
"fi-default-default_xs.jpg","3764","DD6296A9BB5818BA2AB932DB21C7D566A16D9A645E9D0DC6E0008B2A53E98D4B"
"fi-default-home_default.jpg","6604","1E7CCCD78A716EBB6A6ECA9E07ABFA86F0D36A55FC7B8F726C91B27572DB6323"
"fi-default-large_default.jpg","10343","EE2D5EB60D804742326A7E8F7C31E8E9D73B294ABA59180A3A61110A4CF583C3"
"fi-default-medium_default.jpg","7714","E2B47382A006FEF88A38875A9EA5EE24199636A3CE32613512DEFB12E721A247"
"fi-default-product_main_2x.jpg","18751","6DAD76A0E09E988ADD39CA7C5F11B809B8807CA609C076EBD9C8FDA18CB51CB1"
"fi-default-product_main.jpg","9636","B2816B31B1CF7F7F824FC131AA59CE5057B3B4DB1517AB4D57C3D72886798193"
"fi-default-small_default.jpg","2224","9E76E99A1A41197F7FE5B5F6799A92B1C22A22F13140A7691A0B1D7F5654BDD0"
"fi.jpg","6249","7FBFD76C7CBAE532B968FB94A503F597550EAB4139EC01C15DA092CD9BB590AD"
"fr-default-cart_default.jpg","3526","B44262BE1A04961DF7FADAAE2838E1A1DB631DFE08694E3A394254935C3063AF"
"fr-default-default_lg.jpg","8879","6DB48EA055B4BBAECA4844B604CDA5B302E2D92E2871BAF252C4320E435AE0BA"
"fr-default-default_md.jpg","8716","20FD006A4081094A6CF90084123BAE25F160994635545E62E7E01996C43C3D75"
"fr-default-default_sm.jpg","6612","417234603387817C65DE598BA482B4BC9C1BF56E3FB243FFB80C251C0888BA05"
"fr-default-default_xl.jpg","9149","4635323003413AADAF40D0E887062BD6D8B16ADCA89301255127F78F210069F8"
"fr-default-default_xs.jpg","4586","C29A5646076A95E24D484ABC298F942E633FABEF0FA157195DE6B19113E1223C"
"fr-default-home_default.jpg","8184","C6EB3F21E684B1B1A00D3316046052BFA88FEB3A86BD275880E65C539859544C"
"fr-default-large_default.jpg","11966","86E53EA595AC540D600C96D64E909C5472C3E54BDF309C0BD72491B0026ED54F"
"fr-default-medium_default.jpg","9562","3AB39852AA6B806DF43C0270E48DB1A7B42B95B32018F2DB316ACAFE80A074A7"
"fr-default-product_main_2x.jpg","20372","670B375172AB73531FBA8762D62905339A98841280C30ADC611539D334AF6974"
"fr-default-product_main.jpg","11270","C725F7166A6270372278F97070B00F7730FBC888204305A48A1876E3F669461D"
"fr-default-small_default.jpg","2823","3BAEE4F851DF066D58B0135882F96C010ECBEF2421FB3B707028D2AA498B34CC"
"fr.jpg","7862","5F7E459CF6694004E36FFC0E8A2714C144717D4CFD49BF6FE6C7021ABC4FC1C4"
"gl-default-cart_default.jpg","3164","6D31647479DA04F1EEDD6EF2A4427F9F66E0BE399E82880149D09BAF1C99CE31"
"gl-default-default_lg.jpg","7584","856BF00E00FE19B3EE5ACF174254F341883281CD99209D20B1CF0F57C99C2D0F"
"gl-default-default_md.jpg","7542","8AD299D6AFCA68406CB34DBC6C9BD8586596D586B4617F45B6F3F06DB1B911D0"
"gl-default-default_sm.jpg","5437","D1E7B49552E0C547F299F2A340C78D165F0FD9ED1896BC18BD2A3792123C36C2"
"gl-default-default_xl.jpg","7856","72C50CC851CFCC7F04426B6040C0ACD7852A88E3B520DC2EA39948473530A8A8"
"gl-default-default_xs.jpg","3702","8E3C1E9A97772540E6EA9E5FEABC093ECF06AA4A8296EFF4A5BA9A3919CF174F"
"gl-default-home_default.jpg","6887","3AC4914400D7007D901828EE62436A34BCBEDA354C85FF0C4D73338BAA9D5E2C"
"gl-default-large_default.jpg","10701","8CBFF2E0A5CC90D91BB04A144C4009A0CE63AA7F4D353B80177CD9F0C4F4134F"
"gl-default-medium_default.jpg","8377","F2CE36F89ABA38EFC1DDF6D631481BED3703560A45AC1A381C0AE54E41F18FFA"
"gl-default-product_main_2x.jpg","19099","16FA1A33B8E19274AE68F2FBFAFFFBE1F13CBAB5314DF09B9348271BA53208F1"
"gl-default-product_main.jpg","9965","C44CEF7A9B83A7F9D9392BE8DEE31D0DF6F61B880D45D868C74DBD2AF2B6EDE7"
"gl-default-small_default.jpg","2327","A4F0ACEBF0FCB654A90425CAF2F6ABED4ECA472881732D70882C637CFAADB444"
"gl.jpg","6487","60E43F02636CAA0374127106918104C9C2B6F74E30D9A68F8D1526B954E6AE20"
"he-default-cart_default.jpg","2430","A5FFA5D9B4C5E9BEA127012634B552345A77A9430059696DF5C8E58DFBECABA3"
"he-default-default_lg.jpg","5426","B6AD956C834B4A8E75061F2A7DF53DA47711DCD1C0F331EDF3C21D48195D32DC"
"he-default-default_md.jpg","5354","F49BFE65D28C438E9FE8B34BD887151DEE3E91381204FC0367D5CD0551477F67"
"he-default-default_sm.jpg","4314","680832363AC3DE69E1776FD6DDE0C9BBF67ED318F715F79560BA9A81239EE17B"
"he-default-default_xl.jpg","5704","67D3917CF3A33A9A482126A80E34F1B88B008F9634D5321CDD52E5C063030036"
"he-default-default_xs.jpg","3201","682203A9FDCE9DDAFA02747EF7C0FC44EBC9610C09B3A76554E2A20F76684767"
"he-default-home_default.jpg","5027","82EB31A4F4B228CDB3A66932D5275D6FD2D5219BE6B0431CC80529ED01EF51AE"
"he-default-large_default.jpg","8525","3F2D174FC19A973BF0AB7E341449C1F6155E99ABC33422C07AFCF99064D3D288"
"he-default-medium_default.jpg","6160","DFEA37CC6D3A30BE1B59C00879D3DBD8E718B6466BEDF25908DBDC16C3FFBAA8"
"he-default-product_main_2x.jpg","16922","27DD607E7C4DE04EEFE94E41CE95444C19EB49692FC30AA27034E043CD5DD8B9"
"he-default-product_main.jpg","7805","46C5D4F98D21D5E75A6094F7AD8ADF3DAD1B7FE6A20D5469FFEFF20A50B58D59"
"he-default-small_default.jpg","2111","BE524788F2CDA083B14160669A3CE2ACC35F484EF3738EE6FE2444541FAF66C6"
"he.jpg","7512","C7111CB0C87ADD182B52085F9AA5A6FA396A06191A5EA8DDD0913A995D2069AC"
"hi-default-cart_default.jpg","2992","F4045E984B0078540809F9A1A48930DE77B503B695B6034B1A0A0269AFF38EDF"
"hi-default-default_lg.jpg","7256","EFDE049082F715BB29D9AF2CD2AFA39E28974A6B3F109CF3ACAE458F9B3F59ED"
"hi-default-default_md.jpg","6887","A72E86B22866D67C6E85B7F22F34AD6404ABD0178C23366EBDF3D26C6690BB7C"
"hi-default-default_sm.jpg","5493","377964F0B6483EECFC0759755D6E678FA372F53836883A9A6A3AC7462D7FB97A"
"hi-default-default_xl.jpg","7531","651217DDB63E7390659312C82757F51B32359E3FEF3BC9AFBBFC9287DE2014DA"
"hi-default-default_xs.jpg","3764","DD6296A9BB5818BA2AB932DB21C7D566A16D9A645E9D0DC6E0008B2A53E98D4B"
"hi-default-home_default.jpg","6604","1E7CCCD78A716EBB6A6ECA9E07ABFA86F0D36A55FC7B8F726C91B27572DB6323"
"hi-default-large_default.jpg","10343","EE2D5EB60D804742326A7E8F7C31E8E9D73B294ABA59180A3A61110A4CF583C3"
"hi-default-medium_default.jpg","7714","E2B47382A006FEF88A38875A9EA5EE24199636A3CE32613512DEFB12E721A247"
"hi-default-product_main_2x.jpg","18751","6DAD76A0E09E988ADD39CA7C5F11B809B8807CA609C076EBD9C8FDA18CB51CB1"
"hi-default-product_main.jpg","9636","B2816B31B1CF7F7F824FC131AA59CE5057B3B4DB1517AB4D57C3D72886798193"
"hi-default-small_default.jpg","2224","9E76E99A1A41197F7FE5B5F6799A92B1C22A22F13140A7691A0B1D7F5654BDD0"
"hi.jpg","6253","5B29AD996D2B474D01260D20F308B27A29DF6522F5FF9769AC4E858B6681BFAC"
"hr-default-cart_default.jpg","2992","F4045E984B0078540809F9A1A48930DE77B503B695B6034B1A0A0269AFF38EDF"
"hr-default-default_lg.jpg","7256","EFDE049082F715BB29D9AF2CD2AFA39E28974A6B3F109CF3ACAE458F9B3F59ED"
"hr-default-default_md.jpg","6887","A72E86B22866D67C6E85B7F22F34AD6404ABD0178C23366EBDF3D26C6690BB7C"
"hr-default-default_sm.jpg","5493","377964F0B6483EECFC0759755D6E678FA372F53836883A9A6A3AC7462D7FB97A"
"hr-default-default_xl.jpg","7531","651217DDB63E7390659312C82757F51B32359E3FEF3BC9AFBBFC9287DE2014DA"
"hr-default-default_xs.jpg","3764","DD6296A9BB5818BA2AB932DB21C7D566A16D9A645E9D0DC6E0008B2A53E98D4B"
"hr-default-home_default.jpg","6604","1E7CCCD78A716EBB6A6ECA9E07ABFA86F0D36A55FC7B8F726C91B27572DB6323"
"hr-default-large_default.jpg","10343","EE2D5EB60D804742326A7E8F7C31E8E9D73B294ABA59180A3A61110A4CF583C3"
"hr-default-medium_default.jpg","7714","E2B47382A006FEF88A38875A9EA5EE24199636A3CE32613512DEFB12E721A247"
"hr-default-product_main_2x.jpg","18751","6DAD76A0E09E988ADD39CA7C5F11B809B8807CA609C076EBD9C8FDA18CB51CB1"
"hr-default-product_main.jpg","9636","B2816B31B1CF7F7F824FC131AA59CE5057B3B4DB1517AB4D57C3D72886798193"
"hr-default-small_default.jpg","2224","9E76E99A1A41197F7FE5B5F6799A92B1C22A22F13140A7691A0B1D7F5654BDD0"
"hr.jpg","6249","7FBFD76C7CBAE532B968FB94A503F597550EAB4139EC01C15DA092CD9BB590AD"
"hu-default-cart_default.jpg","2992","F4045E984B0078540809F9A1A48930DE77B503B695B6034B1A0A0269AFF38EDF"
"hu-default-default_lg.jpg","7256","EFDE049082F715BB29D9AF2CD2AFA39E28974A6B3F109CF3ACAE458F9B3F59ED"
"hu-default-default_md.jpg","6887","A72E86B22866D67C6E85B7F22F34AD6404ABD0178C23366EBDF3D26C6690BB7C"
"hu-default-default_sm.jpg","5493","377964F0B6483EECFC0759755D6E678FA372F53836883A9A6A3AC7462D7FB97A"
"hu-default-default_xl.jpg","7531","651217DDB63E7390659312C82757F51B32359E3FEF3BC9AFBBFC9287DE2014DA"
"hu-default-default_xs.jpg","3764","DD6296A9BB5818BA2AB932DB21C7D566A16D9A645E9D0DC6E0008B2A53E98D4B"
"hu-default-home_default.jpg","6604","1E7CCCD78A716EBB6A6ECA9E07ABFA86F0D36A55FC7B8F726C91B27572DB6323"
"hu-default-large_default.jpg","10343","EE2D5EB60D804742326A7E8F7C31E8E9D73B294ABA59180A3A61110A4CF583C3"
"hu-default-medium_default.jpg","7714","E2B47382A006FEF88A38875A9EA5EE24199636A3CE32613512DEFB12E721A247"
"hu-default-product_main_2x.jpg","18751","6DAD76A0E09E988ADD39CA7C5F11B809B8807CA609C076EBD9C8FDA18CB51CB1"
"hu-default-product_main.jpg","9636","B2816B31B1CF7F7F824FC131AA59CE5057B3B4DB1517AB4D57C3D72886798193"
"hu-default-small_default.jpg","2224","9E76E99A1A41197F7FE5B5F6799A92B1C22A22F13140A7691A0B1D7F5654BDD0"
"hu.jpg","6249","7FBFD76C7CBAE532B968FB94A503F597550EAB4139EC01C15DA092CD9BB590AD"
"id-default-cart_default.jpg","2992","F4045E984B0078540809F9A1A48930DE77B503B695B6034B1A0A0269AFF38EDF"
"id-default-default_lg.jpg","7256","EFDE049082F715BB29D9AF2CD2AFA39E28974A6B3F109CF3ACAE458F9B3F59ED"
"id-default-default_md.jpg","6887","A72E86B22866D67C6E85B7F22F34AD6404ABD0178C23366EBDF3D26C6690BB7C"
"id-default-default_sm.jpg","5493","377964F0B6483EECFC0759755D6E678FA372F53836883A9A6A3AC7462D7FB97A"
"id-default-default_xl.jpg","7531","651217DDB63E7390659312C82757F51B32359E3FEF3BC9AFBBFC9287DE2014DA"
"id-default-default_xs.jpg","3764","DD6296A9BB5818BA2AB932DB21C7D566A16D9A645E9D0DC6E0008B2A53E98D4B"
"id-default-home_default.jpg","6604","1E7CCCD78A716EBB6A6ECA9E07ABFA86F0D36A55FC7B8F726C91B27572DB6323"
"id-default-large_default.jpg","10343","EE2D5EB60D804742326A7E8F7C31E8E9D73B294ABA59180A3A61110A4CF583C3"
"id-default-medium_default.jpg","7714","E2B47382A006FEF88A38875A9EA5EE24199636A3CE32613512DEFB12E721A247"
"id-default-product_main_2x.jpg","18751","6DAD76A0E09E988ADD39CA7C5F11B809B8807CA609C076EBD9C8FDA18CB51CB1"
"id-default-product_main.jpg","9636","B2816B31B1CF7F7F824FC131AA59CE5057B3B4DB1517AB4D57C3D72886798193"
"id-default-small_default.jpg","2224","9E76E99A1A41197F7FE5B5F6799A92B1C22A22F13140A7691A0B1D7F5654BDD0"
"id.jpg","6249","7FBFD76C7CBAE532B968FB94A503F597550EAB4139EC01C15DA092CD9BB590AD"
"index.php","451","F9109A5A0738034490985C03167DFD5542294DDB884E47CB89CA55E7F609E599"
"it-default-cart_default.jpg","3997","A75367878681CBDABD5F9DD68AB9DA927362D5F54C9B8794C341B97FBF474695"
"it-default-default_lg.jpg","9723","2BE8DC59883BA9363ECE67CA9ECF9524D49565B33E07BE0336D99EC7782EF5F4"
"it-default-default_md.jpg","9806","0D41B1B95CD607F250F3CFF32928F4F6340968FBED5574C0018E679C2812AC8B"
"it-default-default_sm.jpg","7447","5C6E9F27B505E7858D6A0DF6E72681B975C86EEF1A752DEB83AB9CC40AAC8314"
"it-default-default_xl.jpg","9987","EB58A6429347C3FD53A2E1C1A1279E6641143630F4BEFD903732DD42A85477BF"
"it-default-default_xs.jpg","5079","3E4374833B5B5FC09E04027E3E67249CA2185EAA475D6AC54B85A78C2005A8DD"
"it-default-home_default.jpg","9607","A6B12186B7E817959DDDEABFAD054219E4767E4DA073CA752E825C82A05A4319"
"it-default-large_default.jpg","12824","0C101A5AF12D2C36051EAEDB917A209BD66B154778187FE96D2102001973EAE0"
"it-default-medium_default.jpg","10644","1541D0BE8AD64A97EEEC8EB3D89D186A7F6AA574DBABCD7D042B2EE9781DB861"
"it-default-product_main_2x.jpg","21234","6240416EA0762DDA90A682827697D578F768543B5769FF5DFFC9A3BED53DA693"
"it-default-product_main.jpg","12106","8781CDD22BC226C7EB75BCAC03B6F6BB16DE5C2E68BB4741E362AB93665CD4B3"
"it-default-small_default.jpg","2980","548256E914E6162D62902C74345743C69D66626A425FC19783B92A4DD1FC8B22"
"it.jpg","9248","3295BD4774331DA7660D91C294374162C920EDB61D82B5B8467B91602E01B295"
"ja-default-cart_default.jpg","2992","F4045E984B0078540809F9A1A48930DE77B503B695B6034B1A0A0269AFF38EDF"
"ja-default-default_lg.jpg","7256","EFDE049082F715BB29D9AF2CD2AFA39E28974A6B3F109CF3ACAE458F9B3F59ED"
"ja-default-default_md.jpg","6887","A72E86B22866D67C6E85B7F22F34AD6404ABD0178C23366EBDF3D26C6690BB7C"
"ja-default-default_sm.jpg","5493","377964F0B6483EECFC0759755D6E678FA372F53836883A9A6A3AC7462D7FB97A"
"ja-default-default_xl.jpg","7531","651217DDB63E7390659312C82757F51B32359E3FEF3BC9AFBBFC9287DE2014DA"
"ja-default-default_xs.jpg","3764","DD6296A9BB5818BA2AB932DB21C7D566A16D9A645E9D0DC6E0008B2A53E98D4B"
"ja-default-home_default.jpg","6604","1E7CCCD78A716EBB6A6ECA9E07ABFA86F0D36A55FC7B8F726C91B27572DB6323"
"ja-default-large_default.jpg","10343","EE2D5EB60D804742326A7E8F7C31E8E9D73B294ABA59180A3A61110A4CF583C3"
"ja-default-medium_default.jpg","7714","E2B47382A006FEF88A38875A9EA5EE24199636A3CE32613512DEFB12E721A247"
"ja-default-product_main_2x.jpg","18751","6DAD76A0E09E988ADD39CA7C5F11B809B8807CA609C076EBD9C8FDA18CB51CB1"
"ja-default-product_main.jpg","9636","B2816B31B1CF7F7F824FC131AA59CE5057B3B4DB1517AB4D57C3D72886798193"
"ja-default-small_default.jpg","2224","9E76E99A1A41197F7FE5B5F6799A92B1C22A22F13140A7691A0B1D7F5654BDD0"
"ja.jpg","6249","7FBFD76C7CBAE532B968FB94A503F597550EAB4139EC01C15DA092CD9BB590AD"
"ko-default-cart_default.jpg","2992","F4045E984B0078540809F9A1A48930DE77B503B695B6034B1A0A0269AFF38EDF"
"ko-default-default_lg.jpg","7256","EFDE049082F715BB29D9AF2CD2AFA39E28974A6B3F109CF3ACAE458F9B3F59ED"
"ko-default-default_md.jpg","6887","A72E86B22866D67C6E85B7F22F34AD6404ABD0178C23366EBDF3D26C6690BB7C"
"ko-default-default_sm.jpg","5493","377964F0B6483EECFC0759755D6E678FA372F53836883A9A6A3AC7462D7FB97A"
"ko-default-default_xl.jpg","7531","651217DDB63E7390659312C82757F51B32359E3FEF3BC9AFBBFC9287DE2014DA"
"ko-default-default_xs.jpg","3764","DD6296A9BB5818BA2AB932DB21C7D566A16D9A645E9D0DC6E0008B2A53E98D4B"
"ko-default-home_default.jpg","6604","1E7CCCD78A716EBB6A6ECA9E07ABFA86F0D36A55FC7B8F726C91B27572DB6323"
"ko-default-large_default.jpg","10343","EE2D5EB60D804742326A7E8F7C31E8E9D73B294ABA59180A3A61110A4CF583C3"
"ko-default-medium_default.jpg","7714","E2B47382A006FEF88A38875A9EA5EE24199636A3CE32613512DEFB12E721A247"
"ko-default-product_main_2x.jpg","18751","6DAD76A0E09E988ADD39CA7C5F11B809B8807CA609C076EBD9C8FDA18CB51CB1"
"ko-default-product_main.jpg","9636","B2816B31B1CF7F7F824FC131AA59CE5057B3B4DB1517AB4D57C3D72886798193"
"ko-default-small_default.jpg","2224","9E76E99A1A41197F7FE5B5F6799A92B1C22A22F13140A7691A0B1D7F5654BDD0"
"ko.jpg","6249","7FBFD76C7CBAE532B968FB94A503F597550EAB4139EC01C15DA092CD9BB590AD"
"lt-default-cart_default.jpg","2992","F4045E984B0078540809F9A1A48930DE77B503B695B6034B1A0A0269AFF38EDF"
"lt-default-default_lg.jpg","7256","EFDE049082F715BB29D9AF2CD2AFA39E28974A6B3F109CF3ACAE458F9B3F59ED"
"lt-default-default_md.jpg","6887","A72E86B22866D67C6E85B7F22F34AD6404ABD0178C23366EBDF3D26C6690BB7C"
"lt-default-default_sm.jpg","5493","377964F0B6483EECFC0759755D6E678FA372F53836883A9A6A3AC7462D7FB97A"
"lt-default-default_xl.jpg","7531","651217DDB63E7390659312C82757F51B32359E3FEF3BC9AFBBFC9287DE2014DA"
"lt-default-default_xs.jpg","3764","DD6296A9BB5818BA2AB932DB21C7D566A16D9A645E9D0DC6E0008B2A53E98D4B"
"lt-default-home_default.jpg","6604","1E7CCCD78A716EBB6A6ECA9E07ABFA86F0D36A55FC7B8F726C91B27572DB6323"
"lt-default-large_default.jpg","10343","EE2D5EB60D804742326A7E8F7C31E8E9D73B294ABA59180A3A61110A4CF583C3"
"lt-default-medium_default.jpg","7714","E2B47382A006FEF88A38875A9EA5EE24199636A3CE32613512DEFB12E721A247"
"lt-default-product_main_2x.jpg","18751","6DAD76A0E09E988ADD39CA7C5F11B809B8807CA609C076EBD9C8FDA18CB51CB1"
"lt-default-product_main.jpg","9636","B2816B31B1CF7F7F824FC131AA59CE5057B3B4DB1517AB4D57C3D72886798193"
"lt-default-small_default.jpg","2224","9E76E99A1A41197F7FE5B5F6799A92B1C22A22F13140A7691A0B1D7F5654BDD0"
"lt.jpg","6249","7FBFD76C7CBAE532B968FB94A503F597550EAB4139EC01C15DA092CD9BB590AD"
"lv-default-cart_default.jpg","2992","F4045E984B0078540809F9A1A48930DE77B503B695B6034B1A0A0269AFF38EDF"
"lv-default-default_lg.jpg","7256","EFDE049082F715BB29D9AF2CD2AFA39E28974A6B3F109CF3ACAE458F9B3F59ED"
"lv-default-default_md.jpg","6887","A72E86B22866D67C6E85B7F22F34AD6404ABD0178C23366EBDF3D26C6690BB7C"
"lv-default-default_sm.jpg","5493","377964F0B6483EECFC0759755D6E678FA372F53836883A9A6A3AC7462D7FB97A"
"lv-default-default_xl.jpg","7531","651217DDB63E7390659312C82757F51B32359E3FEF3BC9AFBBFC9287DE2014DA"
"lv-default-default_xs.jpg","3764","DD6296A9BB5818BA2AB932DB21C7D566A16D9A645E9D0DC6E0008B2A53E98D4B"
"lv-default-home_default.jpg","6604","1E7CCCD78A716EBB6A6ECA9E07ABFA86F0D36A55FC7B8F726C91B27572DB6323"
"lv-default-large_default.jpg","10343","EE2D5EB60D804742326A7E8F7C31E8E9D73B294ABA59180A3A61110A4CF583C3"
"lv-default-medium_default.jpg","7714","E2B47382A006FEF88A38875A9EA5EE24199636A3CE32613512DEFB12E721A247"
"lv-default-product_main_2x.jpg","18751","6DAD76A0E09E988ADD39CA7C5F11B809B8807CA609C076EBD9C8FDA18CB51CB1"
"lv-default-product_main.jpg","9636","B2816B31B1CF7F7F824FC131AA59CE5057B3B4DB1517AB4D57C3D72886798193"
"lv-default-small_default.jpg","2224","9E76E99A1A41197F7FE5B5F6799A92B1C22A22F13140A7691A0B1D7F5654BDD0"
"lv.jpg","6249","7FBFD76C7CBAE532B968FB94A503F597550EAB4139EC01C15DA092CD9BB590AD"
"mk-default-cart_default.jpg","2992","F4045E984B0078540809F9A1A48930DE77B503B695B6034B1A0A0269AFF38EDF"
"mk-default-default_lg.jpg","7256","EFDE049082F715BB29D9AF2CD2AFA39E28974A6B3F109CF3ACAE458F9B3F59ED"
"mk-default-default_md.jpg","6887","A72E86B22866D67C6E85B7F22F34AD6404ABD0178C23366EBDF3D26C6690BB7C"
"mk-default-default_sm.jpg","5493","377964F0B6483EECFC0759755D6E678FA372F53836883A9A6A3AC7462D7FB97A"
"mk-default-default_xl.jpg","7531","651217DDB63E7390659312C82757F51B32359E3FEF3BC9AFBBFC9287DE2014DA"
"mk-default-default_xs.jpg","3764","DD6296A9BB5818BA2AB932DB21C7D566A16D9A645E9D0DC6E0008B2A53E98D4B"
"mk-default-home_default.jpg","6604","1E7CCCD78A716EBB6A6ECA9E07ABFA86F0D36A55FC7B8F726C91B27572DB6323"
"mk-default-large_default.jpg","10343","EE2D5EB60D804742326A7E8F7C31E8E9D73B294ABA59180A3A61110A4CF583C3"
"mk-default-medium_default.jpg","7714","E2B47382A006FEF88A38875A9EA5EE24199636A3CE32613512DEFB12E721A247"
"mk-default-product_main_2x.jpg","18751","6DAD76A0E09E988ADD39CA7C5F11B809B8807CA609C076EBD9C8FDA18CB51CB1"
"mk-default-product_main.jpg","9636","B2816B31B1CF7F7F824FC131AA59CE5057B3B4DB1517AB4D57C3D72886798193"
"mk-default-small_default.jpg","2224","9E76E99A1A41197F7FE5B5F6799A92B1C22A22F13140A7691A0B1D7F5654BDD0"
"mk.jpg","6249","7FBFD76C7CBAE532B968FB94A503F597550EAB4139EC01C15DA092CD9BB590AD"
"mx-default-cart_default.jpg","3164","6D31647479DA04F1EEDD6EF2A4427F9F66E0BE399E82880149D09BAF1C99CE31"
"mx-default-default_lg.jpg","7584","856BF00E00FE19B3EE5ACF174254F341883281CD99209D20B1CF0F57C99C2D0F"
"mx-default-default_md.jpg","7542","8AD299D6AFCA68406CB34DBC6C9BD8586596D586B4617F45B6F3F06DB1B911D0"
"mx-default-default_sm.jpg","5437","D1E7B49552E0C547F299F2A340C78D165F0FD9ED1896BC18BD2A3792123C36C2"
"mx-default-default_xl.jpg","7856","72C50CC851CFCC7F04426B6040C0ACD7852A88E3B520DC2EA39948473530A8A8"
"mx-default-default_xs.jpg","3702","8E3C1E9A97772540E6EA9E5FEABC093ECF06AA4A8296EFF4A5BA9A3919CF174F"
"mx-default-home_default.jpg","6887","3AC4914400D7007D901828EE62436A34BCBEDA354C85FF0C4D73338BAA9D5E2C"
"mx-default-large_default.jpg","10701","8CBFF2E0A5CC90D91BB04A144C4009A0CE63AA7F4D353B80177CD9F0C4F4134F"
"mx-default-medium_default.jpg","8377","F2CE36F89ABA38EFC1DDF6D631481BED3703560A45AC1A381C0AE54E41F18FFA"
"mx-default-product_main_2x.jpg","19099","16FA1A33B8E19274AE68F2FBFAFFFBE1F13CBAB5314DF09B9348271BA53208F1"
"mx-default-product_main.jpg","9965","C44CEF7A9B83A7F9D9392BE8DEE31D0DF6F61B880D45D868C74DBD2AF2B6EDE7"
"mx-default-small_default.jpg","2327","A4F0ACEBF0FCB654A90425CAF2F6ABED4ECA472881732D70882C637CFAADB444"
"mx.jpg","6491","71A90344B73CCD2601048638C21F66BE7BF259D369053A6B711769B5E7FA3920"
"nl-default-cart_default.jpg","3202","ECA253A40200D8FFF226E3BC6ED9D72ED9BA7A763474E0CB6CDEA3DC6E8665B5"
"nl-default-default_lg.jpg","8232","22FD2FB7F8CD686F94A32C52EE2927D588F06F9B8C1D49280595793484FCF557"
"nl-default-default_md.jpg","7678","BD61B7DCAB13DC271CF9012902B3A133E82934D331A8832900916C46CDCB4B30"
"nl-default-default_sm.jpg","5721","2B164EEE83CC567A2F25D77E395F76E79A6842785FFB381EFB67D1B5CD7CC190"
"nl-default-default_xl.jpg","8521","A0C4E809613EE855B8E497152AF22A4A4770CB8CE59181D1B81F44D836CB405B"
"nl-default-default_xs.jpg","4195","D458759F6D824E257D8C9FB8DC0DDD16F8ADD554D47D76551C7FE07E3428E199"
"nl-default-home_default.jpg","7546","89C49E6F290663BB7B4CF03EFAA39C7B372ED3CB488EA46D7B3282B8CC0BDA96"
"nl-default-large_default.jpg","11335","B3684568767345FDFA469171DF9D716647368A0803653E0E4E9087DFFFF4967C"
"nl-default-medium_default.jpg","8508","E198CBC85689911E2D0B0392D8405D831911DD4DCE0F463E4213D702D0DF196D"
"nl-default-product_main_2x.jpg","19743","D045DD45D651624424EA3FE2D2337CF6E53AC07CB3D440A6EC73D246390C5964"
"nl-default-product_main.jpg","10612","648EF0B97F49B1EA5342E9FBF5EAB00005351FDF07B781545BFFDC0C5B5BF500"
"nl-default-small_default.jpg","2555","698B0DE54530673CB7888E3DB2E4DEE384DB8FF436036EEA5F3E9FF96A41D4FD"
"nl.jpg","7396","D402B0A8706900F1E32053977F15D9A8923812EE52EC9A70CE3757E5601F4708"
"no-default-cart_default.jpg","2992","F4045E984B0078540809F9A1A48930DE77B503B695B6034B1A0A0269AFF38EDF"
"no-default-default_lg.jpg","7256","EFDE049082F715BB29D9AF2CD2AFA39E28974A6B3F109CF3ACAE458F9B3F59ED"
"no-default-default_md.jpg","6887","A72E86B22866D67C6E85B7F22F34AD6404ABD0178C23366EBDF3D26C6690BB7C"
"no-default-default_sm.jpg","5493","377964F0B6483EECFC0759755D6E678FA372F53836883A9A6A3AC7462D7FB97A"
"no-default-default_xl.jpg","7531","651217DDB63E7390659312C82757F51B32359E3FEF3BC9AFBBFC9287DE2014DA"
"no-default-default_xs.jpg","3764","DD6296A9BB5818BA2AB932DB21C7D566A16D9A645E9D0DC6E0008B2A53E98D4B"
"no-default-home_default.jpg","6604","1E7CCCD78A716EBB6A6ECA9E07ABFA86F0D36A55FC7B8F726C91B27572DB6323"
"no-default-large_default.jpg","10343","EE2D5EB60D804742326A7E8F7C31E8E9D73B294ABA59180A3A61110A4CF583C3"
"no-default-medium_default.jpg","7714","E2B47382A006FEF88A38875A9EA5EE24199636A3CE32613512DEFB12E721A247"
"no-default-product_main_2x.jpg","18751","6DAD76A0E09E988ADD39CA7C5F11B809B8807CA609C076EBD9C8FDA18CB51CB1"
"no-default-product_main.jpg","9636","B2816B31B1CF7F7F824FC131AA59CE5057B3B4DB1517AB4D57C3D72886798193"
"no-default-small_default.jpg","2224","9E76E99A1A41197F7FE5B5F6799A92B1C22A22F13140A7691A0B1D7F5654BDD0"
"no.jpg","6249","7FBFD76C7CBAE532B968FB94A503F597550EAB4139EC01C15DA092CD9BB590AD"
"pl-default-cart_default.jpg","2992","F4045E984B0078540809F9A1A48930DE77B503B695B6034B1A0A0269AFF38EDF"
"pl-default-default_lg.jpg","7256","EFDE049082F715BB29D9AF2CD2AFA39E28974A6B3F109CF3ACAE458F9B3F59ED"
"pl-default-default_md.jpg","6887","A72E86B22866D67C6E85B7F22F34AD6404ABD0178C23366EBDF3D26C6690BB7C"
"pl-default-default_sm.jpg","5493","377964F0B6483EECFC0759755D6E678FA372F53836883A9A6A3AC7462D7FB97A"
"pl-default-default_xl.jpg","7531","651217DDB63E7390659312C82757F51B32359E3FEF3BC9AFBBFC9287DE2014DA"
"pl-default-default_xs.jpg","3764","DD6296A9BB5818BA2AB932DB21C7D566A16D9A645E9D0DC6E0008B2A53E98D4B"
"pl-default-home_default.jpg","6604","1E7CCCD78A716EBB6A6ECA9E07ABFA86F0D36A55FC7B8F726C91B27572DB6323"
"pl-default-large_default.jpg","10343","EE2D5EB60D804742326A7E8F7C31E8E9D73B294ABA59180A3A61110A4CF583C3"
"pl-default-medium_default.jpg","7714","E2B47382A006FEF88A38875A9EA5EE24199636A3CE32613512DEFB12E721A247"
"pl-default-product_main_2x.jpg","18751","6DAD76A0E09E988ADD39CA7C5F11B809B8807CA609C076EBD9C8FDA18CB51CB1"
"pl-default-product_main.jpg","9636","B2816B31B1CF7F7F824FC131AA59CE5057B3B4DB1517AB4D57C3D72886798193"
"pl-default-small_default.jpg","2224","9E76E99A1A41197F7FE5B5F6799A92B1C22A22F13140A7691A0B1D7F5654BDD0"
"pl.jpg","6249","7FBFD76C7CBAE532B968FB94A503F597550EAB4139EC01C15DA092CD9BB590AD"
"pt-default-cart_default.jpg","2968","E16DCFE85724EA5BD70A9D5A5604D5859F9653C2F662900C026C23AE4C8252A1"
"pt-default-default_lg.jpg","7831","B8E6C1475F306265D918DCE2E678505A9C9E21107C53C7EA48357A47FB3B1779"
"pt-default-default_md.jpg","7576","52DDCF64F8BC9BA6EF27C3A2BB0241263A723CDAF60B54B01C2F075A1B573DF8"
"pt-default-default_sm.jpg","5585","1EBE9DD0FB0EAC12F84534A34BC496016AFDCDCA7093AC16162C35DC1EB046C3"
"pt-default-default_xl.jpg","8108","BAC37A66314D79573E9AD98CEFFA98EF1C1E975B7A98269F025F94AA5B4D521E"
"pt-default-default_xs.jpg","3924","C6E4C30DE8EC4C056D03A88DF053355634909B96540AB3D8A88C56A1E24EC6F3"
"pt-default-home_default.jpg","7027","9E16C882F5738B754365A9928C025AE6FC4095E7EB421D8F35EB7FE6A9871DC6"
"pt-default-large_default.jpg","10920","F483D3385637FDAA6A40945EC1B817E8E6A4B0D434B9B24590450C09C5CCFC39"
"pt-default-medium_default.jpg","8420","3F107BDAAF50A7B01970704315505B6C8E1672D64C87D9D65A60BCEC9AB23AB3"
"pt-default-product_main_2x.jpg","19325","65051E8C2443B5E9F2CE3ED3258C7A57563E5262D4A7F66BA06B0B8FAA2FFC11"
"pt-default-product_main.jpg","10222","63BD579ADB703B684A48EC3535C6B468BE302EE4F75517BBFD25D76C36FA6C4D"
"pt-default-small_default.jpg","2459","82DA7A40D16044A55E35D510A9986C463E6E24A02B4F31915C02781D5B959BDC"
"pt.jpg","6876","8B900FBF764D98718CE07DAC281E2B2DFE5C68AE628C080E97F3E00D60CE01D7"
"qc-default-cart_default.jpg","3526","B44262BE1A04961DF7FADAAE2838E1A1DB631DFE08694E3A394254935C3063AF"
"qc-default-default_lg.jpg","8879","6DB48EA055B4BBAECA4844B604CDA5B302E2D92E2871BAF252C4320E435AE0BA"
"qc-default-default_md.jpg","8716","20FD006A4081094A6CF90084123BAE25F160994635545E62E7E01996C43C3D75"
"qc-default-default_sm.jpg","6612","417234603387817C65DE598BA482B4BC9C1BF56E3FB243FFB80C251C0888BA05"
"qc-default-default_xl.jpg","9149","4635323003413AADAF40D0E887062BD6D8B16ADCA89301255127F78F210069F8"
"qc-default-default_xs.jpg","4586","C29A5646076A95E24D484ABC298F942E633FABEF0FA157195DE6B19113E1223C"
"qc-default-home_default.jpg","8184","C6EB3F21E684B1B1A00D3316046052BFA88FEB3A86BD275880E65C539859544C"
"qc-default-large_default.jpg","11966","86E53EA595AC540D600C96D64E909C5472C3E54BDF309C0BD72491B0026ED54F"
"qc-default-medium_default.jpg","9562","3AB39852AA6B806DF43C0270E48DB1A7B42B95B32018F2DB316ACAFE80A074A7"
"qc-default-product_main_2x.jpg","20372","670B375172AB73531FBA8762D62905339A98841280C30ADC611539D334AF6974"
"qc-default-product_main.jpg","11270","C725F7166A6270372278F97070B00F7730FBC888204305A48A1876E3F669461D"
"qc-default-small_default.jpg","2823","3BAEE4F851DF066D58B0135882F96C010ECBEF2421FB3B707028D2AA498B34CC"
"qc.jpg","7862","5F7E459CF6694004E36FFC0E8A2714C144717D4CFD49BF6FE6C7021ABC4FC1C4"
"ro-default-cart_default.jpg","3013","796BAF807D6F5A5448AFC0568EBB52E18EA5766CAC1BBAAF3A1DA0B187727A58"
"ro-default-default_lg.jpg","7473","72F62219060542DC7F3CBA079A848511D4C4665A19BD9BF4BDB78D5CF2EAACC8"
"ro-default-default_md.jpg","7219","95658C64D57ECF5BBE1B8120E573FE802B625103D2C61D75001D48A7D1601EE1"
"ro-default-default_sm.jpg","5269","294D255392CA8F9425FEE9B30117C024D1221B7E7F0F306B0F77D7092D611B67"
"ro-default-default_xl.jpg","7752","BE57AE34FDF4AD5F5473E729FA9E041DE66DB6B18A5D024E77A4361C8B7BB79F"
"ro-default-default_xs.jpg","3982","DD238C6906058C8DACDB763EF1339283F894BC98924C95BB3D931BA305E563DB"
"ro-default-home_default.jpg","6512","F703EAB45A111847AB41FE4A1D1B21406ED6B42516EBEA282D7E66DEF360CA68"
"ro-default-large_default.jpg","10538","D1EB5DC430DE16DBC00951F76BB32CBC3BA8E147FEAB29EDF7784D35F2C7BDAA"
"ro-default-medium_default.jpg","8057","74C1B0B8AF2CEFB13244A72516CE8F7535CB122B34A35555833C314FD50D64B4"
"ro-default-product_main_2x.jpg","18950","1EFEA83004DA54A28A74BECF1F010D58A9E5DDFC73FEDDCE449C0A8D59C86BC7"
"ro-default-product_main.jpg","9855","D060274AE5289D8792D5025CE34AD774E84AEEFBB8AD71A80CBBDDF775EFAE21"
"ro-default-small_default.jpg","2430","6F9FD263010B0BAA0725CF95F081D7DD543B5E4576B60A0CF39852679FE0CACA"
"ro.jpg","10259","DFCA4F4411587F6089386F34EBD9FC48E14B24A0DE64FA6ADF767E47C22A5697"
"ru-default-cart_default.jpg","1914","62F1D3DC3BDDC06504F6095B8A77C59E4454B93C02A06622520BF1926DD62C58"
"ru-default-default_lg.jpg","4294","A838AABDAC62C55F38B855F8E333AFF97C1D069FF6B76A9B0CCFB70465DB9068"
"ru-default-default_md.jpg","4049","3D4B649DD77F9D98848A13267392828061EA16DE0551635D8104237D0C5B225C"
"ru-default-default_sm.jpg","3031","573FD801A6EAC5A13D8B1851777478E7F3C0E7969A432BF20B929B84488F5DC3"
"ru-default-default_xl.jpg","4574","40A81486B034E5F3AF116D47CBF6C66264303F986149978038B62FC0F8AB66E4"
"ru-default-default_xs.jpg","2422","3B8AC0432D086364F1BA6CD6DDD35EFFD7F0A534BC1EE69AC29C68723E605506"
"ru-default-home_default.jpg","3922","3E50C485EB6B1445845DA8BF6B361B0B5E9779303685B9D5AB1CA0F53D34918F"
"ru-default-large_default.jpg","7374","BC1F6DAFF489BFD182B9AD8F13A1CD105A02482E8063227730FCE4C0342982E5"
"ru-default-medium_default.jpg","4886","449578CB4544B494CBF6AE994D0D0870802628C3F5B20A72BB6894AADD4C1481"
"ru-default-product_main_2x.jpg","15775","35673C1239CA34E021C061C5EE5D75DD805C67DB387C5F6959745A660EFFF10E"
"ru-default-product_main.jpg","6681","48A71884553649E5A5B4172D8DF9A67F41EA78839D8A3060D53C7D3F0C782736"
"ru-default-small_default.jpg","1521","9F31D2C89A10F4EE0A4FE4717AB7006E2725CFBA53E136A5E5522F8B5891463D"
"ru.jpg","3529","C30166A255E3E4415C39C3A74A5E2FFA41F9B19458AA26901738F419599F2C6B"
"si-default-cart_default.jpg","2992","F4045E984B0078540809F9A1A48930DE77B503B695B6034B1A0A0269AFF38EDF"
"si-default-default_lg.jpg","7256","EFDE049082F715BB29D9AF2CD2AFA39E28974A6B3F109CF3ACAE458F9B3F59ED"
"si-default-default_md.jpg","6887","A72E86B22866D67C6E85B7F22F34AD6404ABD0178C23366EBDF3D26C6690BB7C"
"si-default-default_sm.jpg","5493","377964F0B6483EECFC0759755D6E678FA372F53836883A9A6A3AC7462D7FB97A"
"si-default-default_xl.jpg","7531","651217DDB63E7390659312C82757F51B32359E3FEF3BC9AFBBFC9287DE2014DA"
"si-default-default_xs.jpg","3764","DD6296A9BB5818BA2AB932DB21C7D566A16D9A645E9D0DC6E0008B2A53E98D4B"
"si-default-home_default.jpg","6604","1E7CCCD78A716EBB6A6ECA9E07ABFA86F0D36A55FC7B8F726C91B27572DB6323"
"si-default-large_default.jpg","10343","EE2D5EB60D804742326A7E8F7C31E8E9D73B294ABA59180A3A61110A4CF583C3"
"si-default-medium_default.jpg","7714","E2B47382A006FEF88A38875A9EA5EE24199636A3CE32613512DEFB12E721A247"
"si-default-product_main_2x.jpg","18751","6DAD76A0E09E988ADD39CA7C5F11B809B8807CA609C076EBD9C8FDA18CB51CB1"
"si-default-product_main.jpg","9636","B2816B31B1CF7F7F824FC131AA59CE5057B3B4DB1517AB4D57C3D72886798193"
"si-default-small_default.jpg","2224","9E76E99A1A41197F7FE5B5F6799A92B1C22A22F13140A7691A0B1D7F5654BDD0"
"si.jpg","6249","7FBFD76C7CBAE532B968FB94A503F597550EAB4139EC01C15DA092CD9BB590AD"
"sk-default-cart_default.jpg","2992","F4045E984B0078540809F9A1A48930DE77B503B695B6034B1A0A0269AFF38EDF"
"sk-default-default_lg.jpg","7256","EFDE049082F715BB29D9AF2CD2AFA39E28974A6B3F109CF3ACAE458F9B3F59ED"
"sk-default-default_md.jpg","6887","A72E86B22866D67C6E85B7F22F34AD6404ABD0178C23366EBDF3D26C6690BB7C"
"sk-default-default_sm.jpg","5493","377964F0B6483EECFC0759755D6E678FA372F53836883A9A6A3AC7462D7FB97A"
"sk-default-default_xl.jpg","7531","651217DDB63E7390659312C82757F51B32359E3FEF3BC9AFBBFC9287DE2014DA"
"sk-default-default_xs.jpg","3764","DD6296A9BB5818BA2AB932DB21C7D566A16D9A645E9D0DC6E0008B2A53E98D4B"
"sk-default-home_default.jpg","6604","1E7CCCD78A716EBB6A6ECA9E07ABFA86F0D36A55FC7B8F726C91B27572DB6323"
"sk-default-large_default.jpg","10343","EE2D5EB60D804742326A7E8F7C31E8E9D73B294ABA59180A3A61110A4CF583C3"
"sk-default-medium_default.jpg","7714","E2B47382A006FEF88A38875A9EA5EE24199636A3CE32613512DEFB12E721A247"
"sk-default-product_main_2x.jpg","18751","6DAD76A0E09E988ADD39CA7C5F11B809B8807CA609C076EBD9C8FDA18CB51CB1"
"sk-default-product_main.jpg","9636","B2816B31B1CF7F7F824FC131AA59CE5057B3B4DB1517AB4D57C3D72886798193"
"sk-default-small_default.jpg","2224","9E76E99A1A41197F7FE5B5F6799A92B1C22A22F13140A7691A0B1D7F5654BDD0"
"sk.jpg","6249","7FBFD76C7CBAE532B968FB94A503F597550EAB4139EC01C15DA092CD9BB590AD"
"sq-default-cart_default.jpg","2992","F4045E984B0078540809F9A1A48930DE77B503B695B6034B1A0A0269AFF38EDF"
"sq-default-default_lg.jpg","7256","EFDE049082F715BB29D9AF2CD2AFA39E28974A6B3F109CF3ACAE458F9B3F59ED"
"sq-default-default_md.jpg","6887","A72E86B22866D67C6E85B7F22F34AD6404ABD0178C23366EBDF3D26C6690BB7C"
"sq-default-default_sm.jpg","5493","377964F0B6483EECFC0759755D6E678FA372F53836883A9A6A3AC7462D7FB97A"
"sq-default-default_xl.jpg","7531","651217DDB63E7390659312C82757F51B32359E3FEF3BC9AFBBFC9287DE2014DA"
"sq-default-default_xs.jpg","3764","DD6296A9BB5818BA2AB932DB21C7D566A16D9A645E9D0DC6E0008B2A53E98D4B"
"sq-default-home_default.jpg","6604","1E7CCCD78A716EBB6A6ECA9E07ABFA86F0D36A55FC7B8F726C91B27572DB6323"
"sq-default-large_default.jpg","10343","EE2D5EB60D804742326A7E8F7C31E8E9D73B294ABA59180A3A61110A4CF583C3"
"sq-default-medium_default.jpg","7714","E2B47382A006FEF88A38875A9EA5EE24199636A3CE32613512DEFB12E721A247"
"sq-default-product_main_2x.jpg","18751","6DAD76A0E09E988ADD39CA7C5F11B809B8807CA609C076EBD9C8FDA18CB51CB1"
"sq-default-product_main.jpg","9636","B2816B31B1CF7F7F824FC131AA59CE5057B3B4DB1517AB4D57C3D72886798193"
"sq-default-small_default.jpg","2224","9E76E99A1A41197F7FE5B5F6799A92B1C22A22F13140A7691A0B1D7F5654BDD0"
"sq.jpg","6249","7FBFD76C7CBAE532B968FB94A503F597550EAB4139EC01C15DA092CD9BB590AD"
"sr-default-cart_default.jpg","2992","F4045E984B0078540809F9A1A48930DE77B503B695B6034B1A0A0269AFF38EDF"
"sr-default-default_lg.jpg","7256","EFDE049082F715BB29D9AF2CD2AFA39E28974A6B3F109CF3ACAE458F9B3F59ED"
"sr-default-default_md.jpg","6887","A72E86B22866D67C6E85B7F22F34AD6404ABD0178C23366EBDF3D26C6690BB7C"
"sr-default-default_sm.jpg","5493","377964F0B6483EECFC0759755D6E678FA372F53836883A9A6A3AC7462D7FB97A"
"sr-default-default_xl.jpg","7531","651217DDB63E7390659312C82757F51B32359E3FEF3BC9AFBBFC9287DE2014DA"
"sr-default-default_xs.jpg","3764","DD6296A9BB5818BA2AB932DB21C7D566A16D9A645E9D0DC6E0008B2A53E98D4B"
"sr-default-home_default.jpg","6604","1E7CCCD78A716EBB6A6ECA9E07ABFA86F0D36A55FC7B8F726C91B27572DB6323"
"sr-default-large_default.jpg","10343","EE2D5EB60D804742326A7E8F7C31E8E9D73B294ABA59180A3A61110A4CF583C3"
"sr-default-medium_default.jpg","7714","E2B47382A006FEF88A38875A9EA5EE24199636A3CE32613512DEFB12E721A247"
"sr-default-product_main_2x.jpg","18751","6DAD76A0E09E988ADD39CA7C5F11B809B8807CA609C076EBD9C8FDA18CB51CB1"
"sr-default-product_main.jpg","9636","B2816B31B1CF7F7F824FC131AA59CE5057B3B4DB1517AB4D57C3D72886798193"
"sr-default-small_default.jpg","2224","9E76E99A1A41197F7FE5B5F6799A92B1C22A22F13140A7691A0B1D7F5654BDD0"
"sr.jpg","6249","7FBFD76C7CBAE532B968FB94A503F597550EAB4139EC01C15DA092CD9BB590AD"
"sv-default-cart_default.jpg","2992","F4045E984B0078540809F9A1A48930DE77B503B695B6034B1A0A0269AFF38EDF"
"sv-default-default_lg.jpg","7256","EFDE049082F715BB29D9AF2CD2AFA39E28974A6B3F109CF3ACAE458F9B3F59ED"
"sv-default-default_md.jpg","6887","A72E86B22866D67C6E85B7F22F34AD6404ABD0178C23366EBDF3D26C6690BB7C"
"sv-default-default_sm.jpg","5493","377964F0B6483EECFC0759755D6E678FA372F53836883A9A6A3AC7462D7FB97A"
"sv-default-default_xl.jpg","7531","651217DDB63E7390659312C82757F51B32359E3FEF3BC9AFBBFC9287DE2014DA"
"sv-default-default_xs.jpg","3764","DD6296A9BB5818BA2AB932DB21C7D566A16D9A645E9D0DC6E0008B2A53E98D4B"
"sv-default-home_default.jpg","6604","1E7CCCD78A716EBB6A6ECA9E07ABFA86F0D36A55FC7B8F726C91B27572DB6323"
"sv-default-large_default.jpg","10343","EE2D5EB60D804742326A7E8F7C31E8E9D73B294ABA59180A3A61110A4CF583C3"
"sv-default-medium_default.jpg","7714","E2B47382A006FEF88A38875A9EA5EE24199636A3CE32613512DEFB12E721A247"
"sv-default-product_main_2x.jpg","18751","6DAD76A0E09E988ADD39CA7C5F11B809B8807CA609C076EBD9C8FDA18CB51CB1"
"sv-default-product_main.jpg","9636","B2816B31B1CF7F7F824FC131AA59CE5057B3B4DB1517AB4D57C3D72886798193"
"sv-default-small_default.jpg","2224","9E76E99A1A41197F7FE5B5F6799A92B1C22A22F13140A7691A0B1D7F5654BDD0"
"sv.jpg","6249","7FBFD76C7CBAE532B968FB94A503F597550EAB4139EC01C15DA092CD9BB590AD"
"tr-default-cart_default.jpg","2992","F4045E984B0078540809F9A1A48930DE77B503B695B6034B1A0A0269AFF38EDF"
"tr-default-default_lg.jpg","7256","EFDE049082F715BB29D9AF2CD2AFA39E28974A6B3F109CF3ACAE458F9B3F59ED"
"tr-default-default_md.jpg","6887","A72E86B22866D67C6E85B7F22F34AD6404ABD0178C23366EBDF3D26C6690BB7C"
"tr-default-default_sm.jpg","5493","377964F0B6483EECFC0759755D6E678FA372F53836883A9A6A3AC7462D7FB97A"
"tr-default-default_xl.jpg","7531","651217DDB63E7390659312C82757F51B32359E3FEF3BC9AFBBFC9287DE2014DA"
"tr-default-default_xs.jpg","3764","DD6296A9BB5818BA2AB932DB21C7D566A16D9A645E9D0DC6E0008B2A53E98D4B"
"tr-default-home_default.jpg","6604","1E7CCCD78A716EBB6A6ECA9E07ABFA86F0D36A55FC7B8F726C91B27572DB6323"
"tr-default-large_default.jpg","10343","EE2D5EB60D804742326A7E8F7C31E8E9D73B294ABA59180A3A61110A4CF583C3"
"tr-default-medium_default.jpg","7714","E2B47382A006FEF88A38875A9EA5EE24199636A3CE32613512DEFB12E721A247"
"tr-default-product_main_2x.jpg","18751","6DAD76A0E09E988ADD39CA7C5F11B809B8807CA609C076EBD9C8FDA18CB51CB1"
"tr-default-product_main.jpg","9636","B2816B31B1CF7F7F824FC131AA59CE5057B3B4DB1517AB4D57C3D72886798193"
"tr-default-small_default.jpg","2224","9E76E99A1A41197F7FE5B5F6799A92B1C22A22F13140A7691A0B1D7F5654BDD0"
"tr.jpg","6249","7FBFD76C7CBAE532B968FB94A503F597550EAB4139EC01C15DA092CD9BB590AD"
"tw-default-cart_default.jpg","2992","F4045E984B0078540809F9A1A48930DE77B503B695B6034B1A0A0269AFF38EDF"
"tw-default-default_lg.jpg","7256","EFDE049082F715BB29D9AF2CD2AFA39E28974A6B3F109CF3ACAE458F9B3F59ED"
"tw-default-default_md.jpg","6887","A72E86B22866D67C6E85B7F22F34AD6404ABD0178C23366EBDF3D26C6690BB7C"
"tw-default-default_sm.jpg","5493","377964F0B6483EECFC0759755D6E678FA372F53836883A9A6A3AC7462D7FB97A"
"tw-default-default_xl.jpg","7531","651217DDB63E7390659312C82757F51B32359E3FEF3BC9AFBBFC9287DE2014DA"
"tw-default-default_xs.jpg","3764","DD6296A9BB5818BA2AB932DB21C7D566A16D9A645E9D0DC6E0008B2A53E98D4B"
"tw-default-home_default.jpg","6604","1E7CCCD78A716EBB6A6ECA9E07ABFA86F0D36A55FC7B8F726C91B27572DB6323"
"tw-default-large_default.jpg","10343","EE2D5EB60D804742326A7E8F7C31E8E9D73B294ABA59180A3A61110A4CF583C3"
"tw-default-medium_default.jpg","7714","E2B47382A006FEF88A38875A9EA5EE24199636A3CE32613512DEFB12E721A247"
"tw-default-product_main_2x.jpg","18751","6DAD76A0E09E988ADD39CA7C5F11B809B8807CA609C076EBD9C8FDA18CB51CB1"
"tw-default-product_main.jpg","9636","B2816B31B1CF7F7F824FC131AA59CE5057B3B4DB1517AB4D57C3D72886798193"
"tw-default-small_default.jpg","2224","9E76E99A1A41197F7FE5B5F6799A92B1C22A22F13140A7691A0B1D7F5654BDD0"
"tw.jpg","6249","7FBFD76C7CBAE532B968FB94A503F597550EAB4139EC01C15DA092CD9BB590AD"
"uk-default-cart_default.jpg","2992","F4045E984B0078540809F9A1A48930DE77B503B695B6034B1A0A0269AFF38EDF"
"uk-default-default_lg.jpg","7256","EFDE049082F715BB29D9AF2CD2AFA39E28974A6B3F109CF3ACAE458F9B3F59ED"
"uk-default-default_md.jpg","6887","A72E86B22866D67C6E85B7F22F34AD6404ABD0178C23366EBDF3D26C6690BB7C"
"uk-default-default_sm.jpg","5493","377964F0B6483EECFC0759755D6E678FA372F53836883A9A6A3AC7462D7FB97A"
"uk-default-default_xl.jpg","7531","651217DDB63E7390659312C82757F51B32359E3FEF3BC9AFBBFC9287DE2014DA"
"uk-default-default_xs.jpg","3764","DD6296A9BB5818BA2AB932DB21C7D566A16D9A645E9D0DC6E0008B2A53E98D4B"
"uk-default-home_default.jpg","6604","1E7CCCD78A716EBB6A6ECA9E07ABFA86F0D36A55FC7B8F726C91B27572DB6323"
"uk-default-large_default.jpg","10343","EE2D5EB60D804742326A7E8F7C31E8E9D73B294ABA59180A3A61110A4CF583C3"
"uk-default-medium_default.jpg","7714","E2B47382A006FEF88A38875A9EA5EE24199636A3CE32613512DEFB12E721A247"
"uk-default-product_main_2x.jpg","18751","6DAD76A0E09E988ADD39CA7C5F11B809B8807CA609C076EBD9C8FDA18CB51CB1"
"uk-default-product_main.jpg","9636","B2816B31B1CF7F7F824FC131AA59CE5057B3B4DB1517AB4D57C3D72886798193"
"uk-default-small_default.jpg","2224","9E76E99A1A41197F7FE5B5F6799A92B1C22A22F13140A7691A0B1D7F5654BDD0"
"uk.jpg","6249","7FBFD76C7CBAE532B968FB94A503F597550EAB4139EC01C15DA092CD9BB590AD"
"vn-default-cart_default.jpg","2992","F4045E984B0078540809F9A1A48930DE77B503B695B6034B1A0A0269AFF38EDF"
"vn-default-default_lg.jpg","7256","EFDE049082F715BB29D9AF2CD2AFA39E28974A6B3F109CF3ACAE458F9B3F59ED"
"vn-default-default_md.jpg","6887","A72E86B22866D67C6E85B7F22F34AD6404ABD0178C23366EBDF3D26C6690BB7C"
"vn-default-default_sm.jpg","5493","377964F0B6483EECFC0759755D6E678FA372F53836883A9A6A3AC7462D7FB97A"
"vn-default-default_xl.jpg","7531","651217DDB63E7390659312C82757F51B32359E3FEF3BC9AFBBFC9287DE2014DA"
"vn-default-default_xs.jpg","3764","DD6296A9BB5818BA2AB932DB21C7D566A16D9A645E9D0DC6E0008B2A53E98D4B"
"vn-default-home_default.jpg","6604","1E7CCCD78A716EBB6A6ECA9E07ABFA86F0D36A55FC7B8F726C91B27572DB6323"
"vn-default-large_default.jpg","10343","EE2D5EB60D804742326A7E8F7C31E8E9D73B294ABA59180A3A61110A4CF583C3"
"vn-default-medium_default.jpg","7714","E2B47382A006FEF88A38875A9EA5EE24199636A3CE32613512DEFB12E721A247"
"vn-default-product_main_2x.jpg","18751","6DAD76A0E09E988ADD39CA7C5F11B809B8807CA609C076EBD9C8FDA18CB51CB1"
"vn-default-product_main.jpg","9636","B2816B31B1CF7F7F824FC131AA59CE5057B3B4DB1517AB4D57C3D72886798193"
"vn-default-small_default.jpg","2224","9E76E99A1A41197F7FE5B5F6799A92B1C22A22F13140A7691A0B1D7F5654BDD0"
"vn.jpg","6249","7FBFD76C7CBAE532B968FB94A503F597550EAB4139EC01C15DA092CD9BB590AD"
"zh-default-cart_default.jpg","2992","F4045E984B0078540809F9A1A48930DE77B503B695B6034B1A0A0269AFF38EDF"
"zh-default-default_lg.jpg","7256","EFDE049082F715BB29D9AF2CD2AFA39E28974A6B3F109CF3ACAE458F9B3F59ED"
"zh-default-default_md.jpg","6887","A72E86B22866D67C6E85B7F22F34AD6404ABD0178C23366EBDF3D26C6690BB7C"
"zh-default-default_sm.jpg","5493","377964F0B6483EECFC0759755D6E678FA372F53836883A9A6A3AC7462D7FB97A"
"zh-default-default_xl.jpg","7531","651217DDB63E7390659312C82757F51B32359E3FEF3BC9AFBBFC9287DE2014DA"
"zh-default-default_xs.jpg","3764","DD6296A9BB5818BA2AB932DB21C7D566A16D9A645E9D0DC6E0008B2A53E98D4B"
"zh-default-home_default.jpg","6604","1E7CCCD78A716EBB6A6ECA9E07ABFA86F0D36A55FC7B8F726C91B27572DB6323"
"zh-default-large_default.jpg","10343","EE2D5EB60D804742326A7E8F7C31E8E9D73B294ABA59180A3A61110A4CF583C3"
"zh-default-medium_default.jpg","7714","E2B47382A006FEF88A38875A9EA5EE24199636A3CE32613512DEFB12E721A247"
"zh-default-product_main_2x.jpg","18751","6DAD76A0E09E988ADD39CA7C5F11B809B8807CA609C076EBD9C8FDA18CB51CB1"
"zh-default-product_main.jpg","9636","B2816B31B1CF7F7F824FC131AA59CE5057B3B4DB1517AB4D57C3D72886798193"
"zh-default-small_default.jpg","2224","9E76E99A1A41197F7FE5B5F6799A92B1C22A22F13140A7691A0B1D7F5654BDD0"
"zh.jpg","6249","7FBFD76C7CBAE532B968FB94A503F597550EAB4139EC01C15DA092CD9BB590AD"
