OldName;NewName
CODIGO_ALMACEN_ALM;CODIGO_ALM
CODIGO_EMPRESA_ALM;CODIGO_EMP_ALM
NOMBRE_ALMACEN_ALM;NOMBRE_ALM
CODIGO_CLIENTE_ALM;CODIGO_CLI_ALM
ALMACEN_DESTINO_ACTUAL_ALM;DESTINO_ACTUAL_ALM
ALMACEN_ORIGEN_ACTUAL_ALM;ORIGEN_ACTUAL_ALM
INSTANTEMODIF;INSTANTE_MODIF
INSTANTEALTA;INSTANTE_ALTA
USUARIOALTA;USUARIO_ALTA
USUARIOMODIF;USUARIO_MODIF
CODIGO_ALMACEN_ALMCAJ;CODIGO_ALM_ALMCAJ
CODIGO_ARTICULO;CODIGO_ART
ACTIVO_ARTICULO;ESACTIVO_ART
TIPO_ARTICULO;TIPO_ART
DESCRIPCION_ARTICULO;DESCRIPCION_ART
CODIGO_FAMILIA_ARTICULO;CODIGO_FAM_ART
TIPOIVA_ARTICULO;TIPO_IVA_ART
ESACTIVO_FIJO_ARTICULO;ESACTIVO_FIJO_ART
TIPO_CANTIDAD_ARTICULO;TIPO_CANTIDAD_ART
ESVARIACION_ARTICULO;ESVARIACION_ART
ESTRAZABLE_ARTICULO;ESTRAZABLE_ART
ORDEN_ARTICULO;ORDEN_ART
TIPO_VARIACION_ARTICULO;TIPO_VARIACION_ART
CODIGO_ARTICULO_ACA;CODIGO_ART_ACA
ID_CONJUNTO_ACA;ID_AC_ACA
ID_ATRIBUTO_ACA;ID_VA_ACA
ES_GENERACION_AUTO;ESGENERACION_AUTO_ACA
CODIGO_FAMILIA;CODIGO_FAM
ACTIVO_FAMILIA;ESACTIVO_FAM
ORDEN_FAMILIA;ORDEN_FAM
ESDEFAULT_FAMILIA;ESDEFAULT_FAM
CODIGO_SUBFAMILIA;CODIGO_SUBFAMILIA_FAM
NOMBRE_FAMILIA;NOMBRE_FAM
DESCRIPCION_FAMILIA;DESCRIPCION_FAM
CONTADOR_ART_FAMILIA;CONTADOR_ART_FAM
ESCONTADOR_ART_FAMILIA;ESCONTADOR_ART_FAM
CODIGO_PROPIEDAD;CODIGO_PROP_ARTPROP
ID_VALOR_PV;ID_PV_ARTPROP
VALOR_LIBRE;VALOR_LIBRE_ARTPROP
CODIGO_PROVEEDOR_ARTICULO_PROVEEDOR;CODIGO_PRV_AP
CODIGO_ARTICULO_ARTICULO_PROVEEDOR;CODIGO_ART_AP
REF_PROVEEDOR_ARTICULO_PROVEEDOR;REF_PROVEEDOR_AP
PRECIO_ULT_COMPRA_ARTICULO_PROVEEDOR;PRECIO_ULT_COMPRA_AP
FECHA_VALIDEZ_ARTICULO_PROVEEDOR;FECHA_VALIDEZ_AP
ESPROVEEDORPRINCIPAL_ARTICULO_PROVEEDOR;ESPROVEEDORPRINCIPAL_AP
CODIGO_ARTICULO_SKU;CODIGO_ART_SKU
CODIGO_ALMACEN_STK;CODIGO_ALM_STK
CANTIDAD_PTE_RECIBIR;CANTIDAD_PTE_RECIBIR_STK
CANTIDAD_PTE_SERVIR;CANTIDAD_PTE_SERVIR_STK
CANTIDAD_PTE_TRASPASAR;CANTIDAD_PTE_TRASPASAR_STK
CANTIDAD_PTE_RECTRASPASAR;CANTIDAD_PTE_RECTRASPASAR_STK
CODIGO_ARTICULO_TARIFA;CODIGO_ART_ARTTAR
CODIGO_UNICO_TARIFA;CODIGO_UNICO_ARTTAR
CODIGO_UNIDAD_TARIFA;CODIGO_UNIDAD_ARTTAR
CODIGO_TARIFA;CODIGO_TAR_ARTTAR
ACTIVO_TARIFA;ESACTIVO_ARTTAR
PRECIOSALIDA_TARIFA;PRECIO_SALIDA_ARTTAR
PRECIOFINAL_TARIFA;PRECIO_FINAL_ARTTAR
PRECIO_DTO_TARIFA;PRECIO_DTO_ARTTAR
PORCEN_DTO_TARIFA;PORCENTAJE_DTO_ARTTAR
FECHA_DESDE_TARIFA;FECHA_DESDE_ARTTAR
FECHA_HASTA_TARIFA;FECHA_HASTA_ARTTAR
ID_VINCULO;ID_ARTVIN
CODIGO_ARTICULO_PADRE;CODIGO_ART_PADRE_ARTVIN
CODIGO_ARTICULO_HIJO;CODIGO_ART_HIJO_ARTVIN
CANTIDAD;CANTIDAD_ARTVIN
ORDEN_VISUAL;ORDEN_VISUAL_ARTVIN
ES_OBLIGATORIO;ESOBLIGATORIO_ARTVIN
ID_BASICO;ID_ATB
ID_VA_BASICO;ID_VA_ATB
CODIGO_BASICO;CODIGO_ATB
NOMBRE_BASICO;NOMBRE_ATB
EXTRA_BASICO;EXTRA_ATB
ORDEN_BASICO;ORDEN_ATB
ESACTIVO_BASICO;ESACTIVO_ATB
ID_CONJUNTO_AC;ID_AC
ID_VARIACION_AC;ID_VAR_AC
ID_ATRIBUTO_AC;ID_VA_AC
ID_CONJUNTO_ACD;ID_AC_ACD
ID_VALOR_ACD;ID_AV_ACD
CODIGO_UNIDAD_SA;CODIGO_UNIDAD_SKU_SA
ID_VALOR_SA;ID_AV_SA
ID_VALOR_AV;ID_AV
VALOR_AV;AV
CODIGO_ARTICULO_EXTRA;CODIGO_ART_EXTRA_AV
ID_INFO;ID_AVI
ID_VALOR_AV_INFO;ID_AV_AVI
CLAVE_INFO;CLAVE_AVI
VALOR_INFO;VALOR_AVI
CODIGO_FORMAP;CODIGO_FP_CFP
DESCRIPCION_FORMAP;DESCRIPCION_FORMA_PAGO_CFP
ES_REQ_REFERENCIA_FORMAP;ESREQ_REFERENCIA_FORMA_PAGO_CFP
ES_CRIPTO_FORMAP;ESCRIPTO_FORMA_PAGO_CFP
RED_BLOCKCHAIN_FORMAP;RED_BLOCKCHAIN_FORMA_PAGO_CFP
HASH_BOCKCHAIN_FORMAP;HASH_BLOCKCHAIN_FORMA_PAGO_CFP
ESDIVISA_FORMAP;ESDIVISA_FORMA_PAGO_CFP
ES_DEVUELVE_CAMBIO_FORMAP;ESDEVUELVE_CAMBIO_FORMA_PAGO_CFP
ES_ABRE_CAJON_FORMAP;ESABRE_CAJON_FORMA_PAGO_CFP
ES_ACTIVO_FORMAP;ESACTIVO_FORMA_PAGO_CFP
PORCEN_COMISION_FORMAP;PORCENTAJE_COMISION_FORMA_PAGO_CFP
ESCOMISION_INCL_FORMAP;ESCOMISION_INCL_FORMA_PAGO_CFP
NUM_COD_DIGIT_FORMAP;NUM_COD_DIGIT_FORMA_PAGO_CFP
ORDEN_VISUAL_FORMAP;ORDEN_VISUAL_FORMA_PAGO_CFP
CODIGO_EMPRESA_OPCAJA;CODIGO_EMP_OPCAJA
CODIGO_ALMACEN_OPCAJA;CODIGO_ALM_OPCAJA
NRO_FACTURA_OPCAJA;NUMERO_FAC_OPCAJA
SERIE_FACTURA_OPCAJA;SERIE_FAC_OPCAJA
CODIGO_CLIENTE_OPCAJA;CODIGO_CLI_OPCAJA
CODIGO_EMPRESA_CONTRA_OPCAJA;CODIGO_EMP_CONTRA_OPCAJA
CODIGO_ALMACEN_CONTRA_OPCAJA;CODIGO_ALM_CONTRA_OPCAJA
ES_TRASPASO_OPCAJA;ESTRASPASO_OPCAJA
FECHA_OP_DIA;FECHA_OP_DIA_OPCAJA
CODIGO_EMPRESA_PAGO;CODIGO_EMP_PAGO
CODIGO_ALMACEN_PAGO;CODIGO_ALM_PAGO
RED_BLOCKCHAIN;RED_BLOCKCHAIN_PAGO
CODIGO_EMPRESA_EMI_VL;CODIGO_EMP_EMI_VL
CODIGO_ALMACEN_EMI_VL;CODIGO_ALM_EMI_VL
SERIE_FACTURA_EMI_VL;SERIE_FAC_EMI_VL
NRO_FACTURA_EMI_VL;NUMERO_FAC_EMI_VL
CODIGO_EMPRESA_RED_VL;CODIGO_EMP_RED_VL
CODIGO_ALMACEN_RED_VL;CODIGO_ALM_RED_VL
SERIE_FACTURA_RED_VL;SERIE_FAC_RED_VL
NRO_FACTURA_RED_VL;NUMERO_FAC_RED_VL
CODIGO_CLIENTE_VL;CODIGO_CLI_VL
CODIGO_CLIENTE;CODIGO_CLI
ACTIVO_CLIENTE;ESACTIVO_CLI
ORDEN_CLIENTE;ORDEN_CLI
RAZONSOCIAL_CLIENTE;RAZON_SOCIAL_CLI
NIF_CLIENTE;NIF_CLI
MOVIL_CLIENTE;MOVIL_CLI
EMAIL_CLIENTE;EMAIL_CLI
POBLACION_CLIENTE;POBLACION_CLI
PROVINCIA_CLIENTE;PROVINCIA_CLI
CPOSTAL_CLIENTE;CODIGO_POSTAL_CLI
CODIGO_PAIS_CLIENTE;CODIGO_PAI_CLI
NOMBRE_PAIS_CLIENTE;NOMBRE_PAI_CLI
OBSERVACIONES_CLIENTE;OBSERVACIONES_CLI
REFERENCIA_CLIENTE;REFERENCIA_CLI
CONTACTO_CLIENTE;CONTACTO_CLI
TELEFONO_CONTACTO_CLIENTE;TELEFONO_CONTACTO_CLI
TELEFONO_CLIENTE;TELEFONO_CLI
IBAN_CLIENTE;IBAN_CLI
ESIVA_RECARGO_CLIENTE;ESIVA_RECARGO_CLI
ESRETENCIONES_CLIENTE;ESRETENCIONES_CLI
TOTAL_LIMITE_CREDITO_CLIENTE;TOTAL_LIMITE_CREDITO_CLI
ESPERMITE_DEUDA_CLIENTE;ESPERMITE_DEUDA_CLI
TOTAL_DEUDA_CLIENTE;TOTAL_DEUDA_CLI
ESIVA_EXENTO_CLIENTE;ESIVA_EXENTO_CLI
ESINTRACOMUNITARIO_CLIENTE;ESINTRACOMUNITARIO_CLI
ESREGIMENESPECIALAGRICOLA_CLIENTE;ESREGIMENESPECIALAGRICOLA_CLI
CODIGO_FORMA_PAGO_CLIENTE;CODIGO_FP_CLI
TARIFA_ARTICULO_CLIENTE;TARIFA_ARTICULO_CLI
SERIE_CONTADOR_CLIENTE;SERIE_CON_CLI
TEXTO_LEGAL_FACTURA_CLIENTE;TEXTO_LEGAL_FACTURA_CLI
CAMPO_OBJETIVO_CC;OBJETIVO_CC
TIPODOC_CONTADOR;TIPO_DOC_CON
EMPRESA_CONTADOR;EMPRESA_CON
SERIE_CONTADOR;SERIE_CON
CONTADOR_CONTADOR;CON
NUMDIGIT_CONTADOR;NUM_DIGITOS_CON
ACTIVO_CONTADOR;ESACTIVO_CON
DEFAULT_CONTADOR;DEFAULT_CON
CODIGO_EMPRESA_DEP;CODIGO_EMP_DEP
CODIGO_CLIENTE_DEP;CODIGO_CLI_DEP
CODIGO_ARTICULO_DEP;CODIGO_ART_DEP
CODIGO_ALMACEN_DEP;CODIGO_ALM_DEP
PORCEN_IVA_DEP;PORCENTAJE_IVA_DEP
CODIGO_EMPRESA;CODIGO_EMP
ORDEN_EMPRESA;ORDEN_EMP
ACTIVO_EMPRESA;ESACTIVO_EMP
RAZONSOCIAL_EMPRESA;RAZON_SOCIAL_EMP
NIF_EMPRESA;NIF_EMP
MOVIL_EMPRESA;MOVIL_EMP
EMAIL_EMPRESA;EMAIL_EMP
CPOSTAL_EMPRESA;CODIGO_POSTAL_EMP
POBLACION_EMPRESA;POBLACION_EMP
PROVINCIA_EMPRESA;PROVINCIA_EMP
CODIGO_PAIS_EMPRESA;CODIGO_PAI_EMP
NOMBRE_PAIS_EMPRESA;NOMBRE_PAI_EMP
SERIE_CONTADOR_EMPRESA;SERIE_CON_EMP
IBAN_EMPRESA;IBAN_EMP
GRUPO_ZONA_IVA_EMPRESA;GRUPO_ZONA_IVA_EMP
ESRETENCIONES_EMPRESA;ESRETENCIONES_EMP
ESREGIMENESPECIALAGRICOLA_EMPRESA;ESREGIMENESPECIALAGRICOLA_EMP
CODIGO_CERTIFICADO_EMPRESA;CODIGO_CERTIFICADO_EMP
TITULAR_CERTIFICADO_EMPRESA;TITULAR_CERTIFICADO_EMP
TIPO_CERTIFICADO_EMPRESA;TIPO_CERTIFICADO_EMP
FECHA_DESDE_CERTIFICADO_EMPRESA;FECHA_DESDE_CERTIFICADO_EMP
FECHA_HASTA_CERTIFICADO_EMPRESA;FECHA_HASTA_CERTIFICADO_EMP
TEXTO_LEGAL_FACTURA_EMPRESA;TEXTO_LEGAL_FACTURA_EMP
CODIGO_RETENCION;CODIGO_RETENCION_EMPRET
CODIGO_EMPRESA_RETENCION;CODIGO_EMP_EMPRET
PORCENRETENCION_RETENCION;PORCENTAJE_EMPRET
FECHA_DESDE_RETENCION;FECHA_DESDE_EMPRET
FECHA_HASTA_RETENCION;FECHA_HASTA_EMPRET
CODIGO_SERIE;CODIGO_SERIE_EMPSER
CODIGO_EMPRESA_SERIE;CODIGO_EMP_EMPSER
CODIGO_ALMACEN_SERIE;CODIGO_ALM_EMPSER
CODIGO_CAJA_SERIE;CODIGO_CAJA_EMPSER
SERIE_SERIE;EMPSER
TIPODOC_SERIE;TIPO_DOC_EMPSER
SUBTIPO_SERIE;SUBTIPO_EMPSER
FECHA_DESDE_SERIE;FECHA_DESDE_EMPSER
FECHA_HASTA_SERIE;FECHA_HASTA_EMPSER
NRO_FACTURA;NUMERO_FAC
SERIE_FACTURA;SERIE_FAC
FECHA_FACTURA;FECHA_FAC
ESCONSOLIDADA_FACTURA;ESCONSOLIDADA_FAC
INSTANTECONSO_FACTURA;INSTANTECONSO_FAC
TIPO_FACTURA;TIPO_FAC
FASE_FACTURA;FASE_FAC
CODIGO_EMPRESA_FACTURA;CODIGO_EMP_FAC
RAZONSOCIAL_EMPRESA_FACTURA;RAZON_SOCIAL_EMPRESA_FAC
NIF_EMPRESA_FACTURA;NIF_EMPRESA_FAC
MOVIL_EMPRESA_FACTURA;MOVIL_EMPRESA_FAC
EMAIL_EMPRESA_FACTURA;EMAIL_EMPRESA_FAC
POBLACION_EMPRESA_FACTURA;POBLACION_EMPRESA_FAC
PROVINCIA_EMPRESA_FACTURA;PROVINCIA_EMPRESA_FAC
CODIGO_PAIS_EMPRESA_FACTURA;CODIGO_PAI_EMPRESA_FAC
NOMBRE_PAIS_EMPRESA_FACTURA;NOMBRE_PAI_EMPRESA_FAC
CPOSTAL_EMPRESA_FACTURA;CODIGO_POSTAL_EMPRESA_FAC
ESRETENCIONES_EMPRESA_FACTURA;ESRETENCIONES_EMPRESA_FAC
GRUPO_ZONA_IVA_EMPRESA_FACTURA;GRUPO_ZONA_IVA_EMPRESA_FAC
ESREGIMENESPECIALAGRICOLA_EMPRESA_FACTURA;ESREGIMENESPECIALAGRICOLA_EMPRESA_FAC
CODIGO_CLIENTE_FACTURA;CODIGO_CLI_FAC
RAZONSOCIAL_CLIENTE_FACTURA;RAZON_SOCIAL_CLIENTE_FAC
NIF_CLIENTE_FACTURA;NIF_CLIENTE_FAC
MOVIL_CLIENTE_FACTURA;MOVIL_CLIENTE_FAC
EMAIL_CLIENTE_FACTURA;EMAIL_CLIENTE_FAC
POBLACION_CLIENTE_FACTURA;POBLACION_CLIENTE_FAC
PROVINCIA_CLIENTE_FACTURA;PROVINCIA_CLIENTE_FAC
CPOSTAL_CLIENTE_FACTURA;CODIGO_POSTAL_CLIENTE_FAC
CODIGO_PAIS_CLIENTE_FACTURA;CODIGO_PAI_CLIENTE_FAC
NOMBRE_PAIS_CLIENTE_FACTURA;NOMBRE_PAI_CLIENTE_FAC
CODIGO_IVA_FACTURA;CODIGO_IVA_FAC
ESIVA_RECARGO_CLIENTE_FACTURA;ESIVA_RECARGO_CLIENTE_FAC
ESIVA_EXENTO_CLIENTE_FACTURA;ESIVA_EXENTO_CLIENTE_FAC
ESREGIMENESPECIALAGRICOLA_CLIENTE_FACTURA;ESREGIMENESPECIALAGRICOLA_CLIENTE_FAC
ESRETENCIONES_CLIENTE_FACTURA;ESRETENCIONES_CLIENTE_FAC
TARIFA_ARTICULO_CLIENTE_FACTURA;TARIFA_ARTICULO_CLIENTE_FAC
ESIMP_INCL_TARIFA_CLIENTE_FACTURA;ESIMP_INCL_TARIFA_CLIENTE_FAC
ESINTRACOMUNITARIO_CLIENTE_FACTURA;ESINTRACOMUNITARIO_CLIENTE_FAC
ESIRPF_IMP_INCL_ZONA_IVA_FACTURA;ESIRPF_IMP_INCL_ZONA_IVA_FAC
ESAPLICA_RE_ZONA_IVA_FACTURA;ESAPLICA_RE_ZONA_IVA_FAC
ESIVAAGRICOLA_ZONA_IVA_FACTURA;ESIVAAGRICOLA_ZONA_IVA_FAC
PALABRA_REPORTS_ZONA_IVA_FACTURA;PALABRA_REPORTS_ZONA_IVA_FAC
ESVENTA_ACTIVO_FIJO_FACTURA;ESVENTA_ACTIVO_FIJO_FAC
PORCEN_IVAN_FACTURA;PORCENTAJE_IVAN_FAC
TOTAL_IVAN_FACTURA;TOTAL_IVAN_FAC
PORCEN_REN_FACTURA;PORCENTAJE_REN_FAC
TOTAL_REN_FACTURA;TOTAL_REN_FAC
TOTAL_BASEI_IVAN_FACTURA;TOTAL_BASEI_IVAN_FAC
PORCEN_IVAR_FACTURA;PORCENTAJE_IVAR_FAC
TOTAL_IVAR_FACTURA;TOTAL_IVAR_FAC
PORCEN_RER_FACTURA;PORCENTAJE_RER_FAC
TOTAL_RER_FACTURA;TOTAL_RER_FAC
TOTAL_BASEI_IVAR_FACTURA;TOTAL_BASEI_IVAR_FAC
PORCEN_IVAS_FACTURA;PORCENTAJE_IVAS_FAC
TOTAL_IVAS_FACTURA;TOTAL_IVAS_FAC
PORCEN_RES_FACTURA;PORCENTAJE_RES_FAC
TOTAL_RES_FACTURA;TOTAL_RES_FAC
TOTAL_BASEI_IVAS_FACTURA;TOTAL_BASEI_IVAS_FAC
PORCEN_IVAE_FACTURA;PORCENTAJE_IVAE_FAC
TOTAL_IVAE_FACTURA;TOTAL_IVAE_FAC
PORCEN_REE_FACTURA;PORCENTAJE_REE_FAC
TOTAL_REE_FACTURA;TOTAL_REE_FAC
TOTAL_BASEI_IVAE_FACTURA;TOTAL_BASEI_IVAE_FAC
TOTAL_BASES_FACTURA;TOTAL_BASES_FAC
TOTAL_IMPUESTOS_FACTURA;TOTAL_IMPUESTOS_FAC
FORMA_PAGO_FACTURA;FORMA_PAGO_FAC
PORCEN_RETENCION_FACTURA;PORCENTAJE_RETENCION_FAC
TOTAL_RETENCION_FACTURA;TOTAL_RETENCION_FAC
TOTAL_LIQUIDO_FACTURA;TOTAL_LIQUIDO_FAC
NRO_FACTURA_ABONO_FACTURA;NUMERO_FAC_ABONO_FAC
SERIE_FACTURA_ABONO_FACTURA;SERIE_FAC_ABONO_FAC
TEXTO_LEGAL_FACTURA_CLIENTE_FACTURA;TEXTO_LEGAL_CLIENTE_FAC
TEXTO_LEGAL_FACTURA_EMPRESA_FACTURA;TEXTO_LEGAL_EMPRESA_FAC
DOCUMENTO_FACTURA;DOCUMENTO_FAC
COMENTARIOS_FACTURA;COMENTARIOS_FAC
CONTADOR_LINEAS_FACTURA;CONTADOR_LINEAS_FAC
ESCREARARTICULOS_FACTURA;ESCREARARTICULOS_FAC
ESDESCRIPCIONES_AMP_FACTURA;ESDESCRIPCIONES_AMP_FAC
ESFECHADEENTREGA_FACTURA;ESFECHADEENTREGA_FAC
XML_FACTURA;XML_FAC
CODIGO_CAJERO_FACTURA;CODIGO_CAJERO_FAC
CODIGO_ALMACEN_FACTURA;CODIGO_ALM_FAC
CODIGO_CAJA_FACTURA;CODIGO_CAJA_FAC
NUMERO_OPERACION_FACTURA;NUMERO_OPERACION_FAC
ID_CONSOLIDACION;ID_FACCON
SERIE_FACTURA_CONSOLIDACION;SERIE_FAC_FACCON
NRO_FACTURA_CONSOLIDACION;NUMERO_FAC_FACCON
REQUEST_ID_CONSOLIDACION;REQUEST_ID_CONSOLIDACION_FACCON
QUEUE_ID_CONSOLIDACION;QUEUE_ID_CONSOLIDACION_FACCON
QUEUE_ID_CANCEL_CONSOLIDACION;QUEUE_ID_CANCEL_FACCON
ISSUER_IRS_ID_CONSOLIDACION;ISSUER_IRS_ID_CONSOLIDACION_FACCON
ISSUED_TIME_CONSOLIDACION;ISSUED_TIME_FACCON
CHAIN_NUMBER_CONSOLIDACION;CHAIN_NUMBER_FACCON
CHAIN_HASH_CONSOLIDACION;CHAIN_HASH_FACCON
VERIFACTU_URL_CONSOLIDACION;VERIFACTU_URL_FACCON
QRCODE_PNG_CONSOLIDACION;QRCODE_PNG_FACCON
FECHA_PROCESAMIENTO_CONSOLIDACION;FECHA_PROCESAMIENTO_FACCON
ESTADO_CONSOLIDACION;ESTADO_FACCON
RESPUESTA_COMPLETA_CONSOLIDACION;RESPUESTA_COMPLETA_FACCON
PETICION_COMPLETA_CONSOLIDACION;PETICION_COMPLETA_FACCON
NRO_FACTURA_LINEA;NUMERO_FAC_FACLIN
SERIE_FACTURA_LINEA;SERIE_FAC_FACLIN
CODIGO_EMPRESA_FACTURA_LINEA;CODIGO_EMP_FACLIN
LINEA_FACTURA_LINEA;LINEA_FACLIN
CODIGO_ARTICULO_FACTURA_LINEA;CODIGO_ART_FACLIN
CODIGO_UNIDAD_FACTURA_LINEA;CODIGO_UNIDAD_FACLIN
LOTE_FACTURA_LINEA;LOTE_FACLIN
FECHA_CADUCIDAD_FACTURA_LINEA;FECHA_CADUCIDAD_FACLIN
CODIGO_FAMILIA_FACTURA_LINEA;CODIGO_FAM_FACLIN
NOMBRE_FAMILIA_FACTURA_LINEA;NOMBRE_FAM_FACLIN
PRECIO_ULT_COMPRA_FACTURA_LINEA;PRECIO_ULT_COMPRA_FACLIN
CODIGO_PROVEEDOR_FACTURA_LINEA;CODIGO_PRV_FACLIN
RAZONSOCIAL_PROVEEDOR_FACTURA_LINEA;RAZON_SOCIAL_PROVEEDOR_FACLIN
ESPROVEEDORPRINCIPAL_FACTURA_LINEA;ESPROVEEDORPRINCIPAL_FACLIN
FECHA_ENTREGA_FACTURA_LINEA;FECHA_ENTREGA_FACLIN
TIPO_ARTICULO_FACTURA_LINEA;TIPO_ARTICULO_FACLIN
TIPO_CANTIDAD_ARTICULO_FACTURA_LINEA;TIPO_CANTIDAD_ARTICULO_FACLIN
CANTIDAD_FACTURA_LINEA;CANTIDAD_FACLIN
DESCRIPCION_ARTICULO_FACTURA_LINEA;DESCRIPCION_ARTICULO_FACLIN
DESCRIPCION_VARIACION_FACTURA_LINEA;DESCRIPCION_VARIACION_FACLIN
CODIGO_TARIFA_FACTURA_LINEA;CODIGO_TAR_FACLIN
ESIMP_INCL_TARIFA_FACTURA_LINEA;ESIMP_INCL_TARIFA_FACLIN
PRECIOSALIDA_FACTURA_LINEA;PRECIO_SALIDA_FACLIN
PORCEN_DTO_FACTURA_LINEA;PORCENTAJE_DTO_FACLIN
PRECIO_DTO_FACTURA_LINEA;PRECIO_DTO_FACLIN
PRECIOVENTA_SIVA_ARTICULO_FACTURA_LINEA;PRECIO_VENTA_SIVA_ARTICULO_FACLIN
TIPOIVA_ARTICULO_FACTURA_LINEA;TIPO_IVA_ARTICULO_FACLIN
PORCEN_IVA_FACTURA_LINEA;PORCENTAJE_IVA_FACLIN
PRECIOVENTA_CIVA_ARTICULO_FACTURA_LINEA;PRECIO_VENTA_CIVA_ARTICULO_FACLIN
TOTAL_FACTURA_LINEA;TOTAL_FACLIN
TOTAL_FACTURASIVA_LINEA;TOTAL_FAC_SIVA_FACLIN
CODIGO_VENDEDOR_FACTURA_LINEA;CODIGO_VENDEDOR_FACLIN
CODIGO_ALMACEN_FACTURA_LINEA;CODIGO_ALM_FACLIN
CODIGO_CAJA_FACTURA_LINEA;CODIGO_CAJA_FACLIN
NUMERO_OPERACION_FACTURA_LINEA;NUMERO_OPERACION_FACLIN
NUMERO_MOV_FACTURA_LINEA;NUMERO_MOV_FACLIN
SERIE_FACTURA_PAGO;SERIE_FAC_FACPAG
NRO_FACTURA_PAGO;NUMERO_FAC_FACPAG
LINEA_PAGO;LINEA_FACPAG
TIPO_PAGO;TIPO_FACPAG
IMPORTE_PAGO;IMPORTE_FACPAG
REFERENCIA_PAGO;REFERENCIA_FACPAG
DESCRIPCION_PAGO;DESCRIPCION_FACPAG
ENTIDAD_PAGO;ENTIDAD_FACPAG
FECHA_PAGO;FECHA_FACPAG
ES_REQUERIDO;ESREQUERIDO_FA
ORDEN_MOSTRAR;ORDEN_MOSTRAR_FA
CODIGO_FAMILIA_FAD;CODIGO_FAM_FAD
ID_VA_BASICO_FAD;ID_VA_ATB_FAD
OBLIGATORIO_FAD;ESOBLIGATORIO_FAD
CODIGO_FAMILIA_FCI;CODIGO_FAM_FCI
ID_VA_BASICO_FCI;ID_VA_ATB_FCI
CLAVE_INFO_FCI;CLAVE_FCI
OBLIGATORIO_FCI;ESOBLIGATORIO_FCI
CODIGO_FORMAPAGO;CODIGO_FP
ACTIVO_FORMAPAGO;ESACTIVO_FORMA_PAGO_FP
ORDEN_FORMAPAGO;ORDEN_FORMA_PAGO_FP
DESCRIPCION_FORMAPAGO;DESCRIPCION_FORMA_PAGO_FP
N_PLAZOS_FORMAPAGO;N_PLAZOS_FORMA_PAGO_FP
N_DIAS_ENTRE_PLAZOS_FORMAPAGO;N_DIAS_ENTRE_PLAZOS_FORMA_PAGO_FP
PORCEN_ANTICIPO_FORMAPAGO;PORCENTAJE_ANTICIPO_FORMA_PAGO_FP
ESVERBANCOEMPRESA_FORMAPAGO;ESVERBANCOEMPRESA_FORMA_PAGO_FP
ESCONTADO_FORMAPAGO;ESCONTADO_FORMA_PAGO_FP
ESDEFAULT_FORMAPAGO;ESDEFAULT_FORMA_PAGO_FP
CODIGO_GENERADORPROCESO;CODIGO_GENERADOR_PROCESO_GP
NOMBRE_GENERADORPROCESO;NOMBRE_GENERADOR_PROCESO_GP
PROCESO_GENERADORPROCESO;PROCESO_GENERADOR_PROCESO_GP
CODIGO_EMPRESA_INVENTARIO;CODIGO_EMP_INV
CODIGO_ALMACEN_INVENTARIO;CODIGO_ALM_INV
SERIE_INVENTARIO;SERIE_INV
NRO_INVENTARIO;NUMERO_INV
TIPO_DOC_INVENTARIO;TIPO_DOC_INV
FECHA_INVENTARIO;FECHA_INV
ESTADO_INVENTARIO;ESTADO_INV
DESCRIPCION_INVENTARIO;DESCRIPCION_INV
OBSERVACIONES_INVENTARIO;OBSERVACIONES_INV
TOTAL_UNIDADES_DIFERENCIA_INVENTARIO;TOTAL_UNIDADES_DIFERENCIA_INV
TOTAL_EUROS_DIFERENCIA_INVENTARIO;TOTAL_EUROS_DIFERENCIA_INV
CODIGO_EMPRESA_INVENTARIO_LINEA;CODIGO_EMP_INVLIN
CODIGO_ALMACEN_INVENTARIO_LINEA;CODIGO_ALM_INVLIN
SERIE_INVENTARIO_LINEA;SERIE_INV_INVLIN
NRO_INVENTARIO_LINEA;NUMERO_INV_INVLIN
LINEA_INVENTARIO_LINEA;LINEA_INVLIN
CODIGO_ARTICULO_INVENTARIO_LINEA;CODIGO_ART_INVLIN
CODIGO_UNIDAD_INVENTARIO_LINEA;CODIGO_UNIDAD_INVLIN
LOTE_INVENTARIO_LINEA;LOTE_INVLIN
FECHA_CADUCIDAD_INVENTARIO_LINEA;FECHA_CADUCIDAD_INVLIN
DESCRIPCION_ARTICULO_INVENTARIO_LINEA;DESCRIPCION_ARTICULO_INVLIN
CANTIDAD_TEORICA_INVENTARIO_LINEA;CANTIDAD_TEORICA_INVLIN
CANTIDAD_FISICA_INVENTARIO_LINEA;CANTIDAD_FISICA_INVLIN
CANTIDAD_DIFERENCIA_INVENTARIO_LINEA;CANTIDAD_DIFERENCIA_INVLIN
PRECIO_MEDIO_INVENTARIO_LINEA;PRECIO_MEDIO_INVLIN
PRECIO_MEDIO_NUEVO_INVENTARIO_LINEA;PRECIO_MEDIO_NUEVO_INVLIN
TOTAL_COSTE_DIFERENCIA_LINEA;TOTAL_COSTE_DIFERENCIA_INVLIN
FECHA_RECUENTO_INVENTARIO_LINEA;FECHA_RECUENTO_INVLIN
PORCENEXENTO_IVA;PORCENTAJE_EXENTO_IVA
PORCENEXENTO_RE_IVA;PORCENTAJE_EXENTO_RE_IVA
PORCENNORMAL_IVA;PORCENTAJE_NORMAL_IVA
PORCENNORMAL_RE_IVA;PORCENTAJE_NORMAL_RE_IVA
PORCENREDUCIDO_IVA;PORCENTAJE_REDUCIDO_IVA
PORCENREDUCIDO_RE_IVA;PORCENTAJE_REDUCIDO_RE_IVA
PORCENSUPERREDUCIDO_IVA;PORCENTAJE_SUPERREDUCIDO_IVA
PORCENSUPERREDUCIDO_RE_IVA;PORCENTAJE_SUPERREDUCIDO_RE_IVA
GRUPO_ZONA_IVA;IVA_IVAGRP
CODIGO_PAIS_ZONA_IVA;CODIGO_PAI_IVA_IVAGRP
NOMBRE_PAIS_ZONA_IVA;NOMBRE_PAI_IVA_IVAGRP
DESCRIPCION_ZONA_IVA;DESCRIPCION_IVA_IVAGRP
ESIRPF_IMP_INCL_ZONA_IVA;ESIRPF_IMP_INCL_IVA_IVAGRP
ESIVAAGRICOLA_ZONA_IVA;ESIVAAGRICOLA_IVA_IVAGRP
ESAPLICA_RE_ZONA_IVA;ESAPLICA_RE_IVA_IVAGRP
ESDEFAULT_ZONA_IVA;ESDEFAULT_IVA_IVAGRP
PALABRA_REPORTS_ZONA_IVA;PALABRA_REPORTS_IVA_IVAGRP
CODIGO_ABREVIATURA_TIPO_IVA;CODIGO_ABREVIATURA_IVA_IVATIP
NOMBRE_TIPO_IVA;NOMBRE_TIPO_IVA_IVATIP
CODIGO_ZONA_IVA;CODIGO_ZONA_IVA_IVAZON
CODIGO_METADATO;CODIGO_META
NOMBRE_METADATO;NOMBRE_META
PARENT_METADATO;PARENT_META
NRO_DOC_MOV;NUMERO_DOC_MOV
CODIGO_EMPRESA_MOV;CODIGO_EMP_MOV
CODIGO_ALMACEN_MOV;CODIGO_ALM_MOV
CODIGO_ARTICULO_MOV;CODIGO_ART_MOV
TIPO_MOVIMIENTO_MOV;TIPO_MOV
CODIGO_ALMACEN_CONTRA_MOV;CODIGO_ALM_CONTRA_MOV
CODIGO_CLIENTE_MOV;CODIGO_CLI_MOV
CODIGO_PROVEEDOR_MOV;CODIGO_PRV_MOV
NRO_DOC_REF_MOV;NUMERO_DOC_REF_MOV
CODIGO_ALMACEN_DOC_MOV;CODIGO_ALM_DOC_MOV
COD_PAIS;CODIGO_PAI
NOMBRE_SPA_PAIS;NOMBRE_SPA_PAI
NOMBRE_ENG_PAIS;NOMBRE_ENG_PAI
ESMIEMBRO_UE_PAIS;ESMIEMBRO_UE_PAI
ORDEN_PAIS;ORDEN_PAI
NRO_PEDIDO;NUMERO_PED
SERIE_PEDIDO;SERIE_PED
FECHA_PEDIDO;FECHA_PED
CODIGO_EMPRESA_PEDIDO;CODIGO_EMP_PED
RAZONSOCIAL_EMPRESA_PEDIDO;RAZON_SOCIAL_EMPRESA_PED
NIF_EMPRESA_PEDIDO;NIF_EMPRESA_PED
MOVIL_EMPRESA_PEDIDO;MOVIL_EMPRESA_PED
EMAIL_EMPRESA_PEDIDO;EMAIL_EMPRESA_PED
POBLACION_EMPRESA_PEDIDO;POBLACION_EMPRESA_PED
PROVINCIA_EMPRESA_PEDIDO;PROVINCIA_EMPRESA_PED
CODIGO_PAIS_EMPRESA_PEDIDO;CODIGO_PAI_EMPRESA_PED
NOMBRE_PAIS_EMPRESA_PEDIDO;NOMBRE_PAI_EMPRESA_PED
CPOSTAL_EMPRESA_PEDIDO;CODIGO_POSTAL_EMPRESA_PED
ESRETENCIONES_EMPRESA_PEDIDO;ESRETENCIONES_EMPRESA_PED
GRUPO_ZONA_IVA_EMPRESA_PEDIDO;GRUPO_ZONA_IVA_EMPRESA_PED
ESREGIMENESPECIALAGRICOLA_EMPRESA_PEDIDO;ESREGIMENESPECIALAGRICOLA_EMPRESA_PED
CODIGO_CLIENTE_PEDIDO;CODIGO_CLI_PED
NIF_CLIENTE_PEDIDO;NIF_CLIENTE_PED
EMAIL_CLIENTE_PEDIDO;EMAIL_CLIENTE_PED
REFERENCIAPS_PEDIDO;REFERENCIAPS_PED
IDPS_PEDIDO;IDPS_PED
FECHAPS_PEDIDO;FECHAPS_PED
FORMAPAGOPS_PEDIDO;FORMAPAGOPS_PED
TRANSPORTISTAPS_PEDIDO;TRANSPORTISTAPS_PED
ESTADOPEDIDOPS_PEDIDO;ESTADOPEDIDOPS_PED
ESTADOMENSAJEPS_PEDIDO;ESTADOMENSAJEPS_PED
IDHILOPS_MENSAJES_PEDIDO;IDHILOPS_MENSAJES_PED
NOMBRE_CLIENTE_ENVIO_PEDIDO;NOMBRE_CLI_ENVIO_PED
MOVIL_CLIENTE_ENVIO_PEDIDO;MOVIL_CLIENTE_ENVIO_PED
POBLACION_CLIENTE_ENVIO_PEDIDO;POBLACION_CLIENTE_ENVIO_PED
PROVINCIA_CLIENTE_ENVIO_PEDIDO;PROVINCIA_CLIENTE_ENVIO_PED
CPOSTAL_CLIENTE_ENVIO_PEDIDO;CODIGO_POSTAL_CLIENTE_ENVIO_PED
CODIGO_PAIS_CLIENTE_ENVIO_PEDIDO;CODIGO_PAI_CLIENTE_ENVIO_PED
NOMBRE_PAIS_CLIENTE_ENVIO_PEDIDO;NOMBRE_PAI_CLIENTE_ENVIO_PED
RAZONSOCIAL_CLIENTE_FISCAL_PEDIDO;RAZON_SOCIAL_CLIENTE_FISCAL_PED
MOVIL_CLIENTE_FISCAL_PEDIDO;MOVIL_CLIENTE_FISCAL_PED
EMAIL_CLIENTE_FISCAL_PEDIDO;EMAIL_CLIENTE_FISCAL_PED
POBLACION_CLIENTE_FISCAL_PEDIDO;POBLACION_CLIENTE_FISCAL_PED
PROVINCIA_CLIENTE_FISCAL_PEDIDO;PROVINCIA_CLIENTE_FISCAL_PED
CPOSTAL_CLIENTE_FISCAL_PEDIDO;CODIGO_POSTAL_CLIENTE_FISCAL_PED
CODIGO_PAIS_CLIENTE_FISCAL_PEDIDO;CODIGO_PAI_CLIENTE_FISCAL_PED
NOMBRE_PAIS_CLIENTE_FISCAL_PEDIDO;NOMBRE_PAI_CLIENTE_FISCAL_PED
ESIVA_RECARGO_CLIENTE_PEDIDO;ESIVA_RECARGO_CLIENTE_PED
ESIVA_EXENTO_CLIENTE_PEDIDO;ESIVA_EXENTO_CLIENTE_PED
ESREGIMENESPECIALAGRICOLA_CLIENTE_PEDIDO;ESREGIMENESPECIALAGRICOLA_CLIENTE_PED
ESRETENCIONES_CLIENTE_PEDIDO;ESRETENCIONES_CLIENTE_PED
TARIFA_ARTICULO_CLIENTE_PEDIDO;TARIFA_ARTICULO_CLIENTE_PED
ESIMP_INCL_TARIFA_CLIENTE_PEDIDO;ESIMP_INCL_TARIFA_CLIENTE_PED
ESINTRACOMUNITARIO_CLIENTE_PEDIDO;ESINTRACOMUNITARIO_CLIENTE_PED
ESIRPF_IMP_INCL_ZONA_IVA_PEDIDO;ESIRPF_IMP_INCL_ZONA_IVA_PED
ESAPLICA_RE_ZONA_IVA_PEDIDO;ESAPLICA_RE_ZONA_IVA_PED
ESIVAAGRICOLA_ZONA_IVA_PEDIDO;ESIVAAGRICOLA_ZONA_IVA_PED
PALABRA_REPORTS_ZONA_IVA_PEDIDO;PALABRA_REPORTS_ZONA_IVA_PED
CODIGO_IVA_PEDIDO;CODIGO_IVA_PED
ESVENTA_ACTIVO_FIJO_PEDIDO;ESVENTA_ACTIVO_FIJO_PED
PORCEN_IVAN_PEDIDO;PORCENTAJE_IVAN_PED
TOTAL_IVAN_PEDIDO;TOTAL_IVAN_PED
PORCEN_REN_PEDIDO;PORCENTAJE_REN_PED
TOTAL_REN_PEDIDO;TOTAL_REN_PED
TOTAL_BASEI_IVAN_PEDIDO;TOTAL_BASEI_IVAN_PED
PORCEN_IVAR_PEDIDO;PORCENTAJE_IVAR_PED
TOTAL_IVAR_PEDIDO;TOTAL_IVAR_PED
PORCEN_RER_PEDIDO;PORCENTAJE_RER_PED
TOTAL_RER_PEDIDO;TOTAL_RER_PED
TOTAL_BASEI_IVAR_PEDIDO;TOTAL_BASEI_IVAR_PED
PORCEN_IVAS_PEDIDO;PORCENTAJE_IVAS_PED
TOTAL_IVAS_PEDIDO;TOTAL_IVAS_PED
PORCEN_RES_PEDIDO;PORCENTAJE_RES_PED
TOTAL_RES_PEDIDO;TOTAL_RES_PED
TOTAL_BASEI_IVAS_PEDIDO;TOTAL_BASEI_IVAS_PED
PORCEN_IVAE_PEDIDO;PORCENTAJE_IVAE_PED
TOTAL_IVAE_PEDIDO;TOTAL_IVAE_PED
PORCEN_REE_PEDIDO;PORCENTAJE_REE_PED
TOTAL_REE_PEDIDO;TOTAL_REE_PED
TOTAL_BASEI_IVAE_PEDIDO;TOTAL_BASEI_IVAE_PED
TOTAL_BASES_PEDIDO;TOTAL_BASES_PED
TOTAL_IMPUESTOS_PEDIDO;TOTAL_IMPUESTOS_PED
FORMA_PAGO_PEDIDO;FORMA_PAGO_PED
PORCEN_RETENCION_PEDIDO;PORCENTAJE_RETENCION_PED
TOTAL_RETENCION_PEDIDO;TOTAL_RETENCION_PED
TOTAL_LIQUIDO_PEDIDO;TOTAL_LIQUIDO_PED
TOTAL_PAGADOREALPS_PEDIDO;TOTAL_PAGADOREALPS_PED
NRO_PEDIDO_ABONO_PEDIDO;NUMERO_PED_ABONO_PED
SERIE_PEDIDO_ABONO_PEDIDO;SERIE_PED_ABONO_PED
TEXTO_LEGAL_PEDIDO_CLIENTE_PEDIDO;TEXTO_LEGAL_CLIENTE_PED
TEXTO_LEGAL_PEDIDO_EMPRESA_PEDIDO;TEXTO_LEGAL_EMPRESA_PED
DOCUMENTO_PEDIDO;DOCUMENTO_PED
COMENTARIOS_PEDIDO;COMENTARIOS_PED
CONTADOR_LINEAS_PEDIDO;CONTADOR_LINEAS_PED
ESCREARARTICULOS_PEDIDO;ESCREARARTICULOS_PED
ESDESCRIPCIONES_AMP_PEDIDO;ESDESCRIPCIONES_AMP_PED
ESFECHADEENTREGA_PEDIDO;ESFECHADEENTREGA_PED
NRO_PEDIDO_LINEA;NUMERO_PED_PEDLIN
SERIE_PEDIDO_LINEA;SERIE_PED_PEDLIN
LINEA_PEDIDO_LINEA;LINEA_PEDLIN
IDLINEAPS_PEDIDO_LINEA;IDLINEAPS_PEDLIN
IDPRODPS_PEDIDO_LINEA;IDPRODPS_PEDLIN
CODIGOPRODPS_PEDIDO_LINEA;CODIGOPRODPS_PEDLIN
IDATRIBPRODPS_PEDIDO_LINEA;IDATRIBPRODPS_PEDLIN
CODIGO_ARTICULO_PEDIDO_LINEA;CODIGO_ART_PEDLIN
CODIGO_FAMILIA_PEDIDO_LINEA;CODIGO_FAM_PEDLIN
NOMBRE_FAMILIA_PEDIDO_LINEA;NOMBRE_FAM_PEDLIN
FECHA_ENTREGA_PEDIDO_LINEA;FECHA_ENTREGA_PEDLIN
TIPO_CANTIDAD_ARTICULO_PEDIDO_LINEA;TIPO_CANTIDAD_ARTICULO_PEDLIN
ESIMP_INCL_TARIFA_PEDIDO_LINEA;ESIMP_INCL_TARIFA_PEDLIN
TIPOIVA_ARTICULO_PEDIDO_LINEA;TIPO_IVA_ARTICULO_PEDLIN
DESCRIPCION_ARTICULO_PEDIDO_LINEA;DESCRIPCION_ARTICULO_PEDLIN
CODIGO_TARIFA_PEDIDO_LINEA;CODIGO_TAR_PEDLIN
CANTIDAD_PEDIDO_LINEA;CANTIDAD_PEDLIN
PRECIOVENTA_SIVA_ARTICULO_PEDIDO_LINEA;PRECIO_VENTA_SIVA_ARTICULO_PEDLIN
PORCEN_IVA_PEDIDO_LINEA;PORCENTAJE_IVA_PEDLIN
PRECIOVENTA_CIVA_ARTICULO_PEDIDO_LINEA;PRECIO_VENTA_CIVA_ARTICULO_PEDLIN
TOTAL_PEDIDO_LINEA;TOTAL_PEDLIN
IDPS_MENSAJES_PEDIDO;IDPS_MENSAJES_PEDMSG
IDMENSAJEPS_MENSAJE_PEDIDO;IDMENSAJEPS_PEDMSG
IDEMPLEADOPS_MENSAJE_PEDIDO;IDEMPLEADOPS_PEDMSG
MENSAJEPS_MENSAJE_PEDIDO;MENSAJEPS_PEDMSG
FECHAPS_MENSAJE_PEDIDO;FECHAPS_PEDMSG
NOMBRE_PROPIEDAD;NOMBRE_PROP
TIPO_VALOR;TIPO_VALOR_PROP
ACTIVO_PROPIEDAD;ESACTIVO_PROP
ID_PROPIEDAD_PV;ID_PROP_PV
VALOR_PV;PV
CODIGO_PROVEEDOR;CODIGO_PRV
ACTIVO_PROVEEDOR;ESACTIVO_PRV
ORDEN_PROVEEDOR;ORDEN_PRV
RAZONSOCIAL_PROVEEDOR;RAZON_SOCIAL_PRV
NIF_PROVEEDOR;NIF_PRV
MOVIL_PROVEEDOR;MOVIL_PRV
EMAIL_PROVEEDOR;EMAIL_PRV
POBLACION_PROVEEDOR;POBLACION_PRV
PROVINCIA_PROVEEDOR;PROVINCIA_PRV
CPOSTAL_PROVEEDOR;CODIGO_POSTAL_PRV
PAIS_PROVEEDOR;PAIS_PRV
OBSERVACIONES_PROVEEDOR;OBSERVACIONES_PRV
REFERENCIA_PROVEEDOR;REFERENCIA_PRV
CONTACTO_PROVEEDOR;CONTACTO_PRV
TELEFONO_CONTACTO_PROVEEDOR;TELEFONO_CONTACTO_PRV
TELEFONO_PROVEEDOR;TELEFONO_PRV
IBAN_PROVEEDOR;IBAN_PRV
CODIGO_PROVEEDOR_PF;CODIGO_PRV_PF
CODIGO_FAMILIA_PF;CODIGO_FAM_PF
TIPO_VARIACION_PF;TIPO_VAR_PF
CODIGO_PROVEEDOR_PFC;CODIGO_PRV_PFC
CODIGO_FAMILIA_PFC;CODIGO_FAM_PFC
ID_CONJUNTO_PFC;ID_AC_PFC
NRO_FACTURA_RECIBO;NUMERO_FAC_REC
SERIE_FACTURA_RECIBO;SERIE_FAC_REC
NRO_PLAZO_RECIBO;NUMERO_PLAZO_REC
FORMA_PAGO_ORIGEN_RECIBO;FORMA_PAGO_ORIGEN_RECIBO_REC
FORMA_PAGO_DESCRIPCION_ORIGEN_RECIBO;FORMA_PAGO_DESCRIPCION_ORIGEN_RECIBO_REC
EUROS_RECIBO;EUROS_RECIBO_REC
STADO_RECIBO;ESTADO_RECIBO_REC
FECHA_EXPEDICION_RECIBO;FECHA_EXPEDICION_RECIBO_REC
FECHA_VENCIMIENTO_RECIBO;FECHA_VENCIMIENTO_RECIBO_REC
IBAN_CLIENTE_RECIBO;IBAN_CLI_REC
FECHA_PAGO_RECIBO;FECHA_PAGO_RECIBO_REC
LOCALIDAD_EXPEDICION_RECIBO;LOCALIDAD_EXPEDICION_RECIBO_REC
CODIGO_CLIENTE_RECIBO;CODIGO_CLI_REC
RAZONSOCIAL_CLIENTE_RECIBO;RAZON_SOCIAL_CLI_REC
POBLACION_CLIENTE_RECIBO;POBLACION_CLI_REC
PROVINCIA_CLIENTE_RECIBO;PROVINCIA_CLI_REC
CPOSTAL_CLIENTE_RECIBO;CODIGO_POSTAL_CLI_REC
CODIGO_PAIS_CLIENTE_RECIBO;CODIGO_PAI_CLI_REC
NOMBRE_PAIS_CLIENTE_RECIBO;NOMBRE_PAI_CLI_REC
IMPORTE_LETRA_RECIBO;IMPORTE_LETRA_RECIBO_REC
ORDEN_TARIFA;ORDEN_TAR
NOMBRE_TARIFA;NOMBRE_TAR
ESIMP_INCL_TARIFA;ESIMP_INCL_TAR
ESDEFAULT_TARIFA;ESDEFAULT_TAR
CODIGO_TIPODOCUMENTO;CODIGO_TIPO_DOCUMENTO_TD
DESCRIPCION_TIPODOCUMENTO;DESCRIPCION_TIPO_DOCUMENTO_TD
TABLAORIGEN_TIPODOCUMENTO;TABLA_ORIGEN_TIPO_DOCUMENTO_TD
USUARIO_USUARIO;USUARIO_USU
PASSWORD_USUARIO;PASSWORD_USU
GRUPO_USUARIO;GRUPO_USU
ACTIVO_USUARIO;ESACTIVO_USU
EMPRESADEF_USUARIO;EMPRESA_DEFECTO_USU
DIMINUTIVO_TICKET_USUARIO;DIMINUTIVO_TICKET_USU
CODIGO_EMPLEADO_USUARIO;CODIGO_EMPLEADO_USU
ULTIMOLOGIN_USUARIO;ULTIMO_LOGIN_USU
ALMACENDEF_USUARIO;ALMACEN_DEFECTO_USU
CAJADEF_USUARIO;CAJA_DEFECTO_USU
GRUPO_GRUPO;GRUPO_USUGRP
ESGRUPOADMINISTRADOR_GRUPO;ESGRUPOADMINISTRADOR_USUGRP
USUARIO_GRUPO_PERFILES;USUARIO_GRUPO_USUPER
KEY_PERFILES;KEY_USUPER
SUBKEY_PERFILES;SUBKEY_USUPER
VALUE_PERFILES;VALUE_USUPER
VALUE_TEXT_PERFILES;VALUE_TEXT_USUPER
TYPE_BLOB_PERFILES;TYPE_BLOB_USUPER
VALUE_BLOB_PERFILES;VALUE_BLOB_USUPER
TABLA_OBJETIVO_DEF;TABLA_OBJETIVO_DEF_VD
CAMPO_OBJETIVO_DEF;CAMPO_OBJETIVO_DEF_VD
VALOR_DEFECTO_DEF;VALOR_DEF_VD
TIPO_DATO_DEF;TIPO_DATO_DEF_VD
DESCRIPCION_DEF;DESCRIPCION_DEF_VD
VALORES_POSIBLES_DEF;VALORES_POSIBLES_DEF_VD
ID_VA;ID_VAR_VA
ID_ATRIBUTO_VA;ID_ATB_VA
NRO_FACTURA_LOG;NUMERO_FAC_LOG
SERIE_FACTURA_LOG;SERIE_FAC_LOG
