"Problema";"Ruta"
"BOM_UTF8_AUSENTE";"DESARROLLOS EN CURSO\ColumnSKUcxGrid\ColumnSKUcxGridTest.dpr"
"BOM_UTF8_AUSENTE";"DESARROLLOS EN CURSO\ColumnSKUcxGrid\inMtoPruebaColumnasSku.dfm"
"BOM_UTF8_AUSENTE";"DESARROLLOS EN CURSO\ColumnSKUcxGrid\inMtoPruebaColumnasSku.pas"
"BOM_UTF8_AUSENTE";"DESARROLLOS EN CURSO\ColumnSKUcxGrid\inMtoPruebaColumnasSkuLogon.dfm"
"BOM_UTF8_AUSENTE";"DESARROLLOS EN CURSO\ColumnSKUcxGrid\inMtoPruebaColumnasSkuLogon.pas"
"BOM_UTF8_AUSENTE";"DESARROLLOS EN CURSO\PruebasContextoSesionFase10A\PruebasContextoSesionFase10A.dpr"
"BOM_UTF8_AUSENTE";"DESARROLLOS EN CURSO\PruebasHojaCalculoFase0\inLibHojaCalculoUtilTests.pas"
"BOM_UTF8_AUSENTE";"DESARROLLOS EN CURSO\PruebasHojaCalculoFase0\PruebasHojaCalculoFase0.dpr"
"BOM_UTF8_AUSENTE";"DESARROLLOS EN CURSO\PruebasHojaCalculoFase1\inLibHojaCalculoFalso.pas"
"BOM_UTF8_AUSENTE";"DESARROLLOS EN CURSO\PruebasHojaCalculoFase1\inLibHojaCalculoFalsoTests.pas"
"BOM_UTF8_AUSENTE";"DESARROLLOS EN CURSO\PruebasHojaCalculoFase1\PruebasHojaCalculoFase1.dpr"
"BOM_UTF8_AUSENTE";"DESARROLLOS EN CURSO\PruebasHojaCalculoFase2\inLibMovVentasArtExcelTests.pas"
"BOM_UTF8_AUSENTE";"DESARROLLOS EN CURSO\PruebasHojaCalculoFase2\PruebasHojaCalculoFase2.dpr"
"BOM_UTF8_AUSENTE";"DESARROLLOS EN CURSO\PruebasHojaCalculoFase3\inLibInventarioImportTests.pas"
"BOM_UTF8_AUSENTE";"DESARROLLOS EN CURSO\PruebasHojaCalculoFase3\PruebasHojaCalculoFase3.dpr"
"BOM_UTF8_AUSENTE";"DESARROLLOS EN CURSO\PruebasParametrosFase12A\PruebasParametrosBase.dpr"
"BOM_UTF8_AUSENTE";"DESARROLLOS EN CURSO\TestPerformanceConn\UTestSqlSrv.dfm"
"BOM_UTF8_AUSENTE";"fzam.dxSettings.pas"
"BOM_UTF8_AUSENTE";"InformesNuevos\comparativa_periodos\comunes_modificados\src\Core\inMtoPrincipal.dfm"
"BOM_UTF8_AUSENTE";"InformesNuevos\comparativa_periodos\nuevos\src\Forms\inMtoComparativaMovimientos.dfm"
"BOM_UTF8_AUSENTE";"src\3rdpartyComp\DCPCrypt-master\Ciphers\DCPblowfish.pas"
"BOM_UTF8_AUSENTE";"src\3rdpartyComp\DCPCrypt-master\Ciphers\DCPcast128.pas"
"BOM_UTF8_AUSENTE";"src\3rdpartyComp\DCPCrypt-master\Ciphers\DCPcast256.pas"
"BOM_UTF8_AUSENTE";"src\3rdpartyComp\DCPCrypt-master\Ciphers\DCPdes.pas"
"BOM_UTF8_AUSENTE";"src\3rdpartyComp\DCPCrypt-master\Ciphers\DCPgost.pas"
"BOM_UTF8_AUSENTE";"src\3rdpartyComp\DCPCrypt-master\Ciphers\DCPice.pas"
"BOM_UTF8_AUSENTE";"src\3rdpartyComp\DCPCrypt-master\Ciphers\DCPidea.pas"
"BOM_UTF8_AUSENTE";"src\3rdpartyComp\DCPCrypt-master\Ciphers\DCPmars.pas"
"BOM_UTF8_AUSENTE";"src\3rdpartyComp\DCPCrypt-master\Ciphers\DCPmisty1.pas"
"BOM_UTF8_AUSENTE";"src\3rdpartyComp\DCPCrypt-master\Ciphers\DCPrc2.pas"
"BOM_UTF8_AUSENTE";"src\3rdpartyComp\DCPCrypt-master\Ciphers\DCPrc4.pas"
"BOM_UTF8_AUSENTE";"src\3rdpartyComp\DCPCrypt-master\Ciphers\DCPrc5.pas"
"BOM_UTF8_AUSENTE";"src\3rdpartyComp\DCPCrypt-master\Ciphers\DCPrc6.pas"
"BOM_UTF8_AUSENTE";"src\3rdpartyComp\DCPCrypt-master\Ciphers\DCPrijndael.pas"
"BOM_UTF8_AUSENTE";"src\3rdpartyComp\DCPCrypt-master\Ciphers\DCPserpent.pas"
"BOM_UTF8_AUSENTE";"src\3rdpartyComp\DCPCrypt-master\Ciphers\DCPtea.pas"
"BOM_UTF8_AUSENTE";"src\3rdpartyComp\DCPCrypt-master\Ciphers\DCPtwofish.pas"
"BOM_UTF8_AUSENTE";"src\3rdpartyComp\DCPCrypt-master\DCPbase64.pas"
"BOM_UTF8_AUSENTE";"src\3rdpartyComp\DCPCrypt-master\DCPblockciphers.pas"
"BOM_UTF8_AUSENTE";"src\3rdpartyComp\DCPCrypt-master\DCPconst.pas"
"BOM_UTF8_AUSENTE";"src\3rdpartyComp\DCPCrypt-master\DCPcrypt2.pas"
"BOM_UTF8_AUSENTE";"src\3rdpartyComp\DCPCrypt-master\DCPreg.pas"
"BOM_UTF8_AUSENTE";"src\3rdpartyComp\DCPCrypt-master\demos\FileEncrypt\FileEncrypt.dpr"
"BOM_UTF8_AUSENTE";"src\3rdpartyComp\DCPCrypt-master\demos\FileEncrypt\uMain.pas"
"BOM_UTF8_AUSENTE";"src\3rdpartyComp\DCPCrypt-master\demos\FileHash\FileHash.dpr"
"BOM_UTF8_AUSENTE";"src\3rdpartyComp\DCPCrypt-master\demos\FileHash\uMain.pas"
"BOM_UTF8_AUSENTE";"src\3rdpartyComp\DCPCrypt-master\Hashes\DCPhaval.pas"
"BOM_UTF8_AUSENTE";"src\3rdpartyComp\DCPCrypt-master\Hashes\DCPmd4.pas"
"BOM_UTF8_AUSENTE";"src\3rdpartyComp\DCPCrypt-master\Hashes\DCPmd5.pas"
"BOM_UTF8_AUSENTE";"src\3rdpartyComp\DCPCrypt-master\Hashes\DCPripemd128.pas"
"BOM_UTF8_AUSENTE";"src\3rdpartyComp\DCPCrypt-master\Hashes\DCPripemd160.pas"
"BOM_UTF8_AUSENTE";"src\3rdpartyComp\DCPCrypt-master\Hashes\DCPsha1.pas"
"BOM_UTF8_AUSENTE";"src\3rdpartyComp\DCPCrypt-master\Hashes\DCPsha256.pas"
"BOM_UTF8_AUSENTE";"src\3rdpartyComp\DCPCrypt-master\Hashes\DCPsha512.pas"
"BOM_UTF8_AUSENTE";"src\3rdpartyComp\DCPCrypt-master\Hashes\DCPtiger.pas"
"BOM_UTF8_AUSENTE";"src\3rdpartyComp\DCPCrypt-master\ORawByteString.pas"
"BOM_UTF8_AUSENTE";"src\3rdpartyComp\SQLBuilder4Delphi\dependencies\gaSQLParser\src\gaAdvancedSQLParser.pas"
"BOM_UTF8_AUSENTE";"src\3rdpartyComp\SQLBuilder4Delphi\dependencies\gaSQLParser\src\gaBasicSQLParser.pas"
"BOM_UTF8_AUSENTE";"src\3rdpartyComp\SQLBuilder4Delphi\dependencies\gaSQLParser\src\gaDeleteStm.pas"
"BOM_UTF8_AUSENTE";"src\3rdpartyComp\SQLBuilder4Delphi\dependencies\gaSQLParser\src\gaInsertStm.pas"
"BOM_UTF8_AUSENTE";"src\3rdpartyComp\SQLBuilder4Delphi\dependencies\gaSQLParser\src\gaLnkList.pas"
"BOM_UTF8_AUSENTE";"src\3rdpartyComp\SQLBuilder4Delphi\dependencies\gaSQLParser\src\gaParserVisitor.pas"
"BOM_UTF8_AUSENTE";"src\3rdpartyComp\SQLBuilder4Delphi\dependencies\gaSQLParser\src\gaQueryParsersReg.pas"
"BOM_UTF8_AUSENTE";"src\3rdpartyComp\SQLBuilder4Delphi\dependencies\gaSQLParser\src\gaSelectStm.pas"
"BOM_UTF8_AUSENTE";"src\3rdpartyComp\SQLBuilder4Delphi\dependencies\gaSQLParser\src\gaSQLExpressionParsers.pas"
"BOM_UTF8_AUSENTE";"src\3rdpartyComp\SQLBuilder4Delphi\dependencies\gaSQLParser\src\gaSQLFieldRefParsers.pas"
"BOM_UTF8_AUSENTE";"src\3rdpartyComp\SQLBuilder4Delphi\dependencies\gaSQLParser\src\gaSQLParserConsts.pas"
"BOM_UTF8_AUSENTE";"src\3rdpartyComp\SQLBuilder4Delphi\dependencies\gaSQLParser\src\gaSQLParserHelperClasses.pas"
"BOM_UTF8_AUSENTE";"src\3rdpartyComp\SQLBuilder4Delphi\dependencies\gaSQLParser\src\gaSQLSelectFieldParsers.pas"
"BOM_UTF8_AUSENTE";"src\3rdpartyComp\SQLBuilder4Delphi\dependencies\gaSQLParser\src\gaSQLTableRefParsers.pas"
"BOM_UTF8_AUSENTE";"src\3rdpartyComp\SQLBuilder4Delphi\dependencies\gaSQLParser\src\gaUpdateStm.pas"
"BOM_UTF8_AUSENTE";"src\3rdpartyComp\SQLBuilder4Delphi\src\SQLBuilder4D.Parser.GaSQLParser.pas"
"BOM_UTF8_AUSENTE";"src\3rdpartyComp\SQLBuilder4Delphi\src\SQLBuilder4D.Parser.pas"
"BOM_UTF8_AUSENTE";"src\3rdpartyComp\SQLBuilder4Delphi\src\SQLBuilder4D.pas"
"BOM_UTF8_AUSENTE";"src\3rdpartyComp\SQLBuilder4Delphi\unittest\SQLBuilder4D.Parser.UnitTest.pas"
"BOM_UTF8_AUSENTE";"src\3rdpartyComp\SQLBuilder4Delphi\unittest\SQLBuilder4D.UnitTest.pas"
"BOM_UTF8_AUSENTE";"src\3rdpartyComp\SQLBuilder4Delphi\unittest\SQLBuilder4DParserTests.dpr"
"BOM_UTF8_AUSENTE";"src\3rdpartyComp\SQLBuilder4Delphi\unittest\SQLBuilder4DTests.dpr"
"BOM_UTF8_AUSENTE";"src\3rdpartyComp\SynEdit\Source\dlgConfirmReplace.dfm"
"BOM_UTF8_AUSENTE";"src\3rdpartyComp\SynEdit\Source\dlgConfirmReplace.pas"
"BOM_UTF8_AUSENTE";"src\3rdpartyComp\SynEdit\Source\dlgReplaceText.dfm"
"BOM_UTF8_AUSENTE";"src\3rdpartyComp\SynEdit\Source\dlgReplaceText.pas"
"BOM_UTF8_AUSENTE";"src\3rdpartyComp\SynEdit\Source\dlgSearchText.dfm"
"BOM_UTF8_AUSENTE";"src\3rdpartyComp\SynEdit\Source\dlgSearchText.pas"
"BOM_UTF8_AUSENTE";"src\3rdpartyComp\SynEdit\Source\DPageSetup.pas"
"BOM_UTF8_AUSENTE";"src\3rdpartyComp\SynEdit\Source\FSynHighlightProp.pas"
"BOM_UTF8_AUSENTE";"src\3rdpartyComp\SynEdit\Source\FTestPrintPreview.dfm"
"BOM_UTF8_AUSENTE";"src\3rdpartyComp\SynEdit\Source\FTestPrintPreview.pas"
"BOM_UTF8_AUSENTE";"src\3rdpartyComp\SynEdit\Source\SynAccessibility.pas"
"BOM_UTF8_AUSENTE";"src\3rdpartyComp\SynEdit\Source\SynAutoCorrectEditor.dfm"
"BOM_UTF8_AUSENTE";"src\3rdpartyComp\SynEdit\Source\SynAutoCorrectEditor.pas"
"BOM_UTF8_AUSENTE";"src\3rdpartyComp\SynEdit\Source\SynDWrite.pas"
"BOM_UTF8_AUSENTE";"src\3rdpartyComp\SynEdit\Source\SynEditActionsResource.pas"
"BOM_UTF8_AUSENTE";"src\3rdpartyComp\SynEdit\Source\SynEditCodeFolding.pas"
"BOM_UTF8_AUSENTE";"src\3rdpartyComp\SynEdit\Source\SynEditDataObject.pas"
"BOM_UTF8_AUSENTE";"src\3rdpartyComp\SynEdit\Source\SynEditDocumentManager.pas"
"BOM_UTF8_AUSENTE";"src\3rdpartyComp\SynEdit\Source\SynEditDragDrop.pas"
"BOM_UTF8_AUSENTE";"src\3rdpartyComp\SynEdit\Source\SynEditExport.pas"
"BOM_UTF8_AUSENTE";"src\3rdpartyComp\SynEdit\Source\SynEditHighlighterOptions.pas"
"BOM_UTF8_AUSENTE";"src\3rdpartyComp\SynEdit\Source\SynEditKbdHandler.pas"
"BOM_UTF8_AUSENTE";"src\3rdpartyComp\SynEdit\Source\SynEditKeyCmdEditor.dfm"
"BOM_UTF8_AUSENTE";"src\3rdpartyComp\SynEdit\Source\SynEditKeyCmdEditor.pas"
"BOM_UTF8_AUSENTE";"src\3rdpartyComp\SynEdit\Source\SynEditKeyCmds.pas"
"BOM_UTF8_AUSENTE";"src\3rdpartyComp\SynEdit\Source\SynEditKeyCmdsEditor.dfm"
"BOM_UTF8_AUSENTE";"src\3rdpartyComp\SynEdit\Source\SynEditKeyCmdsEditor.pas"
"BOM_UTF8_AUSENTE";"src\3rdpartyComp\SynEdit\Source\SynEditKeyConst.pas"
"BOM_UTF8_AUSENTE";"src\3rdpartyComp\SynEdit\Source\SynEditMiscClasses.pas"
"BOM_UTF8_AUSENTE";"src\3rdpartyComp\SynEdit\Source\SynEditOptionsDialog.pas"
"BOM_UTF8_AUSENTE";"src\3rdpartyComp\SynEdit\Source\SynEditPlugins.pas"
"BOM_UTF8_AUSENTE";"src\3rdpartyComp\SynEdit\Source\SynEditPrinterInfo.pas"
"BOM_UTF8_AUSENTE";"src\3rdpartyComp\SynEdit\Source\SynEditPrintHeaderFooter.pas"
"BOM_UTF8_AUSENTE";"src\3rdpartyComp\SynEdit\Source\SynEditPrintMargins.pas"
"BOM_UTF8_AUSENTE";"src\3rdpartyComp\SynEdit\Source\SynEditPrintMarginsDialog.dfm"
"BOM_UTF8_AUSENTE";"src\3rdpartyComp\SynEdit\Source\SynEditPrintMarginsDialog.pas"
"BOM_UTF8_AUSENTE";"src\3rdpartyComp\SynEdit\Source\SynEditPrintPreview.pas"
"BOM_UTF8_AUSENTE";"src\3rdpartyComp\SynEdit\Source\SynEditPrintTypes.pas"
"BOM_UTF8_AUSENTE";"src\3rdpartyComp\SynEdit\Source\SynEditPropertyReg.pas"
"BOM_UTF8_AUSENTE";"src\3rdpartyComp\SynEdit\Source\SynEditPythonBehaviour.pas"
"BOM_UTF8_AUSENTE";"src\3rdpartyComp\SynEdit\Source\SynEditReg.pas"
"BOM_UTF8_AUSENTE";"src\3rdpartyComp\SynEdit\Source\SynEditRegexSearch.pas"
"BOM_UTF8_AUSENTE";"src\3rdpartyComp\SynEdit\Source\SynEditScrollBars.pas"
"BOM_UTF8_AUSENTE";"src\3rdpartyComp\SynEdit\Source\SynEditStrConst.pas"
"BOM_UTF8_AUSENTE";"src\3rdpartyComp\SynEdit\Source\SynEditTextBuffer.pas"
"BOM_UTF8_AUSENTE";"src\3rdpartyComp\SynEdit\Source\SynEditTypes.pas"
"BOM_UTF8_AUSENTE";"src\3rdpartyComp\SynEdit\Source\SynEditUndo.pas"
"BOM_UTF8_AUSENTE";"src\3rdpartyComp\SynEdit\Source\SynEditWildcardSearch.pas"
"BOM_UTF8_AUSENTE";"src\3rdpartyComp\SynEdit\Source\SynEditWordWrap.pas"
"BOM_UTF8_AUSENTE";"src\3rdpartyComp\SynEdit\Source\SynExportHTML.pas"
"BOM_UTF8_AUSENTE";"src\3rdpartyComp\SynEdit\Source\SynExportTeX.pas"
"BOM_UTF8_AUSENTE";"src\3rdpartyComp\SynEdit\Source\SynHighlighterADSP21xx.pas"
"BOM_UTF8_AUSENTE";"src\3rdpartyComp\SynEdit\Source\SynHighlighterAsm.pas"
"BOM_UTF8_AUSENTE";"src\3rdpartyComp\SynEdit\Source\SynHighlighterAsmMASM.pas"
"BOM_UTF8_AUSENTE";"src\3rdpartyComp\SynEdit\Source\SynHighlighterAWK.pas"
"BOM_UTF8_AUSENTE";"src\3rdpartyComp\SynEdit\Source\SynHighlighterBaan.pas"
"BOM_UTF8_AUSENTE";"src\3rdpartyComp\SynEdit\Source\SynHighlighterBat.pas"
"BOM_UTF8_AUSENTE";"src\3rdpartyComp\SynEdit\Source\SynHighlighterCAC.pas"
"BOM_UTF8_AUSENTE";"src\3rdpartyComp\SynEdit\Source\SynHighlighterCache.pas"
"BOM_UTF8_AUSENTE";"src\3rdpartyComp\SynEdit\Source\SynHighlighterCobol.pas"
"BOM_UTF8_AUSENTE";"src\3rdpartyComp\SynEdit\Source\SynHighlighterCPM.pas"
"BOM_UTF8_AUSENTE";"src\3rdpartyComp\SynEdit\Source\SynHighlighterCpp.pas"
"BOM_UTF8_AUSENTE";"src\3rdpartyComp\SynEdit\Source\SynHighlighterCS.pas"
"BOM_UTF8_AUSENTE";"src\3rdpartyComp\SynEdit\Source\SynHighlighterCss.pas"
"BOM_UTF8_AUSENTE";"src\3rdpartyComp\SynEdit\Source\SynHighlighterDfm.pas"
"BOM_UTF8_AUSENTE";"src\3rdpartyComp\SynEdit\Source\SynHighlighterDml.pas"
"BOM_UTF8_AUSENTE";"src\3rdpartyComp\SynEdit\Source\SynHighlighterDOT.pas"
"BOM_UTF8_AUSENTE";"src\3rdpartyComp\SynEdit\Source\SynHighlighterDWS.pas"
"BOM_UTF8_AUSENTE";"src\3rdpartyComp\SynEdit\Source\SynHighlighterECMAScript.pas"
"BOM_UTF8_AUSENTE";"src\3rdpartyComp\SynEdit\Source\SynHighlighterEiffel.pas"
"BOM_UTF8_AUSENTE";"src\3rdpartyComp\SynEdit\Source\SynHighlighterFortran.pas"
"BOM_UTF8_AUSENTE";"src\3rdpartyComp\SynEdit\Source\SynHighlighterFoxpro.pas"
"BOM_UTF8_AUSENTE";"src\3rdpartyComp\SynEdit\Source\SynHighlighterGalaxy.pas"
"BOM_UTF8_AUSENTE";"src\3rdpartyComp\SynEdit\Source\SynHighlighterGeneral.pas"
"BOM_UTF8_AUSENTE";"src\3rdpartyComp\SynEdit\Source\SynHighlighterGLSL.pas"
"BOM_UTF8_AUSENTE";"src\3rdpartyComp\SynEdit\Source\SynHighlighterGo.pas"
"BOM_UTF8_AUSENTE";"src\3rdpartyComp\SynEdit\Source\SynHighlighterGWS.pas"
"BOM_UTF8_AUSENTE";"src\3rdpartyComp\SynEdit\Source\SynHighlighterHashEntries.pas"
"BOM_UTF8_AUSENTE";"src\3rdpartyComp\SynEdit\Source\SynHighlighterHaskell.pas"
"BOM_UTF8_AUSENTE";"src\3rdpartyComp\SynEdit\Source\SynHighlighterHC11.pas"
"BOM_UTF8_AUSENTE";"src\3rdpartyComp\SynEdit\Source\SynHighlighterHP48.pas"
"BOM_UTF8_AUSENTE";"src\3rdpartyComp\SynEdit\Source\SynHighlighterHtml.pas"
"BOM_UTF8_AUSENTE";"src\3rdpartyComp\SynEdit\Source\SynHighlighterIDL.pas"
"BOM_UTF8_AUSENTE";"src\3rdpartyComp\SynEdit\Source\SynHighlighterIni.pas"
"BOM_UTF8_AUSENTE";"src\3rdpartyComp\SynEdit\Source\SynHighlighterInno.pas"
"BOM_UTF8_AUSENTE";"src\3rdpartyComp\SynEdit\Source\SynHighlighterJava.pas"
"BOM_UTF8_AUSENTE";"src\3rdpartyComp\SynEdit\Source\SynHighlighterJScript.pas"
"BOM_UTF8_AUSENTE";"src\3rdpartyComp\SynEdit\Source\SynHighlighterJSON.pas"
"BOM_UTF8_AUSENTE";"src\3rdpartyComp\SynEdit\Source\SynHighlighterKix.pas"
"BOM_UTF8_AUSENTE";"src\3rdpartyComp\SynEdit\Source\SynHighlighterLDraw.pas"
"BOM_UTF8_AUSENTE";"src\3rdpartyComp\SynEdit\Source\SynHighlighterLLVM.pas"
"BOM_UTF8_AUSENTE";"src\3rdpartyComp\SynEdit\Source\SynHighlighterM3.pas"
"BOM_UTF8_AUSENTE";"src\3rdpartyComp\SynEdit\Source\SynHighlighterManager.pas"
"BOM_UTF8_AUSENTE";"src\3rdpartyComp\SynEdit\Source\SynHighlighterModelica.pas"
"BOM_UTF8_AUSENTE";"src\3rdpartyComp\SynEdit\Source\SynHighlighterMsg.pas"
"BOM_UTF8_AUSENTE";"src\3rdpartyComp\SynEdit\Source\SynHighlighterMulti.pas"
"BOM_UTF8_AUSENTE";"src\3rdpartyComp\SynEdit\Source\SynHighlighterPas.pas"
"BOM_UTF8_AUSENTE";"src\3rdpartyComp\SynEdit\Source\SynHighlighterProgress.pas"
"BOM_UTF8_AUSENTE";"src\3rdpartyComp\SynEdit\Source\SynHighlighterPython.pas"
"BOM_UTF8_AUSENTE";"src\3rdpartyComp\SynEdit\Source\SynHighlighterRC.pas"
"BOM_UTF8_AUSENTE";"src\3rdpartyComp\SynEdit\Source\SynHighlighterRexx.pas"
"BOM_UTF8_AUSENTE";"src\3rdpartyComp\SynEdit\Source\SynHighlighterRuby.pas"
"BOM_UTF8_AUSENTE";"src\3rdpartyComp\SynEdit\Source\SynHighlighterSDD.pas"
"BOM_UTF8_AUSENTE";"src\3rdpartyComp\SynEdit\Source\SynHighlighterSml.pas"
"BOM_UTF8_AUSENTE";"src\3rdpartyComp\SynEdit\Source\SynHighlighterST.pas"
"BOM_UTF8_AUSENTE";"src\3rdpartyComp\SynEdit\Source\SynHighlighterTclTk.pas"
"BOM_UTF8_AUSENTE";"src\3rdpartyComp\SynEdit\Source\SynHighlighterTeX.pas"
"BOM_UTF8_AUSENTE";"src\3rdpartyComp\SynEdit\Source\SynHighlighterUnreal.pas"
"BOM_UTF8_AUSENTE";"src\3rdpartyComp\SynEdit\Source\SynHighlighterURI.pas"
"BOM_UTF8_AUSENTE";"src\3rdpartyComp\SynEdit\Source\SynHighlighterVB.pas"
"BOM_UTF8_AUSENTE";"src\3rdpartyComp\SynEdit\Source\SynHighlighterVBScript.pas"
"BOM_UTF8_AUSENTE";"src\3rdpartyComp\SynEdit\Source\SynHighlighterVrml97.pas"
"BOM_UTF8_AUSENTE";"src\3rdpartyComp\SynEdit\Source\SynHighlighterWebIDL.pas"
"BOM_UTF8_AUSENTE";"src\3rdpartyComp\SynEdit\Source\SynHighlighterXML.pas"
"BOM_UTF8_AUSENTE";"src\3rdpartyComp\SynEdit\Source\SynHighlighterYAML.pas"
"BOM_UTF8_AUSENTE";"src\3rdpartyComp\SynEdit\Source\SynHighlighterZPL.pas"
"BOM_UTF8_AUSENTE";"src\3rdpartyComp\SynEdit\Source\SynMacroRecorder.pas"
"BOM_UTF8_AUSENTE";"src\3rdpartyComp\SynEdit\Source\SynMemo.pas"
"BOM_UTF8_AUSENTE";"src\3rdpartyComp\SynEdit\Source\SynOmniSetupDialog.pas"
"BOM_UTF8_AUSENTE";"src\3rdpartyComp\SynEdit\Source\SynSpellCheck.pas"
"BOM_UTF8_AUSENTE";"src\3rdpartyComp\SynEdit\Source\SynTextDrawer.pas"
"BOM_UTF8_AUSENTE";"src\3rdpartyComp\SynEdit\Source\SynURIOpener.pas"
"BOM_UTF8_AUSENTE";"src\3rdpartyComp\SynPDF\mORMotReport.pas"
"BOM_UTF8_AUSENTE";"src\3rdpartyComp\SynPDF\SynCommons.pas"
"BOM_UTF8_AUSENTE";"src\3rdpartyComp\SynPDF\SynCrypto.pas"
"BOM_UTF8_AUSENTE";"src\3rdpartyComp\SynPDF\SynFPCTypInfo.pas"
"BOM_UTF8_AUSENTE";"src\3rdpartyComp\SynPDF\SynGdiPlus.pas"
"BOM_UTF8_AUSENTE";"src\3rdpartyComp\SynPDF\SynLZ.pas"
"BOM_UTF8_AUSENTE";"src\3rdpartyComp\SynPDF\SynPdf.pas"
"BOM_UTF8_AUSENTE";"src\3rdpartyComp\SynPDF\SynTable.pas"
"BOM_UTF8_AUSENTE";"src\3rdpartyComp\SynPDF\SynZip.pas"
"BOM_UTF8_AUSENTE";"src\apps_fmx\recuento\fRecuentoConfig.pas"
"BOM_UTF8_AUSENTE";"src\apps_fmx\recuento\fRecuentoConteo.pas"
"BOM_UTF8_AUSENTE";"src\apps_fmx\recuento\fRecuentoMenu.pas"
"BOM_UTF8_AUSENTE";"src\apps_fmx\recuento\fRecuentoSelector.pas"
"BOM_UTF8_AUSENTE";"src\apps_fmx\recuento\RecuentoApi.pas"
"BOM_UTF8_AUSENTE";"src\apps_fmx\recuento\RecuentoConfig.pas"
"BOM_UTF8_AUSENTE";"src\apps_fmx\recuento\RecuentoFzam.dpr"
"BOM_UTF8_AUSENTE";"src\apps_fmx\recuento\RecuentoLocal.pas"
"BOM_UTF8_AUSENTE";"src\apps_fmx\recuento\RecuentoModelo.pas"
"BOM_UTF8_AUSENTE";"src\apps_fmx\recuento\RecuentoSync.pas"
"BOM_UTF8_AUSENTE";"src\Caja\DataModules\UniDataArqueoTicketRepositorio.pas"
"BOM_UTF8_AUSENTE";"src\Caja\DataModules\UniDataCajaArqueosHist.dfm"
"BOM_UTF8_AUSENTE";"src\Caja\DataModules\UniDataCajaConsultasRepositorio.pas"
"BOM_UTF8_AUSENTE";"src\Caja\DataModules\UniDataCajaFormasPago.dfm"
"BOM_UTF8_AUSENTE";"src\Caja\DataModules\UniDataCajaOperacionesHist.dfm"
"BOM_UTF8_AUSENTE";"src\Caja\DataModules\UniDataCajaPagosHist.dfm"
"BOM_UTF8_AUSENTE";"src\Caja\DataModules\UniDataCajaValesHist.dfm"
"BOM_UTF8_AUSENTE";"src\Caja\DataModules\UniDataTicketsCajaRepositorio.pas"
"BOM_UTF8_AUSENTE";"src\Caja\DataModules\UniDataTiraCajaTicketRepositorio.pas"
"BOM_UTF8_AUSENTE";"src\Caja\DataModules\UniDataTraspaso.dfm"
"BOM_UTF8_AUSENTE";"src\Caja\DataModules\UniDataTraspasoTicketRepositorio.pas"
"BOM_UTF8_AUSENTE";"src\Caja\Forms\inMtoCajaArqueosHist.dfm"
"BOM_UTF8_AUSENTE";"src\Caja\Forms\inMtoCajaFaseCobro.dfm"
"BOM_UTF8_AUSENTE";"src\Caja\Forms\inMtoCajaFormasPago.dfm"
"BOM_UTF8_AUSENTE";"src\Caja\Forms\inMtoCajaMenu.dfm"
"BOM_UTF8_AUSENTE";"src\Caja\Forms\inMtoCajaOperacionesHist.dfm"
"BOM_UTF8_AUSENTE";"src\Caja\Forms\inMtoCajaPagosHist.dfm"
"BOM_UTF8_AUSENTE";"src\Caja\Forms\inMtoCajaParam.dfm"
"BOM_UTF8_AUSENTE";"src\Caja\Forms\inMtoCajaReferenciaPago.dfm"
"BOM_UTF8_AUSENTE";"src\Caja\Forms\inMtoCajaSeleccionVale.dfm"
"BOM_UTF8_AUSENTE";"src\Caja\Forms\inMtoCajaValesHist.dfm"
"BOM_UTF8_AUSENTE";"src\Caja\Forms\inMtoTraspasoOpe.dfm"
"BOM_UTF8_AUSENTE";"src\Caja\Lib\inLibArqueo.pas"
"BOM_UTF8_AUSENTE";"src\Caja\Lib\inLibArqueoIntf.pas"
"BOM_UTF8_AUSENTE";"src\Caja\Lib\inLibArqueoPersistencia.pas"
"BOM_UTF8_AUSENTE";"src\Caja\Lib\inLibArqueoTicketIntf.pas"
"BOM_UTF8_AUSENTE";"src\Caja\Lib\inLibTicketsCajaIntf.pas"
"BOM_UTF8_AUSENTE";"src\Caja\Lib\inLibTiraCajaTicketIntf.pas"
"BOM_UTF8_AUSENTE";"src\Caja\Lib\inLibTraspasoTicketIntf.pas"
"BOM_UTF8_AUSENTE";"src\Caja\Modals\inMtoModalArqueosHistCaja.dfm"
"BOM_UTF8_AUSENTE";"src\Caja\Modals\inMtoModalDevolucionTicket.dfm"
"BOM_UTF8_AUSENTE";"src\Caja\Modals\inMtoModalDevolucionTicket.pas"
"BOM_UTF8_AUSENTE";"src\Caja\Modals\inMtoModalGastoCaja.dfm"
"BOM_UTF8_AUSENTE";"src\Caja\Modals\inMtoModalImpArqueos.dfm"
"BOM_UTF8_AUSENTE";"src\Caja\Modals\inMtoModalImpArqueos.pas"
"BOM_UTF8_AUSENTE";"src\Caja\Modals\inMtoModalImpDepositos.dfm"
"BOM_UTF8_AUSENTE";"src\Caja\Modals\inMtoModalImpDepositos.pas"
"BOM_UTF8_AUSENTE";"src\Caja\Modals\inMtoModalImpOperaciones.dfm"
"BOM_UTF8_AUSENTE";"src\Caja\Modals\inMtoModalImpOperaciones.pas"
"BOM_UTF8_AUSENTE";"src\Caja\Modals\inMtoModalImpPagos.dfm"
"BOM_UTF8_AUSENTE";"src\Caja\Modals\inMtoModalImpPagos.pas"
"BOM_UTF8_AUSENTE";"src\Caja\Modals\inMtoModalMotivoDevolucion.dfm"
"BOM_UTF8_AUSENTE";"src\Caja\Modals\inMtoModalMotivoDevolucion.pas"
"BOM_UTF8_AUSENTE";"src\Caja\Modals\inMtoModalSeleccionVentaOrigen.dfm"
"BOM_UTF8_AUSENTE";"src\Caja\Modals\inMtoModalSeleccionVentaOrigen.pas"
"BOM_UTF8_AUSENTE";"src\Caja\Modals\inMtoModalTiraCaja.dfm"
"BOM_UTF8_AUSENTE";"src\Core\inMtoAppParam.dfm"
"BOM_UTF8_AUSENTE";"src\Core\inMtoFrmBase.dfm"
"BOM_UTF8_AUSENTE";"src\Core\inMtoPreviewExcel.dfm"
"BOM_UTF8_AUSENTE";"src\Core\inMtoPreviewTicket.dfm"
"BOM_UTF8_AUSENTE";"src\Core\inMtoSplash.dfm"
"BOM_UTF8_AUSENTE";"src\DataModules\UniDataArticulos.dfm"
"BOM_UTF8_AUSENTE";"src\DataModules\UniDataAtributosBasicos.dfm"
"BOM_UTF8_AUSENTE";"src\DataModules\UniDataAtributosConjuntos.dfm"
"BOM_UTF8_AUSENTE";"src\DataModules\UniDataAtributosPaletaRepositorio.pas"
"BOM_UTF8_AUSENTE";"src\DataModules\UniDataCatalogoSqlAplicacion.pas"
"BOM_UTF8_AUSENTE";"src\DataModules\UniDataCatalogoSqlValidacion.pas"
"BOM_UTF8_AUSENTE";"src\DataModules\UniDataClientes.dfm"
"BOM_UTF8_AUSENTE";"src\DataModules\UniDataColumnasSkuServicios.pas"
"BOM_UTF8_AUSENTE";"src\DataModules\UniDataConn.dfm"
"BOM_UTF8_AUSENTE";"src\DataModules\UniDataConsultaOpe.dfm"
"BOM_UTF8_AUSENTE";"src\DataModules\UniDataContadorLineasRepositorio.pas"
"BOM_UTF8_AUSENTE";"src\DataModules\UniDataDepositosCliente.dfm"
"BOM_UTF8_AUSENTE";"src\DataModules\UniDataDevolucionesCompraStockRepositorio.pas"
"BOM_UTF8_AUSENTE";"src\DataModules\UniDataDocumentosTrabajo.dfm"
"BOM_UTF8_AUSENTE";"src\DataModules\UniDataDocumentosTrabajoRepositorio.pas"
"BOM_UTF8_AUSENTE";"src\DataModules\UniDataEfectosCompra.dfm"
"BOM_UTF8_AUSENTE";"src\DataModules\UniDataEmpleados.dfm"
"BOM_UTF8_AUSENTE";"src\DataModules\UniDataEmpresas.dfm"
"BOM_UTF8_AUSENTE";"src\DataModules\UniDataFacturasRepositorio.pas"
"BOM_UTF8_AUSENTE";"src\DataModules\UniDataFamilias.dfm"
"BOM_UTF8_AUSENTE";"src\DataModules\UniDataFiltros.dfm"
"BOM_UTF8_AUSENTE";"src\DataModules\UniDataFormasdePago.dfm"
"BOM_UTF8_AUSENTE";"src\DataModules\UniDataGen.dfm"
"BOM_UTF8_AUSENTE";"src\DataModules\UniDataGenerarTicketRepositorio.pas"
"BOM_UTF8_AUSENTE";"src\DataModules\UniDataGenFilter.dfm"
"BOM_UTF8_AUSENTE";"src\DataModules\UniDataGrupos.dfm"
"BOM_UTF8_AUSENTE";"src\DataModules\UniDataInventarios.dfm"
"BOM_UTF8_AUSENTE";"src\DataModules\UniDataIvas.dfm"
"BOM_UTF8_AUSENTE";"src\DataModules\UniDataMovimientosAlmacen.dfm"
"BOM_UTF8_AUSENTE";"src\DataModules\UniDataPermisosAdminRepositorio.pas"
"BOM_UTF8_AUSENTE";"src\DataModules\UniDataPermisosGrupo.dfm"
"BOM_UTF8_AUSENTE";"src\DataModules\UniDataPropiedades.dfm"
"BOM_UTF8_AUSENTE";"src\DataModules\UniDataPropiedadesValores.dfm"
"BOM_UTF8_AUSENTE";"src\DataModules\UniDataProveedores.dfm"
"BOM_UTF8_AUSENTE";"src\DataModules\UniDataRemesasCompra.dfm"
"BOM_UTF8_AUSENTE";"src\DataModules\UniDataTarifas.dfm"
"BOM_UTF8_AUSENTE";"src\DataModules\UniDataTarifasCambios.dfm"
"BOM_UTF8_AUSENTE";"src\DataModules\UniDataUnidadesMedida.dfm"
"BOM_UTF8_AUSENTE";"src\DataModules\UniDataUsuariosPerfiles.dfm"
"BOM_UTF8_AUSENTE";"src\DataModules\UniDataVariaciones.dfm"
"BOM_UTF8_AUSENTE";"src\DataModules\UniDataVentasWsSesion.pas"
"BOM_UTF8_AUSENTE";"src\Forms\inMtoAlbaranes.dfm"
"BOM_UTF8_AUSENTE";"src\Forms\inMtoArticulos.dfm"
"BOM_UTF8_AUSENTE";"src\Forms\inMtoAtributosBasicos.dfm"
"BOM_UTF8_AUSENTE";"src\Forms\inMtoAtributosConjuntos.dfm"
"BOM_UTF8_AUSENTE";"src\Forms\inMtoComprasPlantillas.dfm"
"BOM_UTF8_AUSENTE";"src\Forms\inMtoDepositosCliente.dfm"
"BOM_UTF8_AUSENTE";"src\Forms\inMtoEfectosCompra.dfm"
"BOM_UTF8_AUSENTE";"src\Forms\inMtoEmpleados.dfm"
"BOM_UTF8_AUSENTE";"src\Forms\inMtoEmpresas.dfm"
"BOM_UTF8_AUSENTE";"src\Forms\inMtoFacturasSimplif.dfm"
"BOM_UTF8_AUSENTE";"src\Forms\inMtoFamilias.dfm"
"BOM_UTF8_AUSENTE";"src\Forms\inMtoFotoArticulo.dfm"
"BOM_UTF8_AUSENTE";"src\Forms\inMtoGen.dfm"
"BOM_UTF8_AUSENTE";"src\Forms\inMtoMovimientosAlmacen.dfm"
"BOM_UTF8_AUSENTE";"src\Forms\inMtoPermisos.dfm"
"BOM_UTF8_AUSENTE";"src\Forms\inMtoPermisosArbol.dfm"
"BOM_UTF8_AUSENTE";"src\Forms\inMtoPropiedades.dfm"
"BOM_UTF8_AUSENTE";"src\Forms\inMtoPropiedadesValores.dfm"
"BOM_UTF8_AUSENTE";"src\Forms\inMtoRemesasCompra.dfm"
"BOM_UTF8_AUSENTE";"src\Forms\inMtoTarifas.dfm"
"BOM_UTF8_AUSENTE";"src\Forms\inMtoTarifasCambios.dfm"
"BOM_UTF8_AUSENTE";"src\Forms\inMtoUnidadesMedida.dfm"
"BOM_UTF8_AUSENTE";"src\Forms\inMtoVariaciones.dfm"
"BOM_UTF8_AUSENTE";"src\fotos_nube\fmx\SubirFotosFmx.dpr"
"BOM_UTF8_AUSENTE";"src\fotos_nube\fmx\UColaFotosNube.pas"
"BOM_UTF8_AUSENTE";"src\fotos_nube\fmx\UConfigFotos.pas"
"BOM_UTF8_AUSENTE";"src\fotos_nube\fmx\UImagenUtil.pas"
"BOM_UTF8_AUSENTE";"src\Lib\backup\Backup.Types.pas"
"BOM_UTF8_AUSENTE";"src\Lib\IDETheme.ActnCtrls.pas"
"BOM_UTF8_AUSENTE";"src\Lib\inLibAlbaranesCompraMovimientosIntf.pas"
"BOM_UTF8_AUSENTE";"src\Lib\inLibAnfitrionDatosIntf.pas"
"BOM_UTF8_AUSENTE";"src\Lib\inLibArticulosAtributosIntf.pas"
"BOM_UTF8_AUSENTE";"src\Lib\inLibArticulosResolver.pas"
"BOM_UTF8_AUSENTE";"src\Lib\inLibArticulosResolverIntf.pas"
"BOM_UTF8_AUSENTE";"src\Lib\inLibArticulosValidadorIntf.pas"
"BOM_UTF8_AUSENTE";"src\Lib\inLibAtributosPaletaIntf.pas"
"BOM_UTF8_AUSENTE";"src\Lib\inLibCatalogoSqlAdmin.pas"
"BOM_UTF8_AUSENTE";"src\Lib\inLibCatalogoSqlEjecucion.pas"
"BOM_UTF8_AUSENTE";"src\Lib\inLibCatalogoSqlIncidencias.pas"
"BOM_UTF8_AUSENTE";"src\Lib\inLibCatalogoSqlIntf.pas"
"BOM_UTF8_AUSENTE";"src\Lib\inLibCatalogoSqlPerfiles.pas"
"BOM_UTF8_AUSENTE";"src\Lib\inLibCatalogoSqlRegistro.pas"
"BOM_UTF8_AUSENTE";"src\Lib\inLibCatalogoSqlValidacion.pas"
"BOM_UTF8_AUSENTE";"src\Lib\inLibComprasImpuestos.pas"
"BOM_UTF8_AUSENTE";"src\Lib\inLibComprasSesionesCreacion.pas"
"BOM_UTF8_AUSENTE";"src\Lib\inLibConfigCampos.pas"
"BOM_UTF8_AUSENTE";"src\Lib\inLibContadorLineas.pas"
"BOM_UTF8_AUSENTE";"src\Lib\inLibDevExcel.pas"
"BOM_UTF8_AUSENTE";"src\Lib\inLibDevolucionesCompraStock.pas"
"BOM_UTF8_AUSENTE";"src\Lib\inLibFacturaPdfBlob.pas"
"BOM_UTF8_AUSENTE";"src\Lib\inLibFormatoDocumento.pas"
"BOM_UTF8_AUSENTE";"src\Lib\inLibFormatoExcel.pas"
"BOM_UTF8_AUSENTE";"src\Lib\inLibGenerarTicketBD.pas"
"BOM_UTF8_AUSENTE";"src\Lib\inLibGenerarTicketIntf.pas"
"BOM_UTF8_AUSENTE";"src\Lib\inLibHojaCalculoIntf.pas"
"BOM_UTF8_AUSENTE";"src\Lib\inLibHojaCalculoUtil.pas"
"BOM_UTF8_AUSENTE";"src\Lib\inLibImagen.pas"
"BOM_UTF8_AUSENTE";"src\Lib\inLibInventarioExcel.pas"
"BOM_UTF8_AUSENTE";"src\Lib\inLibLectorScanner.pas"
"BOM_UTF8_AUSENTE";"src\Lib\inLibMovVentasArtExcel.pas"
"BOM_UTF8_AUSENTE";"src\Lib\inLibMsgTickets.pas"
"BOM_UTF8_AUSENTE";"src\Lib\inLibPermisosAdmin.pas"
"BOM_UTF8_AUSENTE";"src\Lib\inLibScanDateTime.pas"
"BOM_UTF8_AUSENTE";"src\Lib\inLibTraduccionesFastReport.pas"
"BOM_UTF8_AUSENTE";"src\Lib\inLibUnidadesMedida.pas"
"BOM_UTF8_AUSENTE";"src\Lib3par\DelphiZXIngQRCode.pas"
"BOM_UTF8_AUSENTE";"src\Lib3par\uDJMSepa.pas"
"BOM_UTF8_AUSENTE";"src\Lib3par\uDJMSepa1914XML.pas"
"BOM_UTF8_AUSENTE";"src\Lib3par\uDJMSepa3414XML.pas"
"BOM_UTF8_AUSENTE";"src\Modals\inMtoModalAceptCancel.dfm"
"BOM_UTF8_AUSENTE";"src\Modals\inMtoModalAddBlockDocumentoTrabajo.dfm"
"BOM_UTF8_AUSENTE";"src\Modals\inMtoModalAddBlockInventario.dfm"
"BOM_UTF8_AUSENTE";"src\Modals\inMtoModalAddBlockTarifa.dfm"
"BOM_UTF8_AUSENTE";"src\Modals\inMtoModalAddPreciosTar.pas"
"BOM_UTF8_AUSENTE";"src\Modals\inMtoModalArtTar.dfm"
"BOM_UTF8_AUSENTE";"src\Modals\inMtoModalArtTar.pas"
"BOM_UTF8_AUSENTE";"src\Modals\inMtoModalCajDef.dfm"
"BOM_UTF8_AUSENTE";"src\Modals\inMtoModalCajDef.pas"
"BOM_UTF8_AUSENTE";"src\Modals\inMtoModalCalcularMargen.dfm"
"BOM_UTF8_AUSENTE";"src\Modals\inMtoModalCargarEfectosRemesa.dfm"
"BOM_UTF8_AUSENTE";"src\Modals\inMtoModalCargarEfectosRemesa.pas"
"BOM_UTF8_AUSENTE";"src\Modals\inMtoModalCargarSesionTarifa.dfm"
"BOM_UTF8_AUSENTE";"src\Modals\inMtoModalCrearAlbaranSesion.dfm"
"BOM_UTF8_AUSENTE";"src\Modals\inMtoModalDistribuidor.dfm"
"BOM_UTF8_AUSENTE";"src\Modals\inMtoModalDocsCreados.dfm"
"BOM_UTF8_AUSENTE";"src\Modals\inMtoModalEmpCer.dfm"
"BOM_UTF8_AUSENTE";"src\Modals\inMtoModalEmpCer.pas"
"BOM_UTF8_AUSENTE";"src\Modals\inMtoModalEntradaCambio.dfm"
"BOM_UTF8_AUSENTE";"src\Modals\inMtoModalEtiqAlb.pas"
"BOM_UTF8_AUSENTE";"src\Modals\inMtoModalEtiqDev.pas"
"BOM_UTF8_AUSENTE";"src\Modals\inMtoModalEtiqPed.pas"
"BOM_UTF8_AUSENTE";"src\Modals\inMtoModalFacRec.dfm"
"BOM_UTF8_AUSENTE";"src\Modals\inMtoModalFacturarAlbaranes.dfm"
"BOM_UTF8_AUSENTE";"src\Modals\inMtoModalFacturarAlbaranes.pas"
"BOM_UTF8_AUSENTE";"src\Modals\inMtoModalFacturarTicket.dfm"
"BOM_UTF8_AUSENTE";"src\Modals\inMtoModalFotoArticulo.pas"
"BOM_UTF8_AUSENTE";"src\Modals\inMtoModalGenerarSKUs.dfm"
"BOM_UTF8_AUSENTE";"src\Modals\inMtoModalGenerarSKUs.pas"
"BOM_UTF8_AUSENTE";"src\Modals\inMtoModalGenImp.dfm"
"BOM_UTF8_AUSENTE";"src\Modals\inMtoModalGenImpEle.dfm"
"BOM_UTF8_AUSENTE";"src\Modals\inMtoModalGenImpSave.dfm"
"BOM_UTF8_AUSENTE";"src\Modals\inMtoModalGenPass.dfm"
"BOM_UTF8_AUSENTE";"src\Modals\inMtoModalGenPass.pas"
"BOM_UTF8_AUSENTE";"src\Modals\inMtoModalGridGuias.dfm"
"BOM_UTF8_AUSENTE";"src\Modals\inMtoModalGridGuias.pas"
"BOM_UTF8_AUSENTE";"src\Modals\inMtoModalGuardarFiltro.pas"
"BOM_UTF8_AUSENTE";"src\Modals\inMtoModalGuiasBase.dfm"
"BOM_UTF8_AUSENTE";"src\Modals\inMtoModalGuiasBase.pas"
"BOM_UTF8_AUSENTE";"src\Modals\inMtoModalImpAlbCompra.dfm"
"BOM_UTF8_AUSENTE";"src\Modals\inMtoModalImpAlbCompra.pas"
"BOM_UTF8_AUSENTE";"src\Modals\inMtoModalImpAlbCompraV.dfm"
"BOM_UTF8_AUSENTE";"src\Modals\inMtoModalImpAlbCompraV.pas"
"BOM_UTF8_AUSENTE";"src\Modals\inMtoModalImpBalanceSinTallas.dfm"
"BOM_UTF8_AUSENTE";"src\Modals\inMtoModalImpBalanceTallas.dfm"
"BOM_UTF8_AUSENTE";"src\Modals\inMtoModalImpDevCompra.pas"
"BOM_UTF8_AUSENTE";"src\Modals\inMtoModalImpDevCompraV.pas"
"BOM_UTF8_AUSENTE";"src\Modals\inMtoModalImpDocsProveedor.dfm"
"BOM_UTF8_AUSENTE";"src\Modals\inMtoModalImpDocsProveedor.pas"
"BOM_UTF8_AUSENTE";"src\Modals\inMtoModalImpEfectosPago.dfm"
"BOM_UTF8_AUSENTE";"src\Modals\inMtoModalImpFac.dfm"
"BOM_UTF8_AUSENTE";"src\Modals\inMtoModalImpFacCompra.dfm"
"BOM_UTF8_AUSENTE";"src\Modals\inMtoModalImpFacCompra.pas"
"BOM_UTF8_AUSENTE";"src\Modals\inMtoModalImpFacCompraV.pas"
"BOM_UTF8_AUSENTE";"src\Modals\inMtoModalImpMovVentasArt.dfm"
"BOM_UTF8_AUSENTE";"src\Modals\inMtoModalImpMultiFiltro.dfm"
"BOM_UTF8_AUSENTE";"src\Modals\inMtoModalImpSesion.dfm"
"BOM_UTF8_AUSENTE";"src\Modals\inMtoModalImpSesion.pas"
"BOM_UTF8_AUSENTE";"src\Modals\inMtoModalIncidencias.dfm"
"BOM_UTF8_AUSENTE";"src\Modals\inMtoModalInformesGuias.dfm"
"BOM_UTF8_AUSENTE";"src\Modals\inMtoModalInformesGuias.pas"
"BOM_UTF8_AUSENTE";"src\Modals\inMtoModalOperacionesCajaSku.dfm"
"BOM_UTF8_AUSENTE";"src\Modals\inMtoModalRegistrarPago.dfm"
"BOM_UTF8_AUSENTE";"src\Modals\inMtoModalRegistrarPago.pas"
"BOM_UTF8_AUSENTE";"src\Modals\inMtoModalRepetirModelo.dfm"
"BOM_UTF8_AUSENTE";"src\Modals\inMtoModalSelAlmacenAlbaran.dfm"
"BOM_UTF8_AUSENTE";"src\Modals\inMtoModalSelAlmacenPedido.dfm"
"BOM_UTF8_AUSENTE";"src\Modals\inMtoModalSeleccionarBanco.dfm"
"BOM_UTF8_AUSENTE";"src\Modals\inMtoModalSelFamilia.dfm"
"BOM_UTF8_AUSENTE";"src\Modals\inMtoModalSelFamilia.pas"
"BOM_UTF8_AUSENTE";"src\Modals\inMtoModalSerieFechaFactura.dfm"
"BOM_UTF8_AUSENTE";"src\Modals\inMtoModalSesionDuplicado.dfm"
"BOM_UTF8_AUSENTE";"src\Modals\inMtoModalSesionMaterializar.dfm"
"BOM_UTF8_AUSENTE";"src\Modals\inMtoModalSesionMaterializar.pas"
"BOM_UTF8_AUSENTE";"src\Modals\inMtoModalVerifactuDecl.dfm"
"BOM_UTF8_AUSENTE";"src\pruebas prestashop\inLibPresta.pas"
"BOM_UTF8_AUSENTE";"src\pruebas prestashop\Project1.dpr"
"BOM_UTF8_AUSENTE";"src\pruebas prestashop\ScanDateTime.pas"
"BOM_UTF8_AUSENTE";"src\utilfmt80\Ancho80.dpr"
"BOM_UTF8_AUSENTE";"src\utilfmt80\UFmt80.pas"
"BOM_UTF8_AUSENTE";"src\utilmigsqlsrv\FactuzamMigrator.dpr"
"BOM_UTF8_AUSENTE";"src\utilmigsqlsrv\inLibMigAlmacenes.pas"
"BOM_UTF8_AUSENTE";"src\utilmigsqlsrv\inLibMigArqueos.pas"
"BOM_UTF8_AUSENTE";"src\utilmigsqlsrv\inLibMigArticulos.pas"
"BOM_UTF8_AUSENTE";"src\utilmigsqlsrv\inLibMigArticulosAtributos.pas"
"BOM_UTF8_AUSENTE";"src\utilmigsqlsrv\inLibMigArticulosPropiedades.pas"
"BOM_UTF8_AUSENTE";"src\utilmigsqlsrv\inLibMigArticulosProveedores.pas"
"BOM_UTF8_AUSENTE";"src\utilmigsqlsrv\inLibMigArticulosSkus.pas"
"BOM_UTF8_AUSENTE";"src\utilmigsqlsrv\inLibMigArticulosTallajes.pas"
"BOM_UTF8_AUSENTE";"src\utilmigsqlsrv\inLibMigArticulosTarifas.pas"
"BOM_UTF8_AUSENTE";"src\utilmigsqlsrv\inLibMigAtributos.pas"
"BOM_UTF8_AUSENTE";"src\utilmigsqlsrv\inLibMigClientes.pas"
"BOM_UTF8_AUSENTE";"src\utilmigsqlsrv\inLibMigCompras.pas"
"BOM_UTF8_AUSENTE";"src\utilmigsqlsrv\inLibMigDumpEsqueleto.pas"
"BOM_UTF8_AUSENTE";"src\utilmigsqlsrv\inLibMigEfectosCompra.pas"
"BOM_UTF8_AUSENTE";"src\utilmigsqlsrv\inLibMigEmpleados.pas"
"BOM_UTF8_AUSENTE";"src\utilmigsqlsrv\inLibMigEmpresas.pas"
"BOM_UTF8_AUSENTE";"src\utilmigsqlsrv\inLibMigEntorno.pas"
"BOM_UTF8_AUSENTE";"src\utilmigsqlsrv\inLibMigFacturas.pas"
"BOM_UTF8_AUSENTE";"src\utilmigsqlsrv\inLibMigFamilias.pas"
"BOM_UTF8_AUSENTE";"src\utilmigsqlsrv\inLibMigFotos.pas"
"BOM_UTF8_AUSENTE";"src\utilmigsqlsrv\inLibMigInventarios.pas"
"BOM_UTF8_AUSENTE";"src\utilmigsqlsrv\inLibMigMovimientos.pas"
"BOM_UTF8_AUSENTE";"src\utilmigsqlsrv\inLibMigProveedores.pas"
"BOM_UTF8_AUSENTE";"src\utilmigsqlsrv\inLibMigTallajes.pas"
"BOM_UTF8_AUSENTE";"src\utilmigsqlsrv\inLibMigVales.pas"
"BOM_UTF8_AUSENTE";"src\utilmigsqlsrv\inLibMigVentas.pas"
"BOM_UTF8_AUSENTE";"src\utilmigsqlsrv\inLibMigVentasMayor.pas"
"BOM_UTF8_AUSENTE";"src\utilmigsqlsrv\UMigConn.dfm"
"BOM_UTF8_AUSENTE";"src\utilnormbbdd\FactuzamNormalizer.dpr"
"BOM_UTF8_AUSENTE";"src\utilnormbbdd\UConfigEditor.pas"
"BOM_UTF8_AUSENTE";"src\verifactu\inLibVerifactuCola.pas"
"BOM_UTF8_AUSENTE";"src\verifactu\inLibVerifactuColaIntf.pas"
"BOM_UTF8_AUSENTE";"src\verifactu\inLibVerifactuTipos.pas"
"BOM_UTF8_AUSENTE";"src\verifactu\inMtoVerifactuCola.dfm"
"BOM_UTF8_AUSENTE";"src\verifactu\inMtoVerifactuLog.dfm"
"BOM_UTF8_AUSENTE";"src\verifactu\UniDataVerifactuCola.dfm"
"BOM_UTF8_AUSENTE";"src\verifactu\UniDataVerifactuColaOperaciones.pas"
"BOM_UTF8_AUSENTE";"src\verifactu\UniDataVerifactuColaProcesador.pas"
"BOM_UTF8_AUSENTE";"src\verifactu\UniDataVerifactuLog.dfm"
"BOM_UTF8_AUSENTE";"tests\CompilarIntegracionSql31c.pas"
"BOM_UTF8_AUSENTE";"tests\PruebasAlbaranesCompraMovimientos.pas"
"BOM_UTF8_AUSENTE";"tests\PruebasArqueoCatalogo.pas"
"BOM_UTF8_AUSENTE";"tests\PruebasArqueoTicketCatalogo.pas"
"BOM_UTF8_AUSENTE";"tests\PruebasArticulosCatalogoSql22.pas"
"BOM_UTF8_AUSENTE";"tests\PruebasArticulosResolverCatalogo.pas"
"BOM_UTF8_AUSENTE";"tests\PruebasCatalogoSql.pas"
"BOM_UTF8_AUSENTE";"tests\PruebasCatalogoSqlRepositorios.pas"
"BOM_UTF8_AUSENTE";"tests\PruebasTicketsCajaCatalogo.pas"
"BOM_UTF8_AUSENTE";"tests\PruebasTiraCajaTicketCatalogo.pas"
"BOM_UTF8_AUSENTE";"tests\PruebasTraspasoTicketCatalogo.pas"
"FINALES_CRLF_EN_LF";"manual\html\00-acceso-y-primeros-pasos.html"
"FINALES_CRLF_EN_LF";"manual\html\01-conceptos-comunes.html"
"FINALES_CRLF_EN_LF";"manual\html\02-menu-archivo.html"
"FINALES_CRLF_EN_LF";"manual\html\03-menu-compras.html"
"FINALES_CRLF_EN_LF";"manual\html\04-menu-ventas-mayor.html"
"FINALES_CRLF_EN_LF";"manual\html\05-menu-caja.html"
"FINALES_CRLF_EN_LF";"manual\html\06-menu-almacen.html"
"FINALES_CRLF_EN_LF";"manual\html\07-menu-otros.html"
"FINALES_CRLF_EN_LF";"manual\html\08-menu-ayuda.html"
"FINALES_CRLF_EN_LF";"manual\html\09-instalacion-windows.html"
"FINALES_CRLF_EN_LF";"manual\html\10-migracion-legacy.html"
"FINALES_CRLF_EN_LF";"manual\html\11-verifactu.html"
"FINALES_CRLF_EN_LF";"manual\html\12-cambios-y-novedades.html"
"FINALES_CRLF_EN_LF";"manual\html\13-aplicaciones-moviles.html"
"FINALES_CRLF_EN_LF";"manual\html\14-arquitectura-y-desarrollo.html"
"FINALES_CRLF_EN_LF";"manual\html\estilo.css"
"FINALES_CRLF_EN_LF";"manual\html\index.html"
"FINALES_CRLF_EN_LF";"tests\test_rollback_criticos.py"
"FINALES_LF_EN_CRLF";"DESARROLLOS EN CURSO\codigo_barras_ticket.md"
"FINALES_LF_EN_CRLF";"DESARROLLOS EN CURSO\codigo_barras_ticket.sql"
"FINALES_LF_EN_CRLF";"DESARROLLOS EN CURSO\generar_registro_parametros_traduccion.ps1"
"FINALES_LF_EN_CRLF";"DESARROLLOS EN CURSO\generar_traducciones_tickets.ps1"
"FINALES_LF_EN_CRLF";"DESARROLLOS EN CURSO\inventario_escrituras_sql3_compras_sesiones.md"
"FINALES_LF_EN_CRLF";"DESARROLLOS EN CURSO\perfiles_sql_compras_sesiones.sql"
"FINALES_LF_EN_CRLF";"DESARROLLOS EN CURSO\plan_expansion_catalogo_sql.md"
"FINALES_LF_EN_CRLF";"DESARROLLOS EN CURSO\plan_srp_clases_dios_libreria.md"
"FINALES_LF_EN_CRLF";"DESARROLLOS EN CURSO\refactorizacion_capas_inlib_unidata_resultados.md"
"FINALES_LF_EN_CRLF";"DESARROLLOS EN CURSO\refactorizacion_fase_sql0_resultados.md"
"FINALES_LF_EN_CRLF";"DESARROLLOS EN CURSO\refactorizacion_fase_sql1_resultados.md"
"FINALES_LF_EN_CRLF";"DESARROLLOS EN CURSO\refactorizacion_fase_sql2_1_resultados.md"
"FINALES_LF_EN_CRLF";"DESARROLLOS EN CURSO\refactorizacion_fase_sql2_2_resultados.md"
"FINALES_LF_EN_CRLF";"DESARROLLOS EN CURSO\refactorizacion_fase_sql2_3a_resultados.md"
"FINALES_LF_EN_CRLF";"DESARROLLOS EN CURSO\refactorizacion_fase_sql2_3b1_resultados.md"
"FINALES_LF_EN_CRLF";"DESARROLLOS EN CURSO\refactorizacion_fase_sql2_3b2_resultados.md"
"FINALES_LF_EN_CRLF";"DESARROLLOS EN CURSO\refactorizacion_fase_sql2_3c_resultados.md"
"FINALES_LF_EN_CRLF";"DESARROLLOS EN CURSO\refactorizacion_fase_sql2_3d_resultados.md"
"FINALES_LF_EN_CRLF";"DESARROLLOS EN CURSO\refactorizacion_fase_sql3_1a_resultados.md"
"FINALES_LF_EN_CRLF";"DESARROLLOS EN CURSO\refactorizacion_fase_sql3_1b_resultados.md"
"FINALES_LF_EN_CRLF";"DESARROLLOS EN CURSO\refactorizacion_fase_sql3_1c_resultados.md"
"FINALES_LF_EN_CRLF";"DESARROLLOS EN CURSO\refactorizacion_fase2_albaranes_movimientos_resultados.md"
"FINALES_LF_EN_CRLF";"DESARROLLOS EN CURSO\refactorizacion_fase2_articulos_variaciones_resultados.md"
"FINALES_LF_EN_CRLF";"DESARROLLOS EN CURSO\refactorizacion_fase2_devoluciones_compra_movimientos_resultados.md"
"FINALES_LF_EN_CRLF";"DESARROLLOS EN CURSO\refactorizacion_fase2_exportaciones_resultados.md"
"FINALES_LF_EN_CRLF";"DESARROLLOS EN CURSO\refactorizacion_fase2_facturas_lecturas_resultados.md"
"FINALES_LF_EN_CRLF";"DESARROLLOS EN CURSO\refactorizacion_fase2_fotos_resultados.md"
"FINALES_LF_EN_CRLF";"DESARROLLOS EN CURSO\refactorizacion_fase2_grid_pivote_compra_resultados.md"
"FINALES_LF_EN_CRLF";"DESARROLLOS EN CURSO\refactorizacion_fase2_pedidos_compra_resultados.md"
"FINALES_LF_EN_CRLF";"DESARROLLOS EN CURSO\refactorizacion_fase2_ventas_ws_json_resultados.md"
"FINALES_LF_EN_CRLF";"DESARROLLOS EN CURSO\refactorizacion_fase2_verifactu_cola_resultados.md"
"FINALES_LF_EN_CRLF";"DESARROLLOS EN CURSO\refactorizacion_fase2b_capas_resultados.md"
"FINALES_LF_EN_CRLF";"DESARROLLOS EN CURSO\refactorizacion_fase3_f1_compras_sesiones_resultados.md"
"FINALES_LF_EN_CRLF";"DESARROLLOS EN CURSO\refactorizacion_fase3_f2_facturas_cobros_resultados.md"
"FINALES_LF_EN_CRLF";"DESARROLLOS EN CURSO\refactorizacion_fase3_f2_facturas_consolidacion_resultados.md"
"FINALES_LF_EN_CRLF";"DESARROLLOS EN CURSO\refactorizacion_fase3_f2_facturas_estado_fiscal_resultados.md"
"FINALES_LF_EN_CRLF";"DESARROLLOS EN CURSO\refactorizacion_fase3_f2_facturas_operacion_fiscal_resultados.md"
"FINALES_LF_EN_CRLF";"DESARROLLOS EN CURSO\refactorizacion_fase3_f3_opecaja_cierre_helpers_resultados.md"
"FINALES_LF_EN_CRLF";"DESARROLLOS EN CURSO\refactorizacion_fase3_f3_opecaja_resultados.md"
"FINALES_LF_EN_CRLF";"DESARROLLOS EN CURSO\refactorizacion_fase3_f4_articulos_resultados.md"
"FINALES_LF_EN_CRLF";"DESARROLLOS EN CURSO\refactorizacion_fase3_f5_stockconsulta_resultados.md"
"FINALES_LF_EN_CRLF";"DESARROLLOS EN CURSO\refactorizacion_fase4_isp_inyeccion_resultados.md"
"FINALES_LF_EN_CRLF";"DESARROLLOS EN CURSO\refactorizacion_fase5_ocp_documentos_resultados.md"
"FINALES_LF_EN_CRLF";"DESARROLLOS EN CURSO\refactorizacion_fase6af_resultados.md"
"FINALES_LF_EN_CRLF";"DESARROLLOS EN CURSO\refactorizacion_fase6ag_resultados.md"
"FINALES_LF_EN_CRLF";"DESARROLLOS EN CURSO\refactorizacion_fase6ah_resultados.md"
"FINALES_LF_EN_CRLF";"DESARROLLOS EN CURSO\refactorizacion_fase6ai_resultados.md"
"FINALES_LF_EN_CRLF";"DESARROLLOS EN CURSO\refactorizacion_fase6aj_resultados.md"
"FINALES_LF_EN_CRLF";"DESARROLLOS EN CURSO\refactorizacion_fase6ak_resultados.md"
"FINALES_LF_EN_CRLF";"DESARROLLOS EN CURSO\refactorizacion_fase6al_resultados.md"
"FINALES_LF_EN_CRLF";"DESARROLLOS EN CURSO\refactorizacion_fase6ao_resultados.md"
"FINALES_LF_EN_CRLF";"DESARROLLOS EN CURSO\refactorizacion_fase6ap_resultados.md"
"FINALES_LF_EN_CRLF";"DESARROLLOS EN CURSO\refactorizacion_fase6aq_resultados.md"
"FINALES_LF_EN_CRLF";"DESARROLLOS EN CURSO\refactorizacion_srp_grid_pivote_compra_resultados.md"
"FINALES_LF_EN_CRLF";"DESARROLLOS EN CURSO\refactorizacion_srp_librerias_c1_c7_resultados.md"
"FINALES_LF_EN_CRLF";"DESARROLLOS EN CURSO\refactorizacion_srp_librerias_l0_resultados.md"
"FINALES_LF_EN_CRLF";"DESARROLLOS EN CURSO\refactorizacion_srp_librerias_t1_t6_resultados.md"
"FINALES_LF_EN_CRLF";"DESARROLLOS EN CURSO\refactorizacion_srp_librerias_v1_v5_resultados.md"
"FINALES_LF_EN_CRLF";"DESARROLLOS EN CURSO\refactorizacion_srp_unidata_pedidos_compra_operaciones_resultados.md"
"FINALES_LF_EN_CRLF";"DESARROLLOS EN CURSO\traducciones_descargadas_d26.sql"
"FINALES_LF_EN_CRLF";"DESARROLLOS EN CURSO\traducciones_parametros_caja_d24.sql"
"FINALES_LF_EN_CRLF";"DESARROLLOS EN CURSO\traducciones_parametros_generales_d24.sql"
"FINALES_LF_EN_CRLF";"DESARROLLOS EN CURSO\traducciones_zh_cn_d25.sql"
"FINALES_LF_EN_CRLF";"MANUAL_SQL_PERFILES.md"
"FINALES_LF_EN_CRLF";"manual\13-aplicaciones-moviles.md"
"FINALES_LF_EN_CRLF";"manual\14-arquitectura-y-desarrollo.md"
"FINALES_LF_EN_CRLF";"scripts\comprobar_estado_global.ps1"
"FINALES_LF_EN_CRLF";"scripts\comprobar_interfaces_segregadas.ps1"
"FINALES_LF_EN_CRLF";"scripts\comprobar_sql_en_dominio.ps1"
"FINALES_LF_EN_CRLF";"scripts\comprobar_supports.ps1"
"FINALES_LF_EN_CRLF";"src\Caja\DataModules\UniDataCajaConsultasRepositorio.pas"
"FINALES_LF_EN_CRLF";"src\Caja\DataModules\UniDataTicketsCajaRepositorio.pas"
"FINALES_LF_EN_CRLF";"src\Caja\DataModules\UniDataTraspasoTicketRepositorio.pas"
"FINALES_LF_EN_CRLF";"src\Caja\Lib\inLibArqueo.pas"
"FINALES_LF_EN_CRLF";"src\Caja\Lib\inLibArqueoIntf.pas"
"FINALES_LF_EN_CRLF";"src\Caja\Lib\inLibArqueoPersistencia.pas"
"FINALES_LF_EN_CRLF";"src\Caja\Lib\inLibArqueoTicketIntf.pas"
"FINALES_LF_EN_CRLF";"src\Caja\Lib\inLibTicketsCajaIntf.pas"
"FINALES_LF_EN_CRLF";"src\Caja\Lib\inLibTiraCajaTicketIntf.pas"
"FINALES_LF_EN_CRLF";"src\Caja\Lib\inLibTraspasoTicketIntf.pas"
"FINALES_LF_EN_CRLF";"src\Caja\Modals\inMtoModalDevolucionTicket.dfm"
"FINALES_LF_EN_CRLF";"src\Caja\Modals\inMtoModalDevolucionTicket.pas"
"FINALES_LF_EN_CRLF";"src\Caja\Modals\inMtoModalMotivoDevolucion.dfm"
"FINALES_LF_EN_CRLF";"src\Caja\Modals\inMtoModalMotivoDevolucion.pas"
"FINALES_LF_EN_CRLF";"src\Caja\Modals\inMtoModalSeleccionVentaOrigen.dfm"
"FINALES_LF_EN_CRLF";"src\Caja\Modals\inMtoModalSeleccionVentaOrigen.pas"
"FINALES_LF_EN_CRLF";"src\certapiweb\servidor\privado\traducciones\ca-ES\000_preparar_descarga.sql"
"FINALES_LF_EN_CRLF";"src\certapiweb\servidor\privado\traducciones\en-GB\000_preparar_descarga.sql"
"FINALES_LF_EN_CRLF";"src\certapiweb\servidor\privado\traducciones\zh-CN\000_preparar_descarga.sql"
"FINALES_LF_EN_CRLF";"src\certapiweb\servidor\privado\traducciones\zh-CN\002_catalogo_completo.sql"
"FINALES_LF_EN_CRLF";"src\certapiweb\servidor\privado\traducciones\zh-CN\003_ajustes_interfaz_caja.sql"
"FINALES_LF_EN_CRLF";"src\DataModules\UniDataAtributosPaletaRepositorio.pas"
"FINALES_LF_EN_CRLF";"src\DataModules\UniDataCatalogoSqlAplicacion.pas"
"FINALES_LF_EN_CRLF";"src\DataModules\UniDataCatalogoSqlValidacion.pas"
"FINALES_LF_EN_CRLF";"src\DataModules\UniDataColumnasSkuServicios.pas"
"FINALES_LF_EN_CRLF";"src\DataModules\UniDataDocumentosTrabajoRepositorio.pas"
"FINALES_LF_EN_CRLF";"src\DataModules\UniDataFacturasRepositorio.pas"
"FINALES_LF_EN_CRLF";"src\DataModules\UniDataGenerarTicketRepositorio.pas"
"FINALES_LF_EN_CRLF";"src\DataModules\UniDataPermisosAdminRepositorio.pas"
"FINALES_LF_EN_CRLF";"src\DataModules\UniDataVentasWsSesion.pas"
"FINALES_LF_EN_CRLF";"src\Lib\inLibAnfitrionDatosIntf.pas"
"FINALES_LF_EN_CRLF";"src\Lib\inLibArticulosAtributosIntf.pas"
"FINALES_LF_EN_CRLF";"src\Lib\inLibArticulosResolver.pas"
"FINALES_LF_EN_CRLF";"src\Lib\inLibArticulosResolverIntf.pas"
"FINALES_LF_EN_CRLF";"src\Lib\inLibArticulosValidadorIntf.pas"
"FINALES_LF_EN_CRLF";"src\Lib\inLibAtributosPaletaIntf.pas"
"FINALES_LF_EN_CRLF";"src\Lib\inLibCatalogoSqlAdmin.pas"
"FINALES_LF_EN_CRLF";"src\Lib\inLibCatalogoSqlEjecucion.pas"
"FINALES_LF_EN_CRLF";"src\Lib\inLibCatalogoSqlIncidencias.pas"
"FINALES_LF_EN_CRLF";"src\Lib\inLibCatalogoSqlIntf.pas"
"FINALES_LF_EN_CRLF";"src\Lib\inLibCatalogoSqlPerfiles.pas"
"FINALES_LF_EN_CRLF";"src\Lib\inLibCatalogoSqlRegistro.pas"
"FINALES_LF_EN_CRLF";"src\Lib\inLibCatalogoSqlValidacion.pas"
"FINALES_LF_EN_CRLF";"src\Lib\inLibComprasSesionesCreacion.pas"
"FINALES_LF_EN_CRLF";"src\Lib\inLibContadorLineas.pas"
"FINALES_LF_EN_CRLF";"src\Lib\inLibDevolucionesCompraStock.pas"
"FINALES_LF_EN_CRLF";"src\Lib\inLibGenerarTicketIntf.pas"
"FINALES_LF_EN_CRLF";"src\Lib\inLibMsgTickets.pas"
"FINALES_LF_EN_CRLF";"src\Lib\inLibPermisosAdmin.pas"
"FINALES_LF_EN_CRLF";"src\Lib\inLibTraduccionesFastReport.pas"
"FINALES_LF_EN_CRLF";"src\verifactu\inLibVerifactuCola.pas"
"FINALES_LF_EN_CRLF";"src\verifactu\inLibVerifactuColaIntf.pas"
"FINALES_LF_EN_CRLF";"src\verifactu\inLibVerifactuTipos.pas"
"FINALES_LF_EN_CRLF";"src\verifactu\UniDataVerifactuColaProcesador.pas"
"FINALES_LF_EN_CRLF";"tests\CompilarIntegracionSql31c.pas"
"FINALES_LF_EN_CRLF";"tests\PruebasArqueoCatalogo.pas"
"FINALES_LF_EN_CRLF";"tests\PruebasArqueoTicketCatalogo.pas"
"FINALES_LF_EN_CRLF";"tests\PruebasArticulosCatalogoSql22.pas"
"FINALES_LF_EN_CRLF";"tests\PruebasArticulosResolverCatalogo.pas"
"FINALES_LF_EN_CRLF";"tests\PruebasCatalogoSql.pas"
"FINALES_LF_EN_CRLF";"tests\PruebasCatalogoSqlRepositorios.pas"
"FINALES_LF_EN_CRLF";"tests\PruebasTicketsCajaCatalogo.pas"
"FINALES_LF_EN_CRLF";"tests\PruebasTiraCajaTicketCatalogo.pas"
"FINALES_LF_EN_CRLF";"tests\PruebasTraspasoTicketCatalogo.pas"
"FINALES_MEZCLADOS";"_to_delete\inLibDevExp_snap.pas"
"FINALES_MEZCLADOS";"_to_delete\inLibVentasWsCola_snap.pas"
"FINALES_MEZCLADOS";"DESARROLLOS EN CURSO\etiquetas_articulos.sql"
"FINALES_MEZCLADOS";"DESARROLLOS EN CURSO\facturas_pdf_blob.md"
"FINALES_MEZCLADOS";"DESARROLLOS EN CURSO\menu_caja.md"
"FINALES_MEZCLADOS";"DESARROLLOS EN CURSO\migracion_ventas.md"
"FINALES_MEZCLADOS";"DESARROLLOS EN CURSO\movimientos_ventas_articulos.md"
"FINALES_MEZCLADOS";"DESARROLLOS EN CURSO\PruebasConexionGlobalFase11C\PruebasConexionGlobalFase11C.ps1"
"FINALES_MEZCLADOS";"DESARROLLOS EN CURSO\PruebasContextoSesionFase10C\PruebasContextoSesionFase10C.ps1"
"FINALES_MEZCLADOS";"DESARROLLOS EN CURSO\retirada_conexion_global.md"
"FINALES_MEZCLADOS";"DESARROLLOS EN CURSO\series_por_almacen.md"
"FINALES_MEZCLADOS";"DESARROLLOS EN CURSO\traducciones_ca_es_d23.sql"
"FINALES_MEZCLADOS";"DESARROLLOS EN CURSO\traspasos_caja.sql"
"FINALES_MEZCLADOS";"DESARROLLOS EN CURSO\trinquetes_graduales_estilo_resultados.md"
"FINALES_MEZCLADOS";"DESARROLLOS EN CURSO\ventas_ws.md"
"FINALES_MEZCLADOS";"DESARROLLOS EN CURSO\verifactu_cola_pruebas.md"
"FINALES_MEZCLADOS";"DESARROLLOS EN CURSO\verifactu_cola.md"
"FINALES_MEZCLADOS";"factuzam_demo_estructura_actualizada.txt"
"FINALES_MEZCLADOS";"factuzam_demo.sql"
"FINALES_MEZCLADOS";"factuzam_original.sql"
"FINALES_MEZCLADOS";"manual\03-menu-compras.md"
"FINALES_MEZCLADOS";"manual\05-menu-caja.md"
"FINALES_MEZCLADOS";"manual\07-menu-otros.md"
"FINALES_MEZCLADOS";"manual\11-verifactu.md"
"FINALES_MEZCLADOS";"manual\12-cambios-y-novedades.md"
"FINALES_MEZCLADOS";"manual\MANTENIMIENTO.md"
"FINALES_MEZCLADOS";"manual\README.md"
"FINALES_MEZCLADOS";"scripts\comprobar_flujos_largos.ps1"
"FINALES_MEZCLADOS";"scripts\comprobar_sql_transacciones.ps1"
"FINALES_MEZCLADOS";"src\Caja\DataModules\UniDataArqueoPersistencia.pas"
"FINALES_MEZCLADOS";"src\Caja\Forms\inMtoCajaFaseCobro.pas"
"FINALES_MEZCLADOS";"src\Caja\Forms\inMtoCajaOpe.dfm"
"FINALES_MEZCLADOS";"src\Caja\Forms\inMtoCajaReferenciaPago.pas"
"FINALES_MEZCLADOS";"src\Caja\Forms\inMtoCajaSeleccionVale.pas"
"FINALES_MEZCLADOS";"src\Caja\Lib\inLibCajaRectificacion.pas"
"FINALES_MEZCLADOS";"src\Caja\Lib\inLibCajaStock.pas"
"FINALES_MEZCLADOS";"src\Caja\Lib\inLibCajaVentanasIntf.pas"
"FINALES_MEZCLADOS";"src\Caja\Modals\inMtoModalArqueo.pas"
"FINALES_MEZCLADOS";"src\Caja\Modals\inMtoModalGastoCaja.pas"
"FINALES_MEZCLADOS";"src\certapiweb\servidor\privado\traducciones\README.md"
"FINALES_MEZCLADOS";"src\certapiweb\servidor\privado\traducciones\zh-CN\001_menu_principal.sql"
"FINALES_MEZCLADOS";"src\Core\inMtoAppParam.pas"
"FINALES_MEZCLADOS";"src\Core\inMtoLogon.pas"
"FINALES_MEZCLADOS";"src\Core\inMtoSplash.pas"
"FINALES_MEZCLADOS";"src\DataModules\UniDataArticulosAtributosRepositorio.pas"
"FINALES_MEZCLADOS";"src\DataModules\UniDataArticulosResolverRepositorio.pas"
"FINALES_MEZCLADOS";"src\DataModules\UniDataComprasSesiones.pas"
"FINALES_MEZCLADOS";"src\DataModules\UniDataComprasSesionesOperaciones.pas"
"FINALES_MEZCLADOS";"src\DataModules\UniDataContadorLineasRepositorio.pas"
"FINALES_MEZCLADOS";"src\DataModules\UniDataDevolucionesCompraStockRepositorio.pas"
"FINALES_MEZCLADOS";"src\DataModules\UniDataFacturas.pas"
"FINALES_MEZCLADOS";"src\DataModules\UniDataFiltros.pas"
"FINALES_MEZCLADOS";"src\DataModules\UniDataModoTallas.pas"
"FINALES_MEZCLADOS";"src\Forms\inMtoAlbaranes.pas"
"FINALES_MEZCLADOS";"src\Forms\inMtoAlbaranesCompra.pas"
"FINALES_MEZCLADOS";"src\Forms\inMtoBusquedaDatos.dfm"
"FINALES_MEZCLADOS";"src\Forms\inMtoDepositosCliente.pas"
"FINALES_MEZCLADOS";"src\Forms\inMtoDevolucionesCompra.pas"
"FINALES_MEZCLADOS";"src\Forms\inMtoDocumentosTrabajo.pas"
"FINALES_MEZCLADOS";"src\Forms\inMtoFacturasCompra.pas"
"FINALES_MEZCLADOS";"src\Forms\inMtoMovimientosAlmacen.pas"
"FINALES_MEZCLADOS";"src\Forms\inMtoPedidos.pas"
"FINALES_MEZCLADOS";"src\Forms\inMtoPermisosArbol.pas"
"FINALES_MEZCLADOS";"src\Lib\inLibArticulosCodigosBarras.pas"
"FINALES_MEZCLADOS";"src\Lib\inLibAtributosPaleta.pas"
"FINALES_MEZCLADOS";"src\Lib\inLibCadenas.pas"
"FINALES_MEZCLADOS";"src\Lib\inLibColumnasDocumento.pas"
"FINALES_MEZCLADOS";"src\Lib\inLibColumnasSku.pas"
"FINALES_MEZCLADOS";"src\Lib\inLibColumnasSkuIntf.pas"
"FINALES_MEZCLADOS";"src\Lib\inLibColumnasSkuModoDesglose.pas"
"FINALES_MEZCLADOS";"src\Lib\inLibColumnasSkuModoSku.pas"
"FINALES_MEZCLADOS";"src\Lib\inLibComprasSesiones.pas"
"FINALES_MEZCLADOS";"src\Lib\inLibComprasSesionesIntf.pas"
"FINALES_MEZCLADOS";"src\Lib\inLibComprasSesionesMaterializar.pas"
"FINALES_MEZCLADOS";"src\Lib\inLibConfigCampos.pas"
"FINALES_MEZCLADOS";"src\Lib\inLibCorreoTickets.pas"
"FINALES_MEZCLADOS";"src\Lib\inLibData.pas"
"FINALES_MEZCLADOS";"src\Lib\inLibDiag.pas"
"FINALES_MEZCLADOS";"src\Lib\inLibEAN13.pas"
"FINALES_MEZCLADOS";"src\Lib\inLibFacturaePersistenciaIntf.pas"
"FINALES_MEZCLADOS";"src\Lib\inLibFacturasServiciosIntf.pas"
"FINALES_MEZCLADOS";"src\Lib\inLibFacturasValidacionFiscal.pas"
"FINALES_MEZCLADOS";"src\Lib\inLibFiltrosGuardadosIntf.pas"
"FINALES_MEZCLADOS";"src\Lib\inLibFormManager.pas"
"FINALES_MEZCLADOS";"src\Lib\inLibGenerarTicketBD.pas"
"FINALES_MEZCLADOS";"src\Lib\inLibGestorFiltrosMto.pas"
"FINALES_MEZCLADOS";"src\Lib\inLibGestorGuiasGridMto.pas"
"FINALES_MEZCLADOS";"src\Lib\inLibGestorPerfilesMto.pas"
"FINALES_MEZCLADOS";"src\Lib\inLibGridPivoteVentaPresentacion.pas"
"FINALES_MEZCLADOS";"src\Lib\inLibGridPivoteVentaVista.pas"
"FINALES_MEZCLADOS";"src\Lib\inLibGridTallasInline.pas"
"FINALES_MEZCLADOS";"src\Lib\inLibHojaCalculoDevEx.pas"
"FINALES_MEZCLADOS";"src\Lib\inLibHojaCalculoIntf.pas"
"FINALES_MEZCLADOS";"src\Lib\inLibIBAN.pas"
"FINALES_MEZCLADOS";"src\Lib\inLibInventarioNube.pas"
"FINALES_MEZCLADOS";"src\Lib\inLibLicenciaAplicacion.pas"
"FINALES_MEZCLADOS";"src\Lib\inLibModoTallasBuscador.pas"
"FINALES_MEZCLADOS";"src\Lib\inLibModoTallasConversion.pas"
"FINALES_MEZCLADOS";"src\Lib\inLibModoTallasIntf.pas"
"FINALES_MEZCLADOS";"src\Lib\inLibModoTallasLineas.pas"
"FINALES_MEZCLADOS";"src\Lib\inLibModoTallasModelo.pas"
"FINALES_MEZCLADOS";"src\Lib\inLibModoTallasPresentacion.pas"
"FINALES_MEZCLADOS";"src\Lib\inLibMovVentasArtExcel.pas"
"FINALES_MEZCLADOS";"src\Lib\inLibNet.pas"
"FINALES_MEZCLADOS";"src\Lib\inLibParametrosBase.pas"
"FINALES_MEZCLADOS";"src\Lib\inLibPerfilesUsuarioIntf.pas"
"FINALES_MEZCLADOS";"src\Lib\inLibPermisosUniDAC.pas"
"FINALES_MEZCLADOS";"src\Lib\inLibPivoteVentaModelo.pas"
"FINALES_MEZCLADOS";"src\Lib\inLibRelojFiscal.pas"
"FINALES_MEZCLADOS";"src\Lib\inLibSepaRemesasVenta.pas"
"FINALES_MEZCLADOS";"src\Lib\inLibShowMto.pas"
"FINALES_MEZCLADOS";"src\Lib\inLibTraducciones.pas"
"FINALES_MEZCLADOS";"src\Lib\inLibUser.pas"
"FINALES_MEZCLADOS";"src\Lib\inLibVentanaEmbebidaIntf.pas"
"FINALES_MEZCLADOS";"src\Lib\inLibVentasWsCola.pas"
"FINALES_MEZCLADOS";"src\Lib\inLibVentasWsColaIntf.pas"
"FINALES_MEZCLADOS";"src\Lib\inLibVentasWsJsonIntf.pas"
"FINALES_MEZCLADOS";"src\Lib\inLibVerifactuNoVerifactuVerify.pas"
"FINALES_MEZCLADOS";"src\Lib\inLibWin.pas"
"FINALES_MEZCLADOS";"src\Lib\inLibXades.pas"
"FINALES_MEZCLADOS";"src\Modals\inMtoModalAddBlockBase.pas"
"FINALES_MEZCLADOS";"src\Modals\inMtoModalAddBlockDocumentoTrabajo.pas"
"FINALES_MEZCLADOS";"src\Modals\inMtoModalAddBlockInventario.pas"
"FINALES_MEZCLADOS";"src\Modals\inMtoModalAddBlockTarifa.pas"
"FINALES_MEZCLADOS";"src\Modals\inMtoModalArticulosPropiedades.pas"
"FINALES_MEZCLADOS";"src\Modals\inMtoModalCalcularMargen.pas"
"FINALES_MEZCLADOS";"src\Modals\inMtoModalCargarSesionTarifa.pas"
"FINALES_MEZCLADOS";"src\Modals\inMtoModalContrasenaCopia.pas"
"FINALES_MEZCLADOS";"src\Modals\inMtoModalEmpCer.pas"
"FINALES_MEZCLADOS";"src\Modals\inMtoModalEntradaCambio.pas"
"FINALES_MEZCLADOS";"src\Modals\inMtoModalEnviarDestino.pas"
"FINALES_MEZCLADOS";"src\Modals\inMtoModalEtiqAlb.pas"
"FINALES_MEZCLADOS";"src\Modals\inMtoModalEtiqDev.pas"
"FINALES_MEZCLADOS";"src\Modals\inMtoModalEtiqPed.pas"
"FINALES_MEZCLADOS";"src\Modals\inMtoModalFacRec.pas"
"FINALES_MEZCLADOS";"src\Modals\inMtoModalFacturarAlbaranesFechas.pas"
"FINALES_MEZCLADOS";"src\Modals\inMtoModalFacturarTicket.pas"
"FINALES_MEZCLADOS";"src\Modals\inMtoModalFiltroArt.pas"
"FINALES_MEZCLADOS";"src\Modals\inMtoModalGenerarSKUs.pas"
"FINALES_MEZCLADOS";"src\Modals\inMtoModalGenImp.dfm"
"FINALES_MEZCLADOS";"src\Modals\inMtoModalGenImp.pas"
"FINALES_MEZCLADOS";"src\Modals\inMtoModalGenImpEle.pas"
"FINALES_MEZCLADOS";"src\Modals\inMtoModalGenPass.pas"
"FINALES_MEZCLADOS";"src\Modals\inMtoModalGuardarFiltro.pas"
"FINALES_MEZCLADOS";"src\Modals\inMtoModalGuiasBase.pas"
"FINALES_MEZCLADOS";"src\Modals\inMtoModalImpFac.pas"
"FINALES_MEZCLADOS";"src\Modals\inMtoModalImpFacCompra.pas"
"FINALES_MEZCLADOS";"src\Modals\inMtoModalImpFacCompraV.pas"
"FINALES_MEZCLADOS";"src\Modals\inMtoModalImportarPedidosPS.pas"
"FINALES_MEZCLADOS";"src\Modals\inMtoModalOperacionesCajaSku.pas"
"FINALES_MEZCLADOS";"src\Modals\inMtoModalRegistrarPago.pas"
"FINALES_MEZCLADOS";"src\Modals\inMtoModalScriptLog.pas"
"FINALES_MEZCLADOS";"src\Modals\inMtoModalSelAlmacenAlbaran.pas"
"FINALES_MEZCLADOS";"src\Modals\inMtoModalSelAlmacenPedido.pas"
"FINALES_MEZCLADOS";"src\Modals\inMtoModalSeleccionarBanco.pas"
"FINALES_MEZCLADOS";"src\Modals\inMtoModalSepaRemesaVenta.pas"
"FINALES_MEZCLADOS";"src\Modals\inMtoModalSerieFechaFactura.pas"
"FINALES_MEZCLADOS";"src\Modals\inMtoModalSeriesDocumentos.pas"
"FINALES_MEZCLADOS";"src\Modals\inMtoModalVerifactuDecl.pas"
"FINALES_MEZCLADOS";"src\Modals\inMtoModalWizardEditar.pas"
"FINALES_MEZCLADOS";"src\pruebaventasws\PruebaVentasWs.dproj"
"FINALES_MEZCLADOS";"src\pruebaventasws\UPrincipal.dfm"
"FINALES_MEZCLADOS";"src\pruebaventasws\UPrincipal.pas"
"FINALES_MEZCLADOS";"src\utilfmt80\UFmt80.pas"
"FINALES_MEZCLADOS";"src\utilmigsqlsrv\README.md"
"FINALES_MEZCLADOS";"src\utilmigsqlsrv\UMigConn.pas"
"FINALES_MEZCLADOS";"src\utlTraduc\inLibMsgTraduc.pas"
"FINALES_MEZCLADOS";"src\utlTraduc\inMtoTraducciones.pas"
"FINALES_MEZCLADOS";"src\utlTraduc\utlTraduc.dpr"
"FINALES_MEZCLADOS";"src\utlTraduc\utlTraduc.dproj"
"FINALES_MEZCLADOS";"src\verifactu\inLibEmisionFiscal.pas"
"FINALES_MEZCLADOS";"src\verifactu\inLibEmisionFiscalIntf.pas"
"FINALES_MEZCLADOS";"src\verifactu\inLibVerifactu.pas"
"FINALES_MEZCLADOS";"src\verifactu\inLibVerifactuEnvio.pas"
"FINALES_MEZCLADOS";"src\verifactu\inLibVerifactuInstalacion.pas"
"FINALES_MEZCLADOS";"src\verifactu\UniDataVerifactuColaOperaciones.pas"
"FINALES_MEZCLADOS";"tests\DoblesModoTallas.pas"
"FINALES_MEZCLADOS";"tests\DoblesPivoteVenta.pas"
"FINALES_MEZCLADOS";"tests\PruebasAtributosPaleta.pas"
"FINALES_MEZCLADOS";"tests\PruebasCadenas.pas"
"FINALES_MEZCLADOS";"tests\PruebasColumnasDocumento.pas"
"FINALES_MEZCLADOS";"tests\PruebasDiagnosticoMetadata.pas"
"FINALES_MEZCLADOS";"tests\PruebasEmisionFiscal.pas"
"FINALES_MEZCLADOS";"tests\PruebasGestorFiltrosMto.pas"
"FINALES_MEZCLADOS";"tests\PruebasGestorPerfilesMto.pas"
"FINALES_MEZCLADOS";"tests\PruebasModoTallas.pas"
"FINALES_MEZCLADOS";"tests\PruebasPivoteVenta.pas"
"FINALES_MEZCLADOS";"tests\PruebasTraducciones.pas"
"FINALES_MEZCLADOS";"tests\RendimientoMotorFiscalVenta.dpr"
"UTF8_INVALIDO";"empaquetador\example01_mariadb_optional.nsi"
"UTF8_INVALIDO";"src\3rdpartyComp\DCPCrypt-master\DCPdelphi2007.dof"
"UTF8_INVALIDO";"src\3rdpartyComp\DCPCrypt-master\DCPdelphi2009.dof"
"UTF8_INVALIDO";"src\3rdpartyComp\DCPCrypt-master\DCPdelphi4.dof"
"UTF8_INVALIDO";"src\3rdpartyComp\DCPCrypt-master\DCPdelphi5.dof"
"UTF8_INVALIDO";"src\3rdpartyComp\DCPCrypt-master\DCPdelphi6.dof"
"UTF8_INVALIDO";"src\3rdpartyComp\SQLBuilder4Delphi\dependencies\gaSQLParser\src\gaInsertStm.pas"
"UTF8_INVALIDO";"src\3rdpartyComp\SQLBuilder4Delphi\dependencies\gaSQLParser\src\gaSelectStm.pas"
"UTF8_INVALIDO";"src\3rdpartyComp\SynEdit\Source\FSynHighlightProp.pas"
"UTF8_INVALIDO";"src\3rdpartyComp\SynEdit\Source\FTestPrintPreview.pas"
"UTF8_INVALIDO";"src\3rdpartyComp\SynEdit\Source\SynAutoCorrectEditor.pas"
"UTF8_INVALIDO";"src\3rdpartyComp\SynEdit\Source\SynEditExport.pas"
"UTF8_INVALIDO";"src\3rdpartyComp\SynEdit\Source\SynEditKbdHandler.pas"
"UTF8_INVALIDO";"src\3rdpartyComp\SynEdit\Source\SynEditMiscClasses.pas"
"UTF8_INVALIDO";"src\3rdpartyComp\SynEdit\Source\SynEditPlugins.pas"
"UTF8_INVALIDO";"src\3rdpartyComp\SynEdit\Source\SynEditPrintHeaderFooter.pas"
"UTF8_INVALIDO";"src\3rdpartyComp\SynEdit\Source\SynEditPrintPreview.pas"
"UTF8_INVALIDO";"src\3rdpartyComp\SynEdit\Source\SynEditPrintTypes.pas"
"UTF8_INVALIDO";"src\3rdpartyComp\SynEdit\Source\SynEditPropertyReg.pas"
"UTF8_INVALIDO";"src\3rdpartyComp\SynEdit\Source\SynEditPythonBehaviour.pas"
"UTF8_INVALIDO";"src\3rdpartyComp\SynEdit\Source\SynEditRegexSearch.pas"
"UTF8_INVALIDO";"src\3rdpartyComp\SynEdit\Source\SynEditTextBuffer.pas"
"UTF8_INVALIDO";"src\3rdpartyComp\SynEdit\Source\SynEditTypes.pas"
"UTF8_INVALIDO";"src\3rdpartyComp\SynEdit\Source\SynEditWildcardSearch.pas"
"UTF8_INVALIDO";"src\3rdpartyComp\SynEdit\Source\SynEditWordWrap.pas"
"UTF8_INVALIDO";"src\3rdpartyComp\SynEdit\Source\SynExportHTML.pas"
"UTF8_INVALIDO";"src\3rdpartyComp\SynEdit\Source\SynExportTeX.pas"
"UTF8_INVALIDO";"src\3rdpartyComp\SynEdit\Source\SynHighlighterADSP21xx.pas"
"UTF8_INVALIDO";"src\3rdpartyComp\SynEdit\Source\SynHighlighterAsm.pas"
"UTF8_INVALIDO";"src\3rdpartyComp\SynEdit\Source\SynHighlighterAWK.pas"
"UTF8_INVALIDO";"src\3rdpartyComp\SynEdit\Source\SynHighlighterBaan.pas"
"UTF8_INVALIDO";"src\3rdpartyComp\SynEdit\Source\SynHighlighterBat.pas"
"UTF8_INVALIDO";"src\3rdpartyComp\SynEdit\Source\SynHighlighterCAC.pas"
"UTF8_INVALIDO";"src\3rdpartyComp\SynEdit\Source\SynHighlighterCache.pas"
"UTF8_INVALIDO";"src\3rdpartyComp\SynEdit\Source\SynHighlighterCobol.pas"
"UTF8_INVALIDO";"src\3rdpartyComp\SynEdit\Source\SynHighlighterCPM.pas"
"UTF8_INVALIDO";"src\3rdpartyComp\SynEdit\Source\SynHighlighterCpp.pas"
"UTF8_INVALIDO";"src\3rdpartyComp\SynEdit\Source\SynHighlighterCS.pas"
"UTF8_INVALIDO";"src\3rdpartyComp\SynEdit\Source\SynHighlighterCss.pas"
"UTF8_INVALIDO";"src\3rdpartyComp\SynEdit\Source\SynHighlighterDfm.pas"
"UTF8_INVALIDO";"src\3rdpartyComp\SynEdit\Source\SynHighlighterDml.pas"
"UTF8_INVALIDO";"src\3rdpartyComp\SynEdit\Source\SynHighlighterDOT.pas"
"UTF8_INVALIDO";"src\3rdpartyComp\SynEdit\Source\SynHighlighterEiffel.pas"
"UTF8_INVALIDO";"src\3rdpartyComp\SynEdit\Source\SynHighlighterFortran.pas"
"UTF8_INVALIDO";"src\3rdpartyComp\SynEdit\Source\SynHighlighterFoxpro.pas"
"UTF8_INVALIDO";"src\3rdpartyComp\SynEdit\Source\SynHighlighterGalaxy.pas"
"UTF8_INVALIDO";"src\3rdpartyComp\SynEdit\Source\SynHighlighterGeneral.pas"
"UTF8_INVALIDO";"src\3rdpartyComp\SynEdit\Source\SynHighlighterGWS.pas"
"UTF8_INVALIDO";"src\3rdpartyComp\SynEdit\Source\SynHighlighterHashEntries.pas"
"UTF8_INVALIDO";"src\3rdpartyComp\SynEdit\Source\SynHighlighterHaskell.pas"
"UTF8_INVALIDO";"src\3rdpartyComp\SynEdit\Source\SynHighlighterHC11.pas"
"UTF8_INVALIDO";"src\3rdpartyComp\SynEdit\Source\SynHighlighterHtml.pas"
"UTF8_INVALIDO";"src\3rdpartyComp\SynEdit\Source\SynHighlighterIDL.pas"
"UTF8_INVALIDO";"src\3rdpartyComp\SynEdit\Source\SynHighlighterIni.pas"
"UTF8_INVALIDO";"src\3rdpartyComp\SynEdit\Source\SynHighlighterInno.pas"
"UTF8_INVALIDO";"src\3rdpartyComp\SynEdit\Source\SynHighlighterJava.pas"
"UTF8_INVALIDO";"src\3rdpartyComp\SynEdit\Source\SynHighlighterJScript.pas"
"UTF8_INVALIDO";"src\3rdpartyComp\SynEdit\Source\SynHighlighterKix.pas"
"UTF8_INVALIDO";"src\3rdpartyComp\SynEdit\Source\SynHighlighterLDraw.pas"
"UTF8_INVALIDO";"src\3rdpartyComp\SynEdit\Source\SynHighlighterM3.pas"
"UTF8_INVALIDO";"src\3rdpartyComp\SynEdit\Source\SynHighlighterModelica.pas"
"UTF8_INVALIDO";"src\3rdpartyComp\SynEdit\Source\SynHighlighterMsg.pas"
"UTF8_INVALIDO";"src\3rdpartyComp\SynEdit\Source\SynHighlighterMulti.pas"
"UTF8_INVALIDO";"src\3rdpartyComp\SynEdit\Source\SynHighlighterPas.pas"
"UTF8_INVALIDO";"src\3rdpartyComp\SynEdit\Source\SynHighlighterProgress.pas"
"UTF8_INVALIDO";"src\3rdpartyComp\SynEdit\Source\SynHighlighterPython.pas"
"UTF8_INVALIDO";"src\3rdpartyComp\SynEdit\Source\SynHighlighterRC.pas"
"UTF8_INVALIDO";"src\3rdpartyComp\SynEdit\Source\SynHighlighterRuby.pas"
"UTF8_INVALIDO";"src\3rdpartyComp\SynEdit\Source\SynHighlighterSDD.pas"
"UTF8_INVALIDO";"src\3rdpartyComp\SynEdit\Source\SynHighlighterSml.pas"
"UTF8_INVALIDO";"src\3rdpartyComp\SynEdit\Source\SynHighlighterST.pas"
"UTF8_INVALIDO";"src\3rdpartyComp\SynEdit\Source\SynHighlighterTclTk.pas"
"UTF8_INVALIDO";"src\3rdpartyComp\SynEdit\Source\SynHighlighterTeX.pas"
"UTF8_INVALIDO";"src\3rdpartyComp\SynEdit\Source\SynHighlighterUnreal.pas"
"UTF8_INVALIDO";"src\3rdpartyComp\SynEdit\Source\SynHighlighterURI.pas"
"UTF8_INVALIDO";"src\3rdpartyComp\SynEdit\Source\SynHighlighterVB.pas"
"UTF8_INVALIDO";"src\3rdpartyComp\SynEdit\Source\SynHighlighterVBScript.pas"
"UTF8_INVALIDO";"src\3rdpartyComp\SynEdit\Source\SynHighlighterVrml97.pas"
"UTF8_INVALIDO";"src\3rdpartyComp\SynEdit\Source\SynHighlighterXML.pas"
"UTF8_INVALIDO";"src\3rdpartyComp\SynEdit\Source\SynMacroRecorder.pas"
"UTF8_INVALIDO";"src\3rdpartyComp\SynEdit\Source\SynURIOpener.pas"
"UTF8_INVALIDO";"src\3rdpartyComp\SynPDF\mORMotReport.pas"
"UTF8_INVALIDO";"src\Lib3par\uDJMSepa.pas"
"UTF8_INVALIDO";"src\Lib3par\uDJMSepa1914XML.pas"
"UTF8_INVALIDO";"src\Lib3par\uDJMSepa3414XML.pas"
