"Ruta";"Exit";"Continue";"With";"Anchas";"Tabuladores"
"src\Caja\DataModules\UniDataCaja.pas";"6";"0";"7";"1";"0"
"src\Caja\DataModules\UniDataCajaFormasPago.pas";"0";"0";"1";"1";"0"
"src\Caja\DataModules\UniDataTraspaso.pas";"1";"0";"2";"2";"0"
"src\Caja\Forms\inMtoCajaFaseCobro.pas";"13";"0";"1";"1";"0"
"src\Caja\Forms\inMtoCajaGrabadorVenta.pas";"0";"0";"0";"1";"0"
"src\Caja\Forms\inMtoCajaMenu.pas";"6";"0";"0";"0";"0"
"src\Caja\Forms\inMtoCajaOpe.pas";"52";"0";"5";"30";"0"
"src\Caja\Forms\inMtoCajaParam.pas";"9";"2";"2";"3";"0"
"src\Caja\Forms\inMtoCajaReferenciaPago.pas";"5";"0";"0";"0";"0"
"src\Caja\Forms\inMtoCajaSeleccionVale.pas";"3";"0";"1";"1";"0"
"src\Caja\Forms\inMtoTraspasoOpe.pas";"3";"0";"0";"5";"0"
"src\Caja\Lib\inLibArqueoTicket.pas";"0";"0";"0";"3";"0"
"src\Caja\Lib\inLibCajaDatosFactura.pas";"0";"0";"1";"0";"0"
"src\Caja\Lib\inLibCajaParam.pas";"0";"0";"0";"2";"0"
"src\Caja\Lib\inLibFaseCobro.pas";"22";"1";"0";"2";"0"
"src\Caja\Lib\inLibGenerarTicketCaja.pas";"1";"0";"0";"0";"0"
"src\Caja\Lib\inLibTiraCajaTicket.pas";"0";"0";"0";"1";"0"
"src\Caja\Lib\inLibTraspasoTicket.pas";"0";"0";"0";"1";"0"
"src\Caja\Modals\inMtoModalArqueo.pas";"12";"0";"0";"0";"0"
"src\Caja\Modals\inMtoModalArqueosHistCaja.pas";"3";"0";"0";"0";"0"
"src\Caja\Modals\inMtoModalGastoCaja.pas";"3";"0";"0";"0";"0"
"src\Caja\Modals\inMtoModalImpArqueos.pas";"0";"0";"1";"1";"0"
"src\Caja\Modals\inMtoModalImpDepositos.pas";"0";"0";"1";"0";"0"
"src\Caja\Modals\inMtoModalImpOperaciones.pas";"0";"0";"1";"0";"0"
"src\Caja\Modals\inMtoModalImpPagos.pas";"0";"0";"1";"1";"0"
"src\Caja\Modals\inMtoModalTiraCaja.pas";"0";"0";"0";"1";"0"
"src\Core\inMtoAppParam.pas";"11";"2";"2";"7";"0"
"src\Core\inMtoLogon.pas";"6";"0";"2";"0";"0"
"src\Core\inMtoPreviewExcel.pas";"0";"0";"1";"0";"0"
"src\Core\inMtoPreviewTicket.pas";"2";"0";"0";"3";"0"
"src\Core\inMtoPrincipal.pas";"21";"0";"2";"0";"0"
"src\DataModules\UniDataAlbaranes.pas";"6";"3";"14";"6";"0"
"src\DataModules\UniDataAlbaranesCompra.pas";"9";"0";"5";"1";"0"
"src\DataModules\UniDataAlbaranesCompraMovimientos.pas";"1";"1";"0";"60";"0"
"src\DataModules\UniDataArticulos.pas";"14";"3";"7";"2";"0"
"src\DataModules\UniDataArticulosAtributosRepositorio.pas";"3";"0";"0";"0";"0"
"src\DataModules\UniDataArticulosResolverRepositorio.pas";"5";"0";"0";"0";"0"
"src\DataModules\UniDataArticulosValidadorRepositorio.pas";"4";"0";"0";"0";"0"
"src\DataModules\UniDataArticulosVariaciones.pas";"0";"0";"1";"0";"0"
"src\DataModules\UniDataAtributosBasicos.pas";"1";"0";"0";"0";"0"
"src\DataModules\UniDataAtributosConjuntos.pas";"1";"0";"0";"0";"0"
"src\DataModules\UniDataClientes.pas";"3";"0";"1";"0";"0"
"src\DataModules\UniDataComprasSesiones.pas";"5";"0";"3";"9";"0"
"src\DataModules\UniDataComprasSesionesOperaciones.pas";"4";"0";"0";"1";"0"
"src\DataModules\UniDataConn.pas";"0";"0";"1";"0";"0"
"src\DataModules\UniDataConsultaOpe.pas";"6";"0";"0";"0";"0"
"src\DataModules\UniDataContadorLineasRepositorio.pas";"4";"0";"0";"0";"0"
"src\DataModules\UniDataDevolucionesCompra.pas";"7";"0";"4";"2";"0"
"src\DataModules\UniDataDevolucionesCompraMovimientos.pas";"1";"1";"0";"12";"0"
"src\DataModules\UniDataDocsProveedorSql.pas";"0";"0";"6";"0";"0"
"src\DataModules\UniDataDocumentosTrabajo.pas";"0";"0";"0";"3";"0"
"src\DataModules\UniDataEfectosCompra.pas";"0";"0";"0";"2";"0"
"src\DataModules\UniDataEfectosVenta.pas";"0";"0";"0";"1";"0"
"src\DataModules\UniDataEmpresas.pas";"5";"0";"5";"0";"0"
"src\DataModules\UniDataFacturas.pas";"7";"0";"16";"0";"0"
"src\DataModules\UniDataFacturasCompra.pas";"11";"0";"4";"2";"0"
"src\DataModules\UniDataFamilias.pas";"0";"0";"3";"0";"0"
"src\DataModules\UniDataFormasdePago.pas";"1";"0";"3";"1";"0"
"src\DataModules\UniDataGeneradorProcesos.pas";"0";"0";"1";"0";"0"
"src\DataModules\UniDataGrupos.pas";"1";"0";"0";"0";"0"
"src\DataModules\UniDataInventarios.pas";"18";"3";"0";"3";"0"
"src\DataModules\UniDataIvas.pas";"0";"0";"4";"0";"0"
"src\DataModules\UniDataIvasGrupos.pas";"0";"0";"2";"0";"0"
"src\DataModules\UniDataPedidos.pas";"4";"0";"11";"0";"0"
"src\DataModules\UniDataPedidosCompra.pas";"8";"0";"6";"2";"0"
"src\DataModules\UniDataPedidosCompraAlbaranComun.pas";"0";"0";"0";"41";"0"
"src\DataModules\UniDataPedidosCompraIncorporacionAlbaran.pas";"0";"0";"0";"23";"0"
"src\DataModules\UniDataPedidosCompraPendientes.pas";"0";"0";"0";"9";"0"
"src\DataModules\UniDataPerfiles.pas";"5";"0";"2";"4";"0"
"src\DataModules\UniDataProveedores.pas";"5";"0";"2";"1";"0"
"src\DataModules\UniDataRemesasCompra.pas";"0";"0";"0";"2";"0"
"src\DataModules\UniDataRemesasVenta.pas";"0";"0";"0";"1";"0"
"src\DataModules\UniDataTarifas.pas";"0";"0";"1";"0";"0"
"src\DataModules\UniDataTarifasCambios.pas";"0";"0";"0";"2";"0"
"src\DataModules\UniDataUsuarios.pas";"0";"0";"2";"0";"0"
"src\DataModules\UniDataVariaciones.pas";"1";"0";"0";"0";"0"
"src\Forms\inMtoAlbaranes.pas";"13";"0";"1";"4";"0"
"src\Forms\inMtoAlbaranesCompra.pas";"15";"0";"0";"2";"0"
"src\Forms\inMtoArticulos.pas";"60";"0";"13";"7";"0"
"src\Forms\inMtoAtributosBasicos.pas";"6";"0";"0";"0";"0"
"src\Forms\inMtoAtributosConjuntos.pas";"3";"0";"1";"1";"0"
"src\Forms\inMtoClientes.pas";"3";"0";"1";"1";"0"
"src\Forms\inMtoComprasPlantillas.pas";"2";"0";"0";"0";"0"
"src\Forms\inMtoComprasSesiones.pas";"80";"0";"6";"25";"0"
"src\Forms\inMtoConsultaOpe.pas";"17";"0";"0";"0";"0"
"src\Forms\inMtoDevolucionesCompra.pas";"15";"0";"1";"17";"0"
"src\Forms\inMtoDocumentosTrabajo.pas";"11";"0";"2";"0";"0"
"src\Forms\inMtoEfectosCompra.pas";"0";"0";"0";"2";"0"
"src\Forms\inMtoEfectosVenta.pas";"0";"0";"0";"1";"0"
"src\Forms\inMtoEmpresas.pas";"1";"0";"8";"1";"0"
"src\Forms\inMtoFacturasBase.pas";"22";"0";"48";"0";"0"
"src\Forms\inMtoFacturasCompra.pas";"9";"0";"0";"0";"0"
"src\Forms\inMtoFamilias.pas";"0";"0";"3";"5";"0"
"src\Forms\inMtoFormasdePago.pas";"0";"0";"3";"3";"0"
"src\Forms\inMtoFotoArticulo.pas";"21";"1";"0";"0";"0"
"src\Forms\inMtoGen.pas";"19";"0";"1";"0";"0"
"src\Forms\inMtoGeneradorProcesos.pas";"12";"0";"17";"11";"0"
"src\Forms\inMtoGenSearch.pas";"3";"0";"1";"0";"0"
"src\Forms\inMtoInventarios.pas";"111";"2";"1";"23";"0"
"src\Forms\inMtoPedidos.pas";"7";"0";"2";"3";"0"
"src\Forms\inMtoPedidosCompra.pas";"40";"0";"0";"6";"0"
"src\Forms\inMtoPropiedades.pas";"3";"0";"0";"0";"0"
"src\Forms\inMtoProveedores.pas";"1";"0";"1";"0";"0"
"src\Forms\inMtoRemesasCompra.pas";"0";"0";"0";"2";"0"
"src\Forms\inMtoRemesasVenta.pas";"0";"0";"0";"1";"0"
"src\Forms\inMtoStockConsulta.pas";"18";"0";"0";"54";"0"
"src\Forms\inMtoTarifas.pas";"2";"0";"3";"5";"0"
"src\Forms\inMtoUsuarios.pas";"0";"0";"0";"3";"0"
"src\Lib\backup\Backup.Engine.pas";"4";"0";"0";"0";"0"
"src\Lib\backup\Core_Engine.pas";"2";"3";"0";"0";"0"
"src\Lib\backup\Core_Helpers.pas";"0";"0";"0";"6";"0"
"src\Lib\IDETheme.ActnCtrls.pas";"0";"0";"0";"1";"0"
"src\Lib\inLibAtributosPaleta.pas";"27";"2";"0";"4";"0"
"src\Lib\inLibBuscarImpresora.pas";"6";"0";"0";"0";"0"
"src\Lib\inLibCatalogoSqlIncidencias.pas";"2";"0";"0";"0";"0"
"src\Lib\inLibColumnasSkuModoSku.pas";"0";"0";"3";"0";"0"
"src\Lib\inLibComprasImpuestos.pas";"2";"0";"0";"0";"0"
"src\Lib\inLibComprasSesionesCreacion.pas";"1";"0";"0";"0";"0"
"src\Lib\inLibConfigCampos.pas";"7";"0";"0";"0";"0"
"src\Lib\inLibCriptoCurr.pas";"0";"0";"0";"2";"0"
"src\Lib\inLibDBStructure.pas";"3";"0";"0";"0";"0"
"src\Lib\inLibDevExp.pas";"6";"8";"4";"2";"0"
"src\Lib\inLibDivCurr.pas";"0";"0";"0";"7";"0"
"src\Lib\inLibDocCompraExcel.pas";"1";"0";"0";"0";"0"
"src\Lib\inLibEAN13.pas";"2";"0";"0";"0";"0"
"src\Lib\inLibFacturaExcel.pas";"0";"0";"7";"0";"0"
"src\Lib\inLibFacturas.pas";"9";"0";"5";"0";"0"
"src\Lib\inLibFacturasColumnasPresentacion.pas";"0";"0";"14";"0";"0"
"src\Lib\inLibFormManager.pas";"5";"0";"0";"0";"0"
"src\Lib\inLibFTicket.pas";"1";"0";"0";"2";"0"
"src\Lib\inLibGridArticulos.pas";"18";"0";"11";"2";"0"
"src\Lib\inLibGridCantidad.pas";"0";"0";"0";"1";"0"
"src\Lib\inLibGridColumnChooser.pas";"3";"4";"0";"0";"0"
"src\Lib\inLibGridPivoteVentaPresentacion.pas";"0";"0";"2";"0";"0"
"src\Lib\inLibGridTallasInline.pas";"31";"4";"0";"2";"0"
"src\Lib\inLibHojaCalculoDevEx.pas";"0";"0";"2";"0";"0"
"src\Lib\inLibInformesGuiasCache.pas";"3";"0";"0";"1";"0"
"src\Lib\inLibInventarioExcel.pas";"2";"1";"0";"0";"0"
"src\Lib\inLibInventarioNube.pas";"0";"0";"0";"4";"0"
"src\Lib\inLibLayoutForm.pas";"5";"2";"0";"1";"0"
"src\Lib\inLibLectorScanner.pas";"0";"0";"0";"3";"0"
"src\Lib\inLibLog.pas";"2";"0";"0";"0";"0"
"src\Lib\inLibModoTallasBuscador.pas";"0";"0";"5";"0";"0"
"src\Lib\inLibModoTallasPresentacion.pas";"0";"0";"3";"0";"0"
"src\Lib\inLibPathTokens.pas";"2";"1";"0";"0";"0"
"src\Lib\inLibPresta.pas";"0";"0";"1";"7";"0"
"src\Lib\inLibPrestaImporter.pas";"3";"0";"0";"0";"0"
"src\Lib\inLibShowMto.pas";"4";"0";"0";"0";"0"
"src\Lib\inLibUnidadesMedida.pas";"1";"0";"0";"2";"0"
"src\Lib\inLibUnitForm.pas";"2";"1";"1";"0";"0"
"src\Lib\inLibVentasCalendario.pas";"4";"0";"0";"0";"0"
"src\Lib\inLibVentasImpuestos.pas";"3";"0";"0";"0";"0"
"src\Lib\inLibVerifactuNoVerifactuVerify.pas";"0";"0";"0";"8";"0"
"src\Lib\inLibWin.pas";"2";"0";"1";"2";"0"
"src\Modals\inMtoModalAddBlockBase.pas";"8";"0";"0";"5";"0"
"src\Modals\inMtoModalAddBlockInventario.pas";"1";"1";"0";"1";"0"
"src\Modals\inMtoModalAddBlockTarifa.pas";"9";"1";"0";"1";"0"
"src\Modals\inMtoModalArticulosPropiedades.pas";"11";"5";"0";"5";"0"
"src\Modals\inMtoModalCalcularMargen.pas";"7";"0";"0";"0";"0"
"src\Modals\inMtoModalCrearAlbaranSesion.pas";"4";"0";"0";"1";"0"
"src\Modals\inMtoModalDistribuidor.pas";"3";"5";"6";"0";"0"
"src\Modals\inMtoModalDocsCreados.pas";"3";"0";"4";"0";"0"
"src\Modals\inMtoModalEntradaCambio.pas";"3";"0";"0";"0";"0"
"src\Modals\inMtoModalEtiqAlb.pas";"1";"0";"0";"5";"0"
"src\Modals\inMtoModalEtiqArt.pas";"1";"0";"0";"11";"0"
"src\Modals\inMtoModalEtiqDev.pas";"1";"0";"0";"7";"0"
"src\Modals\inMtoModalEtiqPed.pas";"1";"0";"0";"1";"0"
"src\Modals\inMtoModalFacRec.pas";"0";"0";"4";"0";"0"
"src\Modals\inMtoModalFacturarAlbaranes.pas";"1";"0";"0";"1";"0"
"src\Modals\inMtoModalFacturarAlbaranesFechas.pas";"2";"1";"0";"1";"0"
"src\Modals\inMtoModalFiltroArt.pas";"1";"0";"0";"0";"0"
"src\Modals\inMtoModalGenerarSKUs.pas";"17";"0";"0";"2";"0"
"src\Modals\inMtoModalGenImp.pas";"8";"8";"2";"0";"0"
"src\Modals\inMtoModalGenImpSave.pas";"0";"0";"1";"0";"0"
"src\Modals\inMtoModalGestionFiltros.pas";"0";"0";"0";"1";"0"
"src\Modals\inMtoModalGridGuias.pas";"1";"0";"0";"0";"0"
"src\Modals\inMtoModalGuiasBase.pas";"7";"0";"0";"0";"0"
"src\Modals\inMtoModalImpAlbCompra.pas";"2";"0";"0";"0";"0"
"src\Modals\inMtoModalImpAlbCompraV.pas";"2";"0";"0";"0";"0"
"src\Modals\inMtoModalImpBalanceSinTallas.pas";"0";"0";"1";"0";"0"
"src\Modals\inMtoModalImpBalanceTallas.pas";"0";"0";"1";"0";"0"
"src\Modals\inMtoModalImpDevCompra.pas";"2";"0";"0";"2";"0"
"src\Modals\inMtoModalImpDevCompraV.pas";"2";"0";"0";"2";"0"
"src\Modals\inMtoModalImpDocsProveedor.pas";"0";"0";"1";"0";"0"
"src\Modals\inMtoModalImpEfectosPago.pas";"0";"0";"1";"1";"0"
"src\Modals\inMtoModalImpFac.pas";"0";"0";"6";"1";"0"
"src\Modals\inMtoModalImpMovVentasArt.pas";"0";"0";"1";"1";"0"
"src\Modals\inMtoModalImpMultiFiltro.pas";"0";"0";"0";"3";"0"
"src\Modals\inMtoModalImportarPedidosPS.pas";"1";"2";"0";"0";"0"
"src\Modals\inMtoModalImpRecFac.pas";"0";"0";"3";"0";"0"
"src\Modals\inMtoModalImpSesion.pas";"2";"0";"0";"0";"0"
"src\Modals\inMtoModalInformesGuias.pas";"3";"2";"0";"0";"0"
"src\Modals\inMtoModalSelAlmacenPedido.pas";"3";"0";"1";"0";"0"
"src\Modals\inMtoModalSelFamilia.pas";"1";"0";"0";"0";"0"
"src\Modals\inMtoModalSepaRemesaVenta.pas";"0";"0";"0";"1";"0"
"src\Modals\inMtoModalSesionMaterializar.pas";"0";"0";"0";"2";"0"
"src\Modals\inMtoModalWizardEditar.pas";"23";"3";"0";"1";"0"
"src\verifactu\inLibVerifactuEnvio.pas";"0";"0";"0";"1";"0"
"src\verifactu\UniDataVerifactuColaResultados.pas";"0";"0";"0";"4";"0"
