tabla,columna_actual,columna_nueva,cambia,definicion
fza_almacenes,CODIGO_ALMACEN_ALM,CODIGO_ALM,SI,varchar(10) NOT NULL
fza_almacenes,CODIGO_EMPRESA_ALM,CODIGO_EMP_ALM,SI,varchar(20) NOT NULL
fza_almacenes,ESACTIVO_ALM,ESACTIVO_ALM,NO,varchar(1) NULL DEFAULT 'S'
fza_almacenes,NOMBRE_ALMACEN_ALM,NOMBRE_ALM,SI,varchar(100) NULL DEFAULT NULL
fza_almacenes,CODIGO_PADRE_ALM,CODIGO_PADRE_ALM,NO,varchar(10) NULL DEFAULT NULL
fza_almacenes,ESFISICO_ALM,ESFISICO_ALM,NO,varchar(1) NULL DEFAULT 'S'
fza_almacenes,TIPO_USO_ALM,TIPO_USO_ALM,NO,varchar(20) NULL DEFAULT 'ESTANDAR'
fza_almacenes,DIRECCION_ALM,DIRECCION_ALM,NO,varchar(200) NULL DEFAULT NULL
fza_almacenes,POBLACION_ALM,POBLACION_ALM,NO,varchar(200) NULL DEFAULT NULL
fza_almacenes,CODIGO_POSTAL_ALM,CODIGO_POSTAL_ALM,NO,varchar(10) NULL DEFAULT NULL
fza_almacenes,TELEFONO_ALM,TELEFONO_ALM,NO,varchar(50) NULL DEFAULT NULL
fza_almacenes,EMAIL_ALM,EMAIL_ALM,NO,varchar(100) NULL DEFAULT NULL
fza_almacenes,CODIGO_CLIENTE_ALM,CODIGO_CLI_ALM,SI,varchar(20) NULL DEFAULT NULL
fza_almacenes,ALMACEN_DESTINO_ACTUAL_ALM,DESTINO_ACTUAL_ALM,SI,varchar(10) NULL DEFAULT NULL COMMENT 'Hacia dónde va la mercancía (Pendiente de recibir)'
fza_almacenes,ALMACEN_ORIGEN_ACTUAL_ALM,ORIGEN_ACTUAL_ALM,SI,varchar(10) NULL DEFAULT NULL COMMENT 'De dónde viene la mercancía cargada'
fza_almacenes,ORDEN_ALM,ORDEN_ALM,NO,int(11) NULL DEFAULT NULL
fza_almacenes,INSTANTEMODIF,INSTANTE_MODIF,SI,timestamp NOT NULL DEFAULT current_timestamp() ON UPDATE CURRENT_TIMESTAMP
fza_almacenes,INSTANTEALTA,INSTANTE_ALTA,SI,timestamp NOT NULL DEFAULT '0000-00-00 00:00:00'
fza_almacenes,USUARIOALTA,USUARIO_ALTA,SI,varchar(100) NOT NULL
fza_almacenes,USUARIOMODIF,USUARIO_MODIF,SI,varchar(100) NOT NULL
fza_almacenes,PROVINCIA_ALM,PROVINCIA_ALM,NO,varchar(200) NULL DEFAULT NULL
fza_almacenes_cajas,CODIGO_ALMACEN_ALMCAJ,CODIGO_ALM_ALMCAJ,SI,varchar(10) NOT NULL
fza_almacenes_cajas,CODIGO_CAJA_ALMCAJ,CODIGO_CAJA_ALMCAJ,NO,varchar(10) NOT NULL
fza_almacenes_cajas,DESCRIPCION_ALMCAJ,DESCRIPCION_ALMCAJ,NO,varchar(100) NULL DEFAULT NULL
fza_articulos,CODIGO_ARTICULO,CODIGO_ART,SI,varchar(20) NOT NULL
fza_articulos,ACTIVO_ARTICULO,ESACTIVO_ART,SI,varchar(1) NOT NULL DEFAULT 'S'
fza_articulos,TIPO_ARTICULO,TIPO_ART,SI,"varchar(10) NOT NULL DEFAULT 'ESTANDAR' COMMENT 'ESTANDAR=Físico (Control Stock), SERVICIO=Intangible (Sin Stock), KIT=Pack'"
fza_articulos,DESCRIPCION_ARTICULO,DESCRIPCION_ART,SI,varchar(1000) NOT NULL
fza_articulos,CODIGO_FAMILIA_ARTICULO,CODIGO_FAM_ART,SI,varchar(20) NULL DEFAULT NULL
fza_articulos,TIPOIVA_ARTICULO,TIPO_IVA_ART,SI,varchar(2) NOT NULL
fza_articulos,ESACTIVO_FIJO_ARTICULO,ESACTIVO_FIJO_ART,SI,varchar(1) NULL DEFAULT 'N'
fza_articulos,TIPO_CANTIDAD_ARTICULO,TIPO_CANTIDAD_ART,SI,varchar(20) NOT NULL DEFAULT 'Uds'
fza_articulos,ESVARIACION_ARTICULO,ESVARIACION_ART,SI,varchar(1) NOT NULL
fza_articulos,ESTRAZABLE_ARTICULO,ESTRAZABLE_ART,SI,"varchar(1) NOT NULL DEFAULT 'N' COMMENT 'S=Pide Lote/Caducidad, N=No pide'"
fza_articulos,ORDEN_ARTICULO,ORDEN_ART,SI,int(11) NULL DEFAULT NULL
fza_articulos,INSTANTEMODIF,INSTANTE_MODIF,SI,timestamp NOT NULL DEFAULT current_timestamp() ON UPDATE CURRENT_TIMESTAMP
fza_articulos,INSTANTEALTA,INSTANTE_ALTA,SI,timestamp NOT NULL DEFAULT '0000-00-00 00:00:00'
fza_articulos,USUARIOALTA,USUARIO_ALTA,SI,varchar(100) NOT NULL
fza_articulos,USUARIOMODIF,USUARIO_MODIF,SI,varchar(100) NOT NULL
fza_articulos,TIPO_VARIACION_ARTICULO,TIPO_VARIACION_ART,SI,varchar(20) NULL DEFAULT NULL
fza_articulos_conjuntos_asign,CODIGO_ARTICULO_ACA,CODIGO_ART_ACA,SI,varchar(20) NOT NULL COMMENT 'FK fza_articulos'
fza_articulos_conjuntos_asign,ID_CONJUNTO_ACA,ID_AC_ACA,SI,int(11) NOT NULL COMMENT 'FK fza_atributos_conjuntos'
fza_articulos_conjuntos_asign,ID_ATRIBUTO_ACA,ID_VA_ACA,SI,"varchar(20) NOT NULL COMMENT 'Posición del atributo (CO, TAL...) – denormalizado del conjunto para índice directo'"
fza_articulos_conjuntos_asign,ES_GENERACION_AUTO,ESGENERACION_AUTO_ACA,SI,char(1) NOT NULL DEFAULT 'S' COMMENT 'S=genera SKUs automáticamente al procesar'
fza_articulos_conjuntos_asign,INSTANTEMODIF,INSTANTE_MODIF,SI,timestamp NOT NULL DEFAULT current_timestamp() ON UPDATE CURRENT_TIMESTAMP
fza_articulos_conjuntos_asign,INSTANTEALTA,INSTANTE_ALTA,SI,timestamp NOT NULL DEFAULT '0000-00-00 00:00:00'
fza_articulos_conjuntos_asign,USUARIOALTA,USUARIO_ALTA,SI,varchar(100) NOT NULL
fza_articulos_conjuntos_asign,USUARIOMODIF,USUARIO_MODIF,SI,varchar(100) NOT NULL
fza_articulos_familias,CODIGO_FAMILIA,CODIGO_FAM,SI,varchar(20) NOT NULL
fza_articulos_familias,ACTIVO_FAMILIA,ESACTIVO_FAM,SI,varchar(1) NULL DEFAULT 'S'
fza_articulos_familias,ORDEN_FAMILIA,ORDEN_FAM,SI,int(11) NULL DEFAULT NULL
fza_articulos_familias,ESDEFAULT_FAMILIA,ESDEFAULT_FAM,SI,varchar(1) NULL DEFAULT NULL
fza_articulos_familias,CODIGO_SUBFAMILIA,CODIGO_SUBFAMILIA_FAM,SI,varchar(10) NULL DEFAULT NULL
fza_articulos_familias,NOMBRE_FAMILIA,NOMBRE_FAM,SI,varchar(200) NULL DEFAULT NULL
fza_articulos_familias,DESCRIPCION_FAMILIA,DESCRIPCION_FAM,SI,varchar(200) NULL DEFAULT NULL
fza_articulos_familias,CONTADOR_ART_FAMILIA,CONTADOR_ART_FAM,SI,int(11) NULL DEFAULT NULL
fza_articulos_familias,ESCONTADOR_ART_FAMILIA,ESCONTADOR_ART_FAM,SI,varchar(1) NULL DEFAULT NULL
fza_articulos_familias,INSTANTEMODIF,INSTANTE_MODIF,SI,timestamp NOT NULL DEFAULT current_timestamp() ON UPDATE CURRENT_TIMESTAMP
fza_articulos_familias,INSTANTEALTA,INSTANTE_ALTA,SI,timestamp NOT NULL DEFAULT '0000-00-00 00:00:00'
fza_articulos_familias,USUARIOALTA,USUARIO_ALTA,SI,varchar(100) NOT NULL
fza_articulos_familias,USUARIOMODIF,USUARIO_MODIF,SI,varchar(100) NOT NULL
fza_articulos_propiedades,CODIGO_ARTICULO,CODIGO_ART_ARTPROP,SI,varchar(20) NOT NULL
fza_articulos_propiedades,CODIGO_PROPIEDAD,CODIGO_PROP_ARTPROP,SI,"varchar(20) NOT NULL COMMENT 'FK a fza_propiedades (ej: MATERIAL, EDAD_MAX)'"
fza_articulos_propiedades,ID_VALOR_PV,ID_PV_ARTPROP,SI,"int(11) NULL DEFAULT NULL COMMENT 'Si es tipo LISTA, guardas aquí el ID de fza_propiedades_valores'"
fza_articulos_propiedades,VALOR_LIBRE,VALOR_LIBRE_ARTPROP,SI,"varchar(255) NULL DEFAULT NULL COMMENT 'Si es tipo TEXTO o NUMERO, escribes el dato directamente aquí'"
fza_articulos_propiedades,INSTANTEALTA,INSTANTE_ALTA,SI,timestamp NOT NULL DEFAULT current_timestamp()
fza_articulos_propiedades,USUARIOALTA,USUARIO_ALTA,SI,varchar(100) NOT NULL
fza_articulos_proveedores,CODIGO_PROVEEDOR_ARTICULO_PROVEEDOR,CODIGO_PRV_AP,SI,varchar(20) NOT NULL
fza_articulos_proveedores,CODIGO_ARTICULO_ARTICULO_PROVEEDOR,CODIGO_ART_AP,SI,varchar(20) NOT NULL
fza_articulos_proveedores,REF_PROVEEDOR_ARTICULO_PROVEEDOR,REF_PROVEEDOR_AP,SI,varchar(100) NULL DEFAULT NULL
fza_articulos_proveedores,PRECIO_ULT_COMPRA_ARTICULO_PROVEEDOR,PRECIO_ULT_COMPRA_AP,SI,"decimal(19,6) NULL DEFAULT NULL"
fza_articulos_proveedores,FECHA_VALIDEZ_ARTICULO_PROVEEDOR,FECHA_VALIDEZ_AP,SI,datetime NULL DEFAULT NULL
fza_articulos_proveedores,ESPROVEEDORPRINCIPAL_ARTICULO_PROVEEDOR,ESPROVEEDORPRINCIPAL_AP,SI,varchar(1) NULL DEFAULT NULL
fza_articulos_proveedores,INSTANTEMODIF,INSTANTE_MODIF,SI,timestamp NOT NULL DEFAULT current_timestamp() ON UPDATE CURRENT_TIMESTAMP
fza_articulos_proveedores,INSTANTEALTA,INSTANTE_ALTA,SI,timestamp NOT NULL DEFAULT '0000-00-00 00:00:00'
fza_articulos_proveedores,USUARIOALTA,USUARIO_ALTA,SI,varchar(100) NOT NULL
fza_articulos_proveedores,USUARIOMODIF,USUARIO_MODIF,SI,varchar(100) NOT NULL
fza_articulos_proveedores,REFPROVEEDOR_AP,REFPROVEEDOR_AP,NO,varchar(50) NULL DEFAULT NULL
fza_articulos_skus,CODIGO_UNIDAD_SKU,CODIGO_UNIDAD_SKU,NO,varchar(50) NOT NULL
fza_articulos_skus,CODIGO_ARTICULO_SKU,CODIGO_ART_SKU,SI,varchar(20) NOT NULL
fza_articulos_skus,CODIGO_VAR_SKU,CODIGO_VAR_SKU,NO,varchar(20) NOT NULL
fza_articulos_skus,ESACTIVO_SKU,ESACTIVO_SKU,NO,varchar(1) NULL DEFAULT 'S'
fza_articulos_skus,INSTANTEMODIF,INSTANTE_MODIF,SI,timestamp NOT NULL DEFAULT current_timestamp() ON UPDATE CURRENT_TIMESTAMP
fza_articulos_skus,INSTANTEALTA,INSTANTE_ALTA,SI,timestamp NOT NULL DEFAULT '0000-00-00 00:00:00'
fza_articulos_skus,USUARIOALTA,USUARIO_ALTA,SI,varchar(100) NOT NULL
fza_articulos_skus,USUARIOMODIF,USUARIO_MODIF,SI,varchar(100) NOT NULL
fza_articulos_stockactual,CODIGO_ALMACEN_STK,CODIGO_ALM_STK,SI,varchar(10) NOT NULL
fza_articulos_stockactual,CODIGO_UNIDAD_STK,CODIGO_UNIDAD_STK,NO,varchar(50) NOT NULL
fza_articulos_stockactual,LOTE_STK,LOTE_STK,NO,varchar(50) NOT NULL DEFAULT ''
fza_articulos_stockactual,FECHA_CADUCIDAD_STK,FECHA_CADUCIDAD_STK,NO,date NULL DEFAULT NULL
fza_articulos_stockactual,CANTIDAD_STK,CANTIDAD_STK,NO,"decimal(19,6) NULL DEFAULT '0.000000'"
fza_articulos_stockactual,INSTANTEMODIF,INSTANTE_MODIF,SI,timestamp NOT NULL DEFAULT current_timestamp() ON UPDATE CURRENT_TIMESTAMP
fza_articulos_stockactual,VALOR_TOTAL_STK,VALOR_TOTAL_STK,NO,"decimal(19,6) NULL DEFAULT '0.000000'"
fza_articulos_stockactual,PRECIO_MEDIO_STK,PRECIO_MEDIO_STK,NO,"decimal(19,6) NULL DEFAULT '0.000000'"
fza_articulos_stockactual,CANTIDAD_PTE_RECIBIR,CANTIDAD_PTE_RECIBIR_STK,SI,"decimal(19,6) NULL DEFAULT '0.000000'"
fza_articulos_stockactual,CANTIDAD_PTE_SERVIR,CANTIDAD_PTE_SERVIR_STK,SI,"decimal(19,6) NULL DEFAULT '0.000000'"
fza_articulos_stockactual,CANTIDAD_PTE_TRASPASAR,CANTIDAD_PTE_TRASPASAR_STK,SI,"decimal(19,6) NULL DEFAULT '0.000000'"
fza_articulos_stockactual,CANTIDAD_PTE_RECTRASPASAR,CANTIDAD_PTE_RECTRASPASAR_STK,SI,"decimal(19,6) NULL DEFAULT '0.000000'"
fza_articulos_tarifas,CODIGO_ARTICULO_TARIFA,CODIGO_ART_ARTTAR,SI,varchar(20) NOT NULL
fza_articulos_tarifas,CODIGO_UNICO_TARIFA,CODIGO_UNICO_ARTTAR,SI,int(11) NOT NULL AUTO_INCREMENT
fza_articulos_tarifas,CODIGO_UNIDAD_TARIFA,CODIGO_UNIDAD_ARTTAR,SI,varchar(50) NOT NULL DEFAULT '' COMMENT 'fza_articulos_skus'
fza_articulos_tarifas,CODIGO_TARIFA,CODIGO_TAR_ARTTAR,SI,varchar(10) NULL DEFAULT NULL
fza_articulos_tarifas,ACTIVO_TARIFA,ESACTIVO_ARTTAR,SI,varchar(1) NULL DEFAULT 'S'
fza_articulos_tarifas,PRECIOSALIDA_TARIFA,PRECIO_SALIDA_ARTTAR,SI,"decimal(19,6) NULL DEFAULT NULL"
fza_articulos_tarifas,PRECIOFINAL_TARIFA,PRECIO_FINAL_ARTTAR,SI,"decimal(19,6) NULL DEFAULT '0.000000'"
fza_articulos_tarifas,PRECIO_DTO_TARIFA,PRECIO_DTO_ARTTAR,SI,"decimal(19,6) NULL DEFAULT NULL"
fza_articulos_tarifas,PORCEN_DTO_TARIFA,PORCENTAJE_DTO_ARTTAR,SI,"decimal(19,6) NULL DEFAULT NULL"
fza_articulos_tarifas,FECHA_DESDE_TARIFA,FECHA_DESDE_ARTTAR,SI,date NULL DEFAULT NULL
fza_articulos_tarifas,FECHA_HASTA_TARIFA,FECHA_HASTA_ARTTAR,SI,date NULL DEFAULT NULL
fza_articulos_tarifas,INSTANTEMODIF,INSTANTE_MODIF,SI,timestamp NOT NULL DEFAULT current_timestamp() ON UPDATE CURRENT_TIMESTAMP
fza_articulos_tarifas,INSTANTEALTA,INSTANTE_ALTA,SI,timestamp NOT NULL DEFAULT '0000-00-00 00:00:00'
fza_articulos_tarifas,USUARIOALTA,USUARIO_ALTA,SI,varchar(100) NOT NULL
fza_articulos_tarifas,USUARIOMODIF,USUARIO_MODIF,SI,varchar(100) NOT NULL
fza_articulos_vinculos,ID_VINCULO,ID_ARTVIN,SI,int(11) NOT NULL AUTO_INCREMENT
fza_articulos_vinculos,CODIGO_ARTICULO_PADRE,CODIGO_ART_PADRE_ARTVIN,SI,varchar(20) NOT NULL
fza_articulos_vinculos,CODIGO_ARTICULO_HIJO,CODIGO_ART_HIJO_ARTVIN,SI,varchar(20) NOT NULL
fza_articulos_vinculos,CANTIDAD,CANTIDAD_ARTVIN,SI,"decimal(10,2) NULL DEFAULT '1.00'"
fza_articulos_vinculos,ORDEN_VISUAL,ORDEN_VISUAL_ARTVIN,SI,int(11) NULL DEFAULT '1'
fza_articulos_vinculos,ES_OBLIGATORIO,ESOBLIGATORIO_ARTVIN,SI,char(1) NULL DEFAULT 'S'
fza_atributos_basicos,ID_BASICO,ID_ATB,SI,int(11) NOT NULL AUTO_INCREMENT
fza_atributos_basicos,ID_VA_BASICO,ID_VA_ATB,SI,varchar(20) NOT NULL
fza_atributos_basicos,CODIGO_BASICO,CODIGO_ATB,SI,varchar(30) NOT NULL
fza_atributos_basicos,NOMBRE_BASICO,NOMBRE_ATB,SI,varchar(100) NOT NULL
fza_atributos_basicos,EXTRA_BASICO,EXTRA_ATB,SI,varchar(7) NULL DEFAULT NULL
fza_atributos_basicos,ORDEN_BASICO,ORDEN_ATB,SI,int(11) NULL DEFAULT '0'
fza_atributos_basicos,ESACTIVO_BASICO,ESACTIVO_ATB,SI,char(1) NULL DEFAULT 'S'
fza_atributos_conjuntos,ID_CONJUNTO_AC,ID_AC,SI,int(11) NOT NULL AUTO_INCREMENT
fza_atributos_conjuntos,NOMBRE_AC,NOMBRE_AC,NO,varchar(100) NOT NULL COMMENT 'Nombre descriptivo del set'
fza_atributos_conjuntos,ID_VARIACION_AC,ID_VAR_AC,SI,"varchar(20) NOT NULL COMMENT 'FK fza_variaciones (TC, TEMP…)'"
fza_atributos_conjuntos,ID_ATRIBUTO_AC,ID_VA_AC,SI,"varchar(20) NULL DEFAULT NULL COMMENT 'Posición/atributo dentro de la variación (CO, TAL, TEMP…) → FK fza_variaciones_atributos'"
fza_atributos_conjuntos,ESACTIVO_AC,ESACTIVO_AC,NO,varchar(1) NULL DEFAULT 'S'
fza_atributos_conjuntos,INSTANTEMODIF,INSTANTE_MODIF,SI,timestamp NOT NULL DEFAULT current_timestamp() ON UPDATE CURRENT_TIMESTAMP
fza_atributos_conjuntos,INSTANTEALTA,INSTANTE_ALTA,SI,timestamp NOT NULL DEFAULT '0000-00-00 00:00:00'
fza_atributos_conjuntos,USUARIOALTA,USUARIO_ALTA,SI,varchar(100) NOT NULL
fza_atributos_conjuntos,USUARIOMODIF,USUARIO_MODIF,SI,varchar(100) NOT NULL
fza_atributos_conjuntos_det,ID_CONJUNTO_ACD,ID_AC_ACD,SI,int(11) NOT NULL COMMENT 'FK a la cabecera del conjunto'
fza_atributos_conjuntos_det,ID_VALOR_ACD,ID_AV_ACD,SI,int(11) NOT NULL COMMENT 'FK al valor individual (fza_atributos_valores)'
fza_atributos_conjuntos_det,ORDEN_ACD,ORDEN_ACD,NO,int(11) NOT NULL DEFAULT '0' COMMENT 'Orden de visualización dentro de este conjunto específico'
fza_atributos_conjuntos_det,INSTANTEMODIF,INSTANTE_MODIF,SI,timestamp NOT NULL DEFAULT current_timestamp() ON UPDATE CURRENT_TIMESTAMP
fza_atributos_conjuntos_det,INSTANTEALTA,INSTANTE_ALTA,SI,timestamp NOT NULL DEFAULT '0000-00-00 00:00:00'
fza_atributos_conjuntos_det,USUARIOALTA,USUARIO_ALTA,SI,varchar(100) NOT NULL
fza_atributos_conjuntos_det,USUARIOMODIF,USUARIO_MODIF,SI,varchar(100) NOT NULL
fza_atributos_sku,CODIGO_UNIDAD_SA,CODIGO_UNIDAD_SKU_SA,SI,varchar(50) NOT NULL COMMENT 'FK hacia fza_articulos_skus'
fza_atributos_sku,ID_VALOR_SA,ID_AV_SA,SI,int(11) NOT NULL COMMENT 'FK hacia fza_atributos_valores'
fza_atributos_sku,INSTANTEMODIF,INSTANTE_MODIF,SI,timestamp NOT NULL DEFAULT current_timestamp() ON UPDATE CURRENT_TIMESTAMP
fza_atributos_sku,INSTANTEALTA,INSTANTE_ALTA,SI,timestamp NOT NULL DEFAULT '0000-00-00 00:00:00'
fza_atributos_sku,USUARIOALTA,USUARIO_ALTA,SI,varchar(100) NOT NULL
fza_atributos_sku,USUARIOMODIF,USUARIO_MODIF,SI,varchar(100) NOT NULL
fza_atributos_valores,ID_VALOR_AV,ID_AV,SI,int(11) NOT NULL AUTO_INCREMENT COMMENT 'Identificador único del valor'
fza_atributos_valores,ID_VA_AV,ID_VA_AV,NO,varchar(20) NOT NULL COMMENT 'Relación con fza_variaciones_atributos (ej: CO)'
fza_atributos_valores,VALOR_AV,AV,SI,"varchar(100) NOT NULL COMMENT 'El valor real (ej: Azul, XL, 42)'"
fza_atributos_valores,ORDEN_AV,ORDEN_AV,NO,"int(11) NOT NULL DEFAULT '0' COMMENT 'Orden de visualización global (usar saltos de 10: 10, 20, 30...)'"
fza_atributos_valores,DESCRIPCION_AV,DESCRIPCION_AV,NO,varchar(255) NULL DEFAULT NULL
fza_atributos_valores,ESACTIVO_AV,ESACTIVO_AV,NO,varchar(1) NULL DEFAULT 'S'
fza_atributos_valores,FACTOR_CONVERSION_AV,FACTOR_CONVERSION_AV,NO,"decimal(19,6) NULL DEFAULT '1.000000' COMMENT 'Multiplicador respecto a la unidad base'"
fza_atributos_valores,UNIDAD_MEDIDA_AV,UNIDAD_MEDIDA_AV,NO,"varchar(10) NULL DEFAULT NULL COMMENT 'L, Kg, m, m2, ud'"
fza_atributos_valores,CODIGO_ARTICULO_EXTRA,CODIGO_ART_EXTRA_AV,SI,"varchar(20) NULL DEFAULT NULL COMMENT 'Si se rellena, al elegir este valor se genera una linea aparte con un incremento por ejemplo'"
fza_atributos_valores,INSTANTEMODIF,INSTANTE_MODIF,SI,timestamp NOT NULL DEFAULT current_timestamp() ON UPDATE CURRENT_TIMESTAMP
fza_atributos_valores,INSTANTEALTA,INSTANTE_ALTA,SI,timestamp NOT NULL DEFAULT '0000-00-00 00:00:00'
fza_atributos_valores,USUARIOALTA,USUARIO_ALTA,SI,varchar(100) NOT NULL
fza_atributos_valores,USUARIOMODIF,USUARIO_MODIF,SI,varchar(100) NOT NULL
fza_atributos_valores_info,ID_INFO,ID_AVI,SI,int(11) NOT NULL AUTO_INCREMENT
fza_atributos_valores_info,ID_VALOR_AV_INFO,ID_AV_AVI,SI,int(11) NOT NULL COMMENT 'Relación con fza_atributos_valores (El ID del Rojo o de la XL)'
fza_atributos_valores_info,CLAVE_INFO,CLAVE_AVI,SI,"varchar(50) NOT NULL COMMENT 'El nombre del dato: COD_PROV, MEDIDA_CM, HEX, etc.'"
fza_atributos_valores_info,VALOR_INFO,VALOR_AVI,SI,"varchar(255) NOT NULL COMMENT 'El valor del dato: RED-01, 50-70, #FF0000'"
fza_caja_formas_pago,CODIGO_FORMAP,CODIGO_FP_CFP,SI,"varchar(20) NOT NULL COMMENT 'Código identificativo (EFE, TARJ, etc)'"
fza_caja_formas_pago,DESCRIPCION_FORMAP,DESCRIPCION_FORMA_PAGO_CFP,SI,varchar(100) NOT NULL COMMENT 'Nombre visual para el ticket'
fza_caja_formas_pago,ES_REQ_REFERENCIA_FORMAP,ESREQ_REFERENCIA_FORMA_PAGO_CFP,SI,"varchar(1) NOT NULL DEFAULT 'N' COMMENT 'S=Obliga a introducir un número (ej: cod barras bono, nro autorización tarjeta)'"
fza_caja_formas_pago,ES_CRIPTO_FORMAP,ESCRIPTO_FORMA_PAGO_CFP,SI,varchar(1) NOT NULL
fza_caja_formas_pago,RED_BLOCKCHAIN_FORMAP,RED_BLOCKCHAIN_FORMA_PAGO_CFP,SI,varchar(100) NULL DEFAULT NULL
fza_caja_formas_pago,HASH_BOCKCHAIN_FORMAP,HASH_BLOCKCHAIN_FORMA_PAGO_CFP,SI,varchar(128) NULL DEFAULT NULL
fza_caja_formas_pago,ESDIVISA_FORMAP,ESDIVISA_FORMA_PAGO_CFP,SI,varchar(1) NOT NULL
fza_caja_formas_pago,ES_DEVUELVE_CAMBIO_FORMAP,ESDEVUELVE_CAMBIO_FORMA_PAGO_CFP,SI,varchar(1) NULL DEFAULT 'S' COMMENT 'S=Permite dar cambio. N=No permite (el bono debe gastarse entero o se pierde el resto)'
fza_caja_formas_pago,ES_ABRE_CAJON_FORMAP,ESABRE_CAJON_FORMA_PAGO_CFP,SI,varchar(1) NULL DEFAULT 'N' COMMENT 'S=Lanza la secuencia de apertura de cajón'
fza_caja_formas_pago,ES_ACTIVO_FORMAP,ESACTIVO_FORMA_PAGO_CFP,SI,varchar(1) NULL DEFAULT 'S'
fza_caja_formas_pago,PORCEN_COMISION_FORMAP,PORCENTAJE_COMISION_FORMA_PAGO_CFP,SI,int(11) NULL DEFAULT NULL
fza_caja_formas_pago,ESCOMISION_INCL_FORMAP,ESCOMISION_INCL_FORMA_PAGO_CFP,SI,varchar(1) NULL DEFAULT NULL
fza_caja_formas_pago,NUM_COD_DIGIT_FORMAP,NUM_COD_DIGIT_FORMA_PAGO_CFP,SI,varchar(1) NULL DEFAULT NULL
fza_caja_formas_pago,ORDEN_VISUAL_FORMAP,ORDEN_VISUAL_FORMA_PAGO_CFP,SI,int(11) NULL DEFAULT '99' COMMENT 'Para ordenar los botones en la pantalla F12'
fza_caja_formas_pago,INSTANTEMODIF,INSTANTE_MODIF,SI,timestamp NOT NULL DEFAULT current_timestamp() ON UPDATE CURRENT_TIMESTAMP
fza_caja_formas_pago,INSTANTEALTA,INSTANTE_ALTA,SI,timestamp NOT NULL DEFAULT '0000-00-00 00:00:00'
fza_caja_formas_pago,USUARIOALTA,USUARIO_ALTA,SI,varchar(100) NOT NULL
fza_caja_formas_pago,USUARIOMODIF,USUARIO_MODIF,SI,varchar(100) NOT NULL
fza_caja_operaciones,ID_OPCAJA,ID_OPCAJA,NO,bigint(20) NOT NULL AUTO_INCREMENT
fza_caja_operaciones,CODIGO_EMPRESA_OPCAJA,CODIGO_EMP_OPCAJA,SI,varchar(10) NOT NULL
fza_caja_operaciones,CODIGO_ALMACEN_OPCAJA,CODIGO_ALM_OPCAJA,SI,varchar(10) NOT NULL
fza_caja_operaciones,CODIGO_CAJA_OPCAJA,CODIGO_CAJA_OPCAJA,NO,"varchar(10) NOT NULL COMMENT 'Terminal físico (TPV1, TPV2...)'"
fza_caja_operaciones,NUMERO_OPERACION_OPCAJA,NUMERO_OPERACION_OPCAJA,NO,varchar(20) NOT NULL
fza_caja_operaciones,NRO_FACTURA_OPCAJA,NUMERO_FAC_OPCAJA,SI,varchar(20) NULL DEFAULT NULL
fza_caja_operaciones,SERIE_FACTURA_OPCAJA,SERIE_FAC_OPCAJA,SI,varchar(20) NULL DEFAULT NULL
fza_caja_operaciones,FECHA_OPERACION_OPCAJA,FECHA_OPERACION_OPCAJA,NO,datetime NOT NULL
fza_caja_operaciones,CODIGO_EMPLEADO_OPCAJA,CODIGO_EMPLEADO_OPCAJA,NO,varchar(20) NOT NULL
fza_caja_operaciones,TIPO_OPERACION_OPCAJA,TIPO_OPERACION_OPCAJA,NO,"varchar(2) NOT NULL COMMENT 'VE, AL, CB, EC, GC, TR, AT'"
fza_caja_operaciones,IMPORTE_TOTAL_OPCAJA,IMPORTE_TOTAL_OPCAJA,NO,"decimal(19,6) NOT NULL DEFAULT '0.000000'"
fza_caja_operaciones,CODIGO_CLIENTE_OPCAJA,CODIGO_CLI_OPCAJA,SI,varchar(20) NULL DEFAULT NULL
fza_caja_operaciones,ESTADO_DEVOLUCION_OPCAJA,ESTADO_DEVOLUCION_OPCAJA,NO,char(1) NOT NULL DEFAULT 'N'
fza_caja_operaciones,IMPORTE_DEVUELTO_ACUM_OPCAJA,IMPORTE_DEVUELTO_ACUM_OPCAJA,NO,"decimal(19,6) NOT NULL DEFAULT '0.000000'"
fza_caja_operaciones,CONCEPTO_GASTO_INGRESO_OPCAJA,CONCEPTO_GASTO_INGRESO_OPCAJA,NO,varchar(100) NULL DEFAULT NULL
fza_caja_operaciones,SERIE_REF_ORIGEN_OPCAJA,SERIE_REF_ORIGEN_OPCAJA,NO,varchar(20) NULL DEFAULT NULL
fza_caja_operaciones,NUMERO_REF_ORIGEN_OPCAJA,NUMERO_REF_ORIGEN_OPCAJA,NO,varchar(20) NULL DEFAULT NULL
fza_caja_operaciones,MOTIVO_DEVOLUCION_OPCAJA,MOTIVO_DEVOLUCION_OPCAJA,NO,varchar(50) NULL DEFAULT NULL
fza_caja_operaciones,CODIGO_EMPRESA_CONTRA_OPCAJA,CODIGO_EMP_CONTRA_OPCAJA,SI,varchar(20) NULL DEFAULT NULL
fza_caja_operaciones,CODIGO_ALMACEN_CONTRA_OPCAJA,CODIGO_ALM_CONTRA_OPCAJA,SI,varchar(10) NULL DEFAULT NULL
fza_caja_operaciones,ES_TRASPASO_OPCAJA,ESTRASPASO_OPCAJA,SI,varchar(1) NULL DEFAULT 'N'
fza_caja_operaciones,CODIGO_ARQUEO_OPCAJA,CODIGO_ARQUEO_OPCAJA,NO,varchar(20) NULL DEFAULT NULL COMMENT 'ID del Cierre Z al que pertenece esta línea'
fza_caja_operaciones,INSTANTEMODIF,INSTANTE_MODIF,SI,timestamp NOT NULL DEFAULT current_timestamp() ON UPDATE CURRENT_TIMESTAMP
fza_caja_operaciones,INSTANTEALTA,INSTANTE_ALTA,SI,timestamp NOT NULL DEFAULT '0000-00-00 00:00:00'
fza_caja_operaciones,USUARIOALTA,USUARIO_ALTA,SI,varchar(100) NOT NULL
fza_caja_operaciones,USUARIOMODIF,USUARIO_MODIF,SI,varchar(100) NOT NULL
fza_caja_operaciones,ID_DEPOSITO_OPCAJA,ID_DEPOSITO_OPCAJA,NO,"varchar(20) NULL DEFAULT NULL COMMENT 'FK a fza_depositos_cliente, solo en CB y DE de depósitos'"
fza_caja_operaciones,FECHA_OP_DIA,FECHA_OP_DIA_OPCAJA,SI,date NULL DEFAULT NULL
fza_caja_pagos,CODIGO_EMPRESA_PAGO,CODIGO_EMP_PAGO,SI,varchar(20) NOT NULL
fza_caja_pagos,CODIGO_ALMACEN_PAGO,CODIGO_ALM_PAGO,SI,varchar(10) NOT NULL
fza_caja_pagos,CODIGO_CAJA_PAGO,CODIGO_CAJA_PAGO,NO,varchar(10) NOT NULL
fza_caja_pagos,SERIE_OPERACION_PAGO,SERIE_OPERACION_PAGO,NO,varchar(20) NOT NULL
fza_caja_pagos,NUMERO_OPERACION_PAGO,NUMERO_OPERACION_PAGO,NO,varchar(20) NOT NULL
fza_caja_pagos,NUMERO_LINEA_PAGO,NUMERO_LINEA_PAGO,NO,"int(11) NOT NULL DEFAULT '1' COMMENT 'Orden del pago: 1, 2, 3...'"
fza_caja_pagos,CODIGO_FORMAP,CODIGO_CFP_PAGO,SI,varchar(10) NOT NULL COMMENT 'FK a fza_formas_pago'
fza_caja_pagos,CODIGO_DIVISA_PAGO,CODIGO_DIVISA_PAGO,NO,"varchar(10) NULL DEFAULT NULL COMMENT 'Código ISO o Ticker: USD, BTC, ETH'"
fza_caja_pagos,RED_BLOCKCHAIN,RED_BLOCKCHAIN_PAGO,SI,"varchar(50) NULL DEFAULT NULL COMMENT 'Ej: Bitcoin, Ethereum, TRC20, ERC20, Lightning'"
fza_caja_pagos,FACTOR_CAMBIO_PAGO,FACTOR_CAMBIO_PAGO,NO,"decimal(24,8) NOT NULL DEFAULT '1.00000000' COMMENT 'Valor de conversión respecto a la moneda base'"
fza_caja_pagos,IMPORTE_DIVISA_PAGO,IMPORTE_DIVISA_PAGO,NO,"decimal(24,8) NOT NULL DEFAULT '0.00000000' COMMENT 'Cantidad entregada en la divisa o crypto original'"
fza_caja_pagos,IMPORTE_ENTREGADO_PAGO,IMPORTE_ENTREGADO_PAGO,NO,"decimal(19,6) NOT NULL DEFAULT '0.000000'"
fza_caja_pagos,IMPORTE_CAMBIO_PAGO,IMPORTE_CAMBIO_PAGO,NO,"decimal(19,6) NOT NULL DEFAULT '0.000000' COMMENT 'Solo para efectivo si entrega de más'"
fza_caja_pagos,REFERENCIA_PAGO,REFERENCIA_PAGO,NO,"varchar(255) NULL DEFAULT NULL COMMENT 'Hash de Transacción (TxID), Auth Tarjeta o Referencia'"
fza_caja_pagos,OBSERVACIONES_PAGO,OBSERVACIONES_PAGO,NO,varchar(255) NULL DEFAULT NULL
fza_caja_pagos,INSTANTEMODIF,INSTANTE_MODIF,SI,timestamp NOT NULL DEFAULT current_timestamp() ON UPDATE CURRENT_TIMESTAMP
fza_caja_pagos,INSTANTEALTA,INSTANTE_ALTA,SI,timestamp NOT NULL DEFAULT '0000-00-00 00:00:00'
fza_caja_pagos,USUARIOALTA,USUARIO_ALTA,SI,varchar(100) NOT NULL
fza_caja_vales,CODIGO_VL,CODIGO_VL,NO,varchar(50) NOT NULL COMMENT 'Código de barras identificador'
fza_caja_vales,CODIGO_PADRE_VL,CODIGO_PADRE_VL,NO,"varchar(50) NULL DEFAULT NULL COMMENT 'Si este vale es el cambio de otro anterior, aquí va el ID del padre'"
fza_caja_vales,PIN_SEGURIDAD_VL,PIN_SEGURIDAD_VL,NO,varchar(10) NOT NULL DEFAULT '' COMMENT 'Código aleatorio tipo CVV para validar el vale'
fza_caja_vales,ESTADO_VL,ESTADO_VL,NO,"varchar(15) NOT NULL DEFAULT 'PENDIENTE' COMMENT 'PENDIENTE, REDIMIDO, ANULADO, CADUCADO'"
fza_caja_vales,IMPORTE_NOMINAL_VL,IMPORTE_NOMINAL_VL,NO,"decimal(19,6) NOT NULL DEFAULT '0.000000' COMMENT 'El valor monetario que tiene este vale'"
fza_caja_vales,FECHA_EMISION_VL,FECHA_EMISION_VL,NO,datetime NOT NULL
fza_caja_vales,FECHA_CADUCIDAD_VL,FECHA_CADUCIDAD_VL,NO,date NULL DEFAULT NULL
fza_caja_vales,CODIGO_EMPRESA_EMI_VL,CODIGO_EMP_EMI_VL,SI,varchar(20) NOT NULL
fza_caja_vales,CODIGO_ALMACEN_EMI_VL,CODIGO_ALM_EMI_VL,SI,varchar(10) NOT NULL
fza_caja_vales,CODIGO_CAJA_EMI_VL,CODIGO_CAJA_EMI_VL,NO,varchar(10) NOT NULL
fza_caja_vales,NUMERO_OPERACION_EMI_VL,NUMERO_OPERACION_EMI_VL,NO,varchar(20) NOT NULL COMMENT 'ID operación TPV donde se creó'
fza_caja_vales,SERIE_FACTURA_EMI_VL,SERIE_FAC_EMI_VL,SI,varchar(20) NULL DEFAULT NULL COMMENT 'Factura de abono o ticket origen'
fza_caja_vales,NRO_FACTURA_EMI_VL,NUMERO_FAC_EMI_VL,SI,varchar(20) NULL DEFAULT NULL
fza_caja_vales,FECHA_REDENCION_VL,FECHA_REDENCION_VL,NO,datetime NULL DEFAULT NULL
fza_caja_vales,IMPORTE_REDIMIDO_VL,IMPORTE_REDIMIDO_VL,NO,"decimal(19,6) NULL DEFAULT '0.000000' COMMENT 'Suele coincidir con el nominal al ser de uso único'"
fza_caja_vales,CODIGO_EMPRESA_RED_VL,CODIGO_EMP_RED_VL,SI,varchar(20) NULL DEFAULT NULL
fza_caja_vales,CODIGO_ALMACEN_RED_VL,CODIGO_ALM_RED_VL,SI,varchar(10) NULL DEFAULT NULL
fza_caja_vales,CODIGO_CAJA_RED_VL,CODIGO_CAJA_RED_VL,NO,varchar(10) NULL DEFAULT NULL
fza_caja_vales,NUMERO_OPERACION_RED_VL,NUMERO_OPERACION_RED_VL,NO,varchar(20) NULL DEFAULT NULL COMMENT 'ID operación TPV donde se gastó'
fza_caja_vales,SERIE_FACTURA_RED_VL,SERIE_FAC_RED_VL,SI,varchar(20) NULL DEFAULT NULL COMMENT 'Factura o ticket que se pagó con esto'
fza_caja_vales,NRO_FACTURA_RED_VL,NUMERO_FAC_RED_VL,SI,varchar(20) NULL DEFAULT NULL
fza_caja_vales,CODIGO_CLIENTE_VL,CODIGO_CLI_VL,SI,varchar(20) NULL DEFAULT NULL
fza_caja_vales,OBSERVACIONES_VL,OBSERVACIONES_VL,NO,varchar(200) NULL DEFAULT NULL
fza_caja_vales,INSTANTEMODIF,INSTANTE_MODIF,SI,timestamp NOT NULL DEFAULT current_timestamp() ON UPDATE CURRENT_TIMESTAMP
fza_caja_vales,INSTANTEALTA,INSTANTE_ALTA,SI,timestamp NOT NULL DEFAULT '0000-00-00 00:00:00'
fza_caja_vales,USUARIOALTA,USUARIO_ALTA,SI,varchar(100) NOT NULL
fza_caja_vales,USUARIOMODIF,USUARIO_MODIF,SI,varchar(100) NOT NULL
fza_clientes,CODIGO_CLIENTE,CODIGO_CLI,SI,varchar(10) NOT NULL
fza_clientes,ACTIVO_CLIENTE,ESACTIVO_CLI,SI,varchar(1) NULL DEFAULT 'S'
fza_clientes,ORDEN_CLIENTE,ORDEN_CLI,SI,int(11) NULL DEFAULT NULL
fza_clientes,RAZONSOCIAL_CLIENTE,RAZON_SOCIAL_CLI,SI,varchar(200) NOT NULL
fza_clientes,NIF_CLIENTE,NIF_CLI,SI,varchar(50) NULL DEFAULT NULL
fza_clientes,MOVIL_CLIENTE,MOVIL_CLI,SI,varchar(40) NULL DEFAULT NULL
fza_clientes,EMAIL_CLIENTE,EMAIL_CLI,SI,varchar(200) NULL DEFAULT NULL
fza_clientes,POBLACION_CLIENTE,POBLACION_CLI,SI,varchar(200) NULL DEFAULT NULL
fza_clientes,PROVINCIA_CLIENTE,PROVINCIA_CLI,SI,varchar(200) NULL DEFAULT NULL
fza_clientes,CPOSTAL_CLIENTE,CODIGO_POSTAL_CLI,SI,varchar(15) NULL DEFAULT NULL
fza_clientes,CODIGO_PAIS_CLIENTE,CODIGO_PAI_CLI,SI,varchar(3) NULL DEFAULT '724'
fza_clientes,NOMBRE_PAIS_CLIENTE,NOMBRE_PAI_CLI,SI,varchar(150) NULL DEFAULT 'España'
fza_clientes,OBSERVACIONES_CLIENTE,OBSERVACIONES_CLI,SI,text NULL DEFAULT NULL
fza_clientes,REFERENCIA_CLIENTE,REFERENCIA_CLI,SI,varchar(100) NULL DEFAULT NULL
fza_clientes,CONTACTO_CLIENTE,CONTACTO_CLI,SI,varchar(100) NULL DEFAULT NULL
fza_clientes,TELEFONO_CONTACTO_CLIENTE,TELEFONO_CONTACTO_CLI,SI,varchar(100) NULL DEFAULT NULL
fza_clientes,TELEFONO_CLIENTE,TELEFONO_CLI,SI,varchar(40) NULL DEFAULT NULL
fza_clientes,IBAN_CLIENTE,IBAN_CLI,SI,varchar(100) NULL DEFAULT NULL
fza_clientes,ESIVA_RECARGO_CLIENTE,ESIVA_RECARGO_CLI,SI,varchar(1) NULL DEFAULT 'N'
fza_clientes,ESRETENCIONES_CLIENTE,ESRETENCIONES_CLI,SI,varchar(1) NULL DEFAULT 'S'
fza_clientes,TOTAL_LIMITE_CREDITO_CLIENTE,TOTAL_LIMITE_CREDITO_CLI,SI,"decimal(19,6) NULL DEFAULT NULL"
fza_clientes,ESPERMITE_DEUDA_CLIENTE,ESPERMITE_DEUDA_CLI,SI,varchar(1) NULL DEFAULT NULL
fza_clientes,TOTAL_DEUDA_CLIENTE,TOTAL_DEUDA_CLI,SI,"decimal(19,6) NULL DEFAULT NULL"
fza_clientes,ESIVA_EXENTO_CLIENTE,ESIVA_EXENTO_CLI,SI,varchar(1) NULL DEFAULT 'N'
fza_clientes,ESINTRACOMUNITARIO_CLIENTE,ESINTRACOMUNITARIO_CLI,SI,varchar(1) NULL DEFAULT 'N'
fza_clientes,ESREGIMENESPECIALAGRICOLA_CLIENTE,ESREGIMENESPECIALAGRICOLA_CLI,SI,varchar(1) NULL DEFAULT 'N'
fza_clientes,CODIGO_FORMA_PAGO_CLIENTE,CODIGO_FP_CLI,SI,varchar(20) NULL DEFAULT NULL
fza_clientes,TARIFA_ARTICULO_CLIENTE,TARIFA_ARTICULO_CLI,SI,varchar(10) NULL DEFAULT NULL
fza_clientes,SERIE_CONTADOR_CLIENTE,SERIE_CON_CLI,SI,varchar(8) NULL DEFAULT NULL
fza_clientes,TEXTO_LEGAL_FACTURA_CLIENTE,TEXTO_LEGAL_FACTURA_CLI,SI,varchar(1000) NULL DEFAULT NULL
fza_clientes,INSTANTEMODIF,INSTANTE_MODIF,SI,timestamp NOT NULL DEFAULT current_timestamp() ON UPDATE CURRENT_TIMESTAMP
fza_clientes,INSTANTEALTA,INSTANTE_ALTA,SI,timestamp NOT NULL DEFAULT '0000-00-00 00:00:00'
fza_clientes,USUARIOALTA,USUARIO_ALTA,SI,varchar(100) NOT NULL
fza_clientes,USUARIOMODIF,USUARIO_MODIF,SI,varchar(100) NOT NULL
fza_codigos_barras,CODIGO_BARRAS_CB,CODIGO_BARRAS_CB,NO,varchar(50) NOT NULL
fza_codigos_barras,CODIGO_UNIDAD_CB,CODIGO_UNIDAD_CB,NO,varchar(50) NOT NULL
fza_codigos_barras,TIPO_CODIGO_CB,TIPO_CODIGO_CB,NO,varchar(20) NULL DEFAULT 'EAN13'
fza_codigos_barras,ESPRINCIPAL_CB,ESPRINCIPAL_CB,NO,varchar(1) NULL DEFAULT 'N'
fza_codigos_barras,INSTANTEMODIF,INSTANTE_MODIF,SI,timestamp NOT NULL DEFAULT current_timestamp() ON UPDATE CURRENT_TIMESTAMP
fza_codigos_barras,INSTANTEALTA,INSTANTE_ALTA,SI,timestamp NOT NULL DEFAULT '0000-00-00 00:00:00'
fza_codigos_barras,USUARIOALTA,USUARIO_ALTA,SI,varchar(100) NOT NULL
fza_codigos_barras,USUARIOMODIF,USUARIO_MODIF,SI,varchar(100) NOT NULL
fza_config_campos,TABLA_OBJETIVO_CC,TABLA_OBJETIVO_CC,NO,varchar(60) NOT NULL
fza_config_campos,CAMPO_OBJETIVO_CC,OBJETIVO_CC,SI,varchar(60) NOT NULL
fza_config_campos,TITULO_VISUAL_CC,TITULO_VISUAL_CC,NO,varchar(100) NULL DEFAULT NULL COMMENT 'El texto bonito para el usuario'
fza_config_campos,ANCHO_COLUMNA_CC,ANCHO_COLUMNA_CC,NO,int(11) NULL DEFAULT '100' COMMENT 'Ancho en píxeles'
fza_config_campos,ORDEN_VISUAL_CC,ORDEN_VISUAL_CC,NO,int(11) NULL DEFAULT '0' COMMENT 'Para ordenar columnas si quisieras'
fza_config_campos,VISIBLE_CC,VISIBLE_CC,NO,varchar(1) NULL DEFAULT 'S'
fza_contadores,TIPODOC_CONTADOR,TIPO_DOC_CON,SI,varchar(2) NOT NULL
fza_contadores,EMPRESA_CONTADOR,EMPRESA_CON,SI,varchar(10) NOT NULL
fza_contadores,SERIE_CONTADOR,SERIE_CON,SI,varchar(12) NOT NULL
fza_contadores,CONTADOR_CONTADOR,CON,SI,bigint(20) NOT NULL
fza_contadores,NUMDIGIT_CONTADOR,NUM_DIGITOS_CON,SI,int(11) NOT NULL DEFAULT '0'
fza_contadores,ACTIVO_CONTADOR,ESACTIVO_CON,SI,varchar(1) NOT NULL DEFAULT 'S'
fza_contadores,DEFAULT_CONTADOR,DEFAULT_CON,SI,varchar(1) NULL DEFAULT 'N'
fza_contadores,INSTANTEMODIF,INSTANTE_MODIF,SI,timestamp NOT NULL DEFAULT current_timestamp() ON UPDATE CURRENT_TIMESTAMP
fza_contadores,INSTANTEALTA,INSTANTE_ALTA,SI,timestamp NOT NULL DEFAULT '0000-00-00 00:00:00'
fza_contadores,USUARIOALTA,USUARIO_ALTA,SI,varchar(100) NOT NULL
fza_contadores,USUARIOMODIF,USUARIO_MODIF,SI,varchar(100) NOT NULL
fza_depositos_cliente,ID_DEPOSITO_DEP,ID_DEPOSITO_DEP,NO,varchar(20) NOT NULL
fza_depositos_cliente,CODIGO_EMPRESA_DEP,CODIGO_EMP_DEP,SI,varchar(20) NOT NULL
fza_depositos_cliente,CODIGO_CLIENTE_DEP,CODIGO_CLI_DEP,SI,varchar(20) NOT NULL
fza_depositos_cliente,CODIGO_ARTICULO_DEP,CODIGO_ART_DEP,SI,varchar(50) NOT NULL
fza_depositos_cliente,CODIGO_UNIDAD_DEP,CODIGO_UNIDAD_DEP,NO,varchar(50) NOT NULL COMMENT 'SKU o Código de Barras único de la talla/color'
fza_depositos_cliente,CODIGO_ALMACEN_DEP,CODIGO_ALM_DEP,SI,varchar(10) NULL DEFAULT NULL COMMENT 'Almacén de depósito donde está físicamente la prenda'
fza_depositos_cliente,PRECIO_VENTA_DEP,PRECIO_VENTA_DEP,NO,"decimal(19,6) NOT NULL DEFAULT '0.000000' COMMENT 'Precio Unidad original de la venta'"
fza_depositos_cliente,IMPORTE_ANTICIPO_DEP,IMPORTE_ANTICIPO_DEP,NO,"decimal(19,6) NOT NULL DEFAULT '0.000000' COMMENT 'Dinero acumulado entregado a cuenta hasta la fecha'"
fza_depositos_cliente,ESTADO_DEP,ESTADO_DEP,NO,"varchar(15) NOT NULL DEFAULT 'PENDIENTE' COMMENT 'Valores: PENDIENTE, CERRADO'"
fza_depositos_cliente,FECHA_CREACION_DEP,FECHA_CREACION_DEP,NO,datetime NOT NULL DEFAULT current_timestamp()
fza_depositos_cliente,INSTANTEMODIF,INSTANTE_MODIF,SI,timestamp NOT NULL DEFAULT current_timestamp() ON UPDATE CURRENT_TIMESTAMP
fza_depositos_cliente,INSTANTEALTA,INSTANTE_ALTA,SI,timestamp NOT NULL DEFAULT '0000-00-00 00:00:00'
fza_depositos_cliente,USUARIOALTA,USUARIO_ALTA,SI,varchar(100) NOT NULL
fza_depositos_cliente,USUARIOMODIF,USUARIO_MODIF,SI,varchar(100) NOT NULL
fza_depositos_cliente,TIPO_IVA_DEP,TIPO_IVA_DEP,NO,char(1) NOT NULL DEFAULT 'N'
fza_depositos_cliente,PORCEN_IVA_DEP,PORCENTAJE_IVA_DEP,SI,"decimal(19,6) NOT NULL DEFAULT '0.000000'"
fza_depositos_cliente,ESIMP_INCL_DEP,ESIMP_INCL_DEP,NO,char(1) NOT NULL DEFAULT 'S'
fza_depositos_cliente,CANTIDAD_PENDIENTE_DEP,CANTIDAD_PENDIENTE_DEP,NO,"decimal(19,6) NULL DEFAULT NULL COMMENT 'Cantidad de artículos comprados'"
fza_depositos_cliente,FECHA_ENTREGA_DEP,FECHA_ENTREGA_DEP,NO,date NULL DEFAULT NULL
fza_depositos_cliente,CODIGO_CAJA_DEP,CODIGO_CAJA_DEP,NO,varchar(10) NULL DEFAULT NULL COMMENT 'Caja donde se realizó el depósito'
fza_depositos_cliente,NUMERO_OPERACION_DEP,NUMERO_OPERACION_DEP,NO,varchar(20) NULL DEFAULT NULL COMMENT 'Número de operación de caja en la creación'
fza_depositos_cliente,EMPRESA_CANCEL_DEP,EMPRESA_CANCEL_DEP,NO,varchar(20) NULL DEFAULT NULL COMMENT 'Empresa donde se canceló el depósito'
fza_depositos_cliente,ALMACEN_CANCEL_DEP,ALMACEN_CANCEL_DEP,NO,varchar(10) NULL DEFAULT NULL COMMENT 'Almacén donde se canceló el depósito'
fza_depositos_cliente,CAJA_CANCEL_DEP,CAJA_CANCEL_DEP,NO,varchar(10) NULL DEFAULT NULL COMMENT 'Caja donde se canceló el depósito'
fza_depositos_cliente,NUMERO_OPERACION_CANCEL_DEP,NUMERO_OPERACION_CANCEL_DEP,NO,varchar(20) NULL DEFAULT NULL COMMENT 'Número de operación de la cancelación'
fza_empresas,CODIGO_EMPRESA,CODIGO_EMP,SI,varchar(10) NOT NULL
fza_empresas,ORDEN_EMPRESA,ORDEN_EMP,SI,int(11) NULL DEFAULT NULL
fza_empresas,ACTIVO_EMPRESA,ESACTIVO_EMP,SI,varchar(1) NULL DEFAULT 'S'
fza_empresas,RAZONSOCIAL_EMPRESA,RAZON_SOCIAL_EMP,SI,varchar(200) NULL DEFAULT NULL
fza_empresas,NIF_EMPRESA,NIF_EMP,SI,varchar(50) NULL DEFAULT NULL
fza_empresas,MOVIL_EMPRESA,MOVIL_EMP,SI,varchar(40) NULL DEFAULT NULL
fza_empresas,EMAIL_EMPRESA,EMAIL_EMP,SI,varchar(200) NULL DEFAULT NULL
fza_empresas,CPOSTAL_EMPRESA,CODIGO_POSTAL_EMP,SI,varchar(15) NULL DEFAULT NULL
fza_empresas,POBLACION_EMPRESA,POBLACION_EMP,SI,varchar(200) NULL DEFAULT NULL
fza_empresas,PROVINCIA_EMPRESA,PROVINCIA_EMP,SI,varchar(200) NULL DEFAULT NULL
fza_empresas,CODIGO_PAIS_EMPRESA,CODIGO_PAI_EMP,SI,varchar(3) NULL DEFAULT 'ES'
fza_empresas,NOMBRE_PAIS_EMPRESA,NOMBRE_PAI_EMP,SI,varchar(150) NULL DEFAULT 'España'
fza_empresas,SERIE_CONTADOR_EMPRESA,SERIE_CON_EMP,SI,varchar(12) NULL DEFAULT NULL
fza_empresas,IBAN_EMPRESA,IBAN_EMP,SI,varchar(100) NULL DEFAULT NULL
fza_empresas,GRUPO_ZONA_IVA_EMPRESA,GRUPO_ZONA_IVA_EMP,SI,varchar(10) NULL DEFAULT NULL
fza_empresas,ESRETENCIONES_EMPRESA,ESRETENCIONES_EMP,SI,varchar(1) NULL DEFAULT 'S'
fza_empresas,ESREGIMENESPECIALAGRICOLA_EMPRESA,ESREGIMENESPECIALAGRICOLA_EMP,SI,varchar(1) NULL DEFAULT 'N'
fza_empresas,CODIGO_CERTIFICADO_EMPRESA,CODIGO_CERTIFICADO_EMP,SI,varchar(64) NULL DEFAULT NULL
fza_empresas,TITULAR_CERTIFICADO_EMPRESA,TITULAR_CERTIFICADO_EMP,SI,varchar(1000) NULL DEFAULT NULL
fza_empresas,TIPO_CERTIFICADO_EMPRESA,TIPO_CERTIFICADO_EMP,SI,varchar(40) NULL DEFAULT NULL
fza_empresas,FECHA_DESDE_CERTIFICADO_EMPRESA,FECHA_DESDE_CERTIFICADO_EMP,SI,datetime NULL DEFAULT NULL
fza_empresas,FECHA_HASTA_CERTIFICADO_EMPRESA,FECHA_HASTA_CERTIFICADO_EMP,SI,datetime NULL DEFAULT NULL
fza_empresas,TEXTO_LEGAL_FACTURA_EMPRESA,TEXTO_LEGAL_FACTURA_EMP,SI,varchar(1000) NULL DEFAULT NULL
fza_empresas,INSTANTEMODIF,INSTANTE_MODIF,SI,timestamp NOT NULL DEFAULT current_timestamp() ON UPDATE CURRENT_TIMESTAMP
fza_empresas,INSTANTEALTA,INSTANTE_ALTA,SI,timestamp NOT NULL DEFAULT '0000-00-00 00:00:00'
fza_empresas,USUARIOALTA,USUARIO_ALTA,SI,varchar(100) NOT NULL
fza_empresas,USUARIOMODIF,USUARIO_MODIF,SI,varchar(100) NOT NULL
fza_empresas_retenciones,CODIGO_RETENCION,CODIGO_RETENCION_EMPRET,SI,varchar(8) NOT NULL
fza_empresas_retenciones,CODIGO_EMPRESA_RETENCION,CODIGO_EMP_EMPRET,SI,varchar(8) NOT NULL
fza_empresas_retenciones,PORCENRETENCION_RETENCION,PORCENTAJE_EMPRET,SI,"decimal(18,6) NULL DEFAULT NULL"
fza_empresas_retenciones,FECHA_DESDE_RETENCION,FECHA_DESDE_EMPRET,SI,date NULL DEFAULT NULL
fza_empresas_retenciones,FECHA_HASTA_RETENCION,FECHA_HASTA_EMPRET,SI,date NULL DEFAULT NULL
fza_empresas_retenciones,INSTANTEMODIF,INSTANTE_MODIF,SI,timestamp NOT NULL DEFAULT current_timestamp() ON UPDATE CURRENT_TIMESTAMP
fza_empresas_retenciones,INSTANTEALTA,INSTANTE_ALTA,SI,timestamp NOT NULL DEFAULT '0000-00-00 00:00:00'
fza_empresas_retenciones,USUARIOALTA,USUARIO_ALTA,SI,varchar(100) NOT NULL
fza_empresas_retenciones,USUARIOMODIF,USUARIO_MODIF,SI,varchar(100) NOT NULL
fza_empresas_series,CODIGO_SERIE,CODIGO_SERIE_EMPSER,SI,varchar(10) NOT NULL
fza_empresas_series,CODIGO_EMPRESA_SERIE,CODIGO_EMP_EMPSER,SI,varchar(10) NOT NULL
fza_empresas_series,CODIGO_ALMACEN_SERIE,CODIGO_ALM_EMPSER,SI,varchar(10) NULL DEFAULT NULL
fza_empresas_series,CODIGO_CAJA_SERIE,CODIGO_CAJA_EMPSER,SI,varchar(10) NULL DEFAULT NULL
fza_empresas_series,SERIE_SERIE,EMPSER,SI,varchar(12) NOT NULL
fza_empresas_series,TIPODOC_SERIE,TIPO_DOC_EMPSER,SI,varchar(2) NULL DEFAULT NULL
fza_empresas_series,SUBTIPO_SERIE,SUBTIPO_EMPSER,SI,varchar(20) NULL DEFAULT NULL
fza_empresas_series,FECHA_DESDE_SERIE,FECHA_DESDE_EMPSER,SI,date NULL DEFAULT NULL
fza_empresas_series,FECHA_HASTA_SERIE,FECHA_HASTA_EMPSER,SI,date NULL DEFAULT NULL
fza_empresas_series,INSTANTEMODIF,INSTANTE_MODIF,SI,timestamp NOT NULL DEFAULT current_timestamp() ON UPDATE CURRENT_TIMESTAMP
fza_empresas_series,INSTANTEALTA,INSTANTE_ALTA,SI,timestamp NOT NULL DEFAULT '0000-00-00 00:00:00'
fza_empresas_series,USUARIOALTA,USUARIO_ALTA,SI,varchar(100) NOT NULL
fza_empresas_series,USUARIOMODIF,USUARIO_MODIF,SI,varchar(100) NOT NULL
fza_facturas,NRO_FACTURA,NUMERO_FAC,SI,varchar(20) NOT NULL COMMENT 'Número de documento'
fza_facturas,SERIE_FACTURA,SERIE_FAC,SI,varchar(20) NOT NULL COMMENT 'Serie de documento'
fza_facturas,FECHA_FACTURA,FECHA_FAC,SI,date NULL DEFAULT NULL COMMENT 'Fecha oficial del documento'
fza_facturas,ESCONSOLIDADA_FACTURA,ESCONSOLIDADA_FAC,SI,varchar(1) NULL DEFAULT 'N' COMMENT 'Si la factura se ha emitido'
fza_facturas,INSTANTECONSO_FACTURA,INSTANTECONSO_FAC,SI,datetime NULL DEFAULT NULL COMMENT 'Fecha y Hora de la consolidación'
fza_facturas,TIPO_FACTURA,TIPO_FAC,SI,"varchar(20) NULL DEFAULT 'NORMAL' COMMENT 'NORMAL, SIMPLIFICADA, RECTIFICATIVA'"
fza_facturas,FASE_FACTURA,FASE_FAC,SI,"varchar(20) NULL DEFAULT NULL COMMENT 'BORRADOR, ONLINE, OFFLINE, ERROR, ERROR_BORRADOR, VERIFICADA, CANCELADA'"
fza_facturas,CODIGO_EMPRESA_FACTURA,CODIGO_EMP_FAC,SI,varchar(8) NULL DEFAULT NULL COMMENT 'Código de empresa del emisor del documento'
fza_facturas,RAZONSOCIAL_EMPRESA_FACTURA,RAZON_SOCIAL_EMPRESA_FAC,SI,varchar(200) NULL DEFAULT NULL
fza_facturas,NIF_EMPRESA_FACTURA,NIF_EMPRESA_FAC,SI,varchar(50) NULL DEFAULT NULL
fza_facturas,MOVIL_EMPRESA_FACTURA,MOVIL_EMPRESA_FAC,SI,varchar(40) NULL DEFAULT NULL
fza_facturas,EMAIL_EMPRESA_FACTURA,EMAIL_EMPRESA_FAC,SI,varchar(200) NULL DEFAULT NULL
fza_facturas,POBLACION_EMPRESA_FACTURA,POBLACION_EMPRESA_FAC,SI,varchar(200) NULL DEFAULT NULL
fza_facturas,PROVINCIA_EMPRESA_FACTURA,PROVINCIA_EMPRESA_FAC,SI,varchar(200) NULL DEFAULT NULL
fza_facturas,CODIGO_PAIS_EMPRESA_FACTURA,CODIGO_PAI_EMPRESA_FAC,SI,varchar(3) NULL DEFAULT '724'
fza_facturas,NOMBRE_PAIS_EMPRESA_FACTURA,NOMBRE_PAI_EMPRESA_FAC,SI,varchar(150) NULL DEFAULT 'España'
fza_facturas,CPOSTAL_EMPRESA_FACTURA,CODIGO_POSTAL_EMPRESA_FAC,SI,varchar(15) NULL DEFAULT NULL
fza_facturas,ESRETENCIONES_EMPRESA_FACTURA,ESRETENCIONES_EMPRESA_FAC,SI,varchar(1) NULL DEFAULT 'S' COMMENT 'S o N si la empresa aplica retenciones como autónomos'
fza_facturas,GRUPO_ZONA_IVA_EMPRESA_FACTURA,GRUPO_ZONA_IVA_EMPRESA_FAC,SI,varchar(10) NULL DEFAULT NULL
fza_facturas,ESREGIMENESPECIALAGRICOLA_EMPRESA_FACTURA,ESREGIMENESPECIALAGRICOLA_EMPRESA_FAC,SI,varchar(1) NULL DEFAULT 'N'
fza_facturas,CODIGO_CLIENTE_FACTURA,CODIGO_CLI_FAC,SI,varchar(10) NULL DEFAULT NULL
fza_facturas,RAZONSOCIAL_CLIENTE_FACTURA,RAZON_SOCIAL_CLIENTE_FAC,SI,varchar(200) NULL DEFAULT NULL
fza_facturas,NIF_CLIENTE_FACTURA,NIF_CLIENTE_FAC,SI,varchar(50) NULL DEFAULT NULL
fza_facturas,MOVIL_CLIENTE_FACTURA,MOVIL_CLIENTE_FAC,SI,varchar(40) NULL DEFAULT NULL
fza_facturas,EMAIL_CLIENTE_FACTURA,EMAIL_CLIENTE_FAC,SI,varchar(200) NULL DEFAULT NULL
fza_facturas,POBLACION_CLIENTE_FACTURA,POBLACION_CLIENTE_FAC,SI,varchar(200) NULL DEFAULT NULL
fza_facturas,PROVINCIA_CLIENTE_FACTURA,PROVINCIA_CLIENTE_FAC,SI,varchar(200) NULL DEFAULT NULL
fza_facturas,CPOSTAL_CLIENTE_FACTURA,CODIGO_POSTAL_CLIENTE_FAC,SI,varchar(15) NULL DEFAULT NULL
fza_facturas,CODIGO_PAIS_CLIENTE_FACTURA,CODIGO_PAI_CLIENTE_FAC,SI,varchar(3) NULL DEFAULT '724'
fza_facturas,NOMBRE_PAIS_CLIENTE_FACTURA,NOMBRE_PAI_CLIENTE_FAC,SI,varchar(150) NULL DEFAULT 'España'
fza_facturas,CODIGO_IVA_FACTURA,CODIGO_IVA_FAC,SI,varchar(20) NULL DEFAULT NULL COMMENT 'Código de IVA de la tabla fza_ivas'
fza_facturas,ESIVA_RECARGO_CLIENTE_FACTURA,ESIVA_RECARGO_CLIENTE_FAC,SI,varchar(1) NULL DEFAULT 'N' COMMENT 'S o N si el cliente tiene RE'
fza_facturas,ESIVA_EXENTO_CLIENTE_FACTURA,ESIVA_EXENTO_CLIENTE_FAC,SI,varchar(1) NULL DEFAULT 'N' COMMENT 'S o N si el cliente tiene IVA EXENTO'
fza_facturas,ESREGIMENESPECIALAGRICOLA_CLIENTE_FACTURA,ESREGIMENESPECIALAGRICOLA_CLIENTE_FAC,SI,varchar(1) NULL DEFAULT 'N' COMMENT 'S o N si el cliente tiene REAGP'
fza_facturas,ESRETENCIONES_CLIENTE_FACTURA,ESRETENCIONES_CLIENTE_FAC,SI,varchar(1) NULL DEFAULT 'S' COMMENT 'S o N Si el cliente aplica retenciones'
fza_facturas,TARIFA_ARTICULO_CLIENTE_FACTURA,TARIFA_ARTICULO_CLIENTE_FAC,SI,varchar(10) NULL DEFAULT NULL COMMENT 'Código de la tarifa que viene del cliente o configurada por el usuario'
fza_facturas,ESIMP_INCL_TARIFA_CLIENTE_FACTURA,ESIMP_INCL_TARIFA_CLIENTE_FAC,SI,varchar(1) NULL DEFAULT 'S' COMMENT 'Si el precio de la tarifa del cliente es con impuestos incl o no'
fza_facturas,ESINTRACOMUNITARIO_CLIENTE_FACTURA,ESINTRACOMUNITARIO_CLIENTE_FAC,SI,varchar(1) NULL DEFAULT 'N' COMMENT 'Si la venta es hacia un país de la UE'
fza_facturas,ESIRPF_IMP_INCL_ZONA_IVA_FACTURA,ESIRPF_IMP_INCL_ZONA_IVA_FAC,SI,varchar(1) NULL DEFAULT 'N' COMMENT 'Si la base del cáculo del irpf se hace desde BI o BI con impuestos'
fza_facturas,ESAPLICA_RE_ZONA_IVA_FACTURA,ESAPLICA_RE_ZONA_IVA_FAC,SI,varchar(1) NULL DEFAULT 'S' COMMENT 'Si el tipo de IVA aplica Recargo de Equivalencia o no'
fza_facturas,ESIVAAGRICOLA_ZONA_IVA_FACTURA,ESIVAAGRICOLA_ZONA_IVA_FAC,SI,varchar(1) NULL DEFAULT 'N' COMMENT 'Si el tipo de IVA es compatible con REAGP'
fza_facturas,PALABRA_REPORTS_ZONA_IVA_FACTURA,PALABRA_REPORTS_ZONA_IVA_FAC,SI,varchar(10) NULL DEFAULT 'IVA' COMMENT 'Palabra que sustituye a IVA desde la tabla de fza_ivas_grupos'
fza_facturas,ESVENTA_ACTIVO_FIJO_FACTURA,ESVENTA_ACTIVO_FIJO_FAC,SI,"varchar(1) NULL DEFAULT 'N' COMMENT 'Sólo REAGP cuando se vende activos fijos, exime irpf'"
fza_facturas,PORCEN_IVAN_FACTURA,PORCENTAJE_IVAN_FAC,SI,"decimal(19,6) NULL DEFAULT NULL COMMENT 'Porcentaje IVA Normal'"
fza_facturas,TOTAL_IVAN_FACTURA,TOTAL_IVAN_FAC,SI,"decimal(18,6) NULL DEFAULT NULL COMMENT 'Total IVA Normal'"
fza_facturas,PORCEN_REN_FACTURA,PORCENTAJE_REN_FAC,SI,"decimal(19,6) NULL DEFAULT NULL COMMENT 'Porcentaje RE Normal'"
fza_facturas,TOTAL_REN_FACTURA,TOTAL_REN_FAC,SI,"decimal(19,6) NULL DEFAULT NULL COMMENT 'Total RE Normal'"
fza_facturas,TOTAL_BASEI_IVAN_FACTURA,TOTAL_BASEI_IVAN_FAC,SI,"decimal(18,6) NULL DEFAULT NULL COMMENT 'Total Base Imponible IVA Normal'"
fza_facturas,PORCEN_IVAR_FACTURA,PORCENTAJE_IVAR_FAC,SI,"decimal(19,6) NULL DEFAULT NULL COMMENT 'Porcentaje IVA Reducido'"
fza_facturas,TOTAL_IVAR_FACTURA,TOTAL_IVAR_FAC,SI,"decimal(18,6) NULL DEFAULT NULL COMMENT 'TotaL IVA Reducido'"
fza_facturas,PORCEN_RER_FACTURA,PORCENTAJE_RER_FAC,SI,"decimal(19,6) NULL DEFAULT NULL COMMENT 'Porcentaje RE Reducido'"
fza_facturas,TOTAL_RER_FACTURA,TOTAL_RER_FAC,SI,"decimal(19,6) NULL DEFAULT NULL COMMENT 'Total RE Reducido'"
fza_facturas,TOTAL_BASEI_IVAR_FACTURA,TOTAL_BASEI_IVAR_FAC,SI,"decimal(18,6) NULL DEFAULT NULL COMMENT 'Total Base Imponible IVA Reducido'"
fza_facturas,PORCEN_IVAS_FACTURA,PORCENTAJE_IVAS_FAC,SI,"decimal(19,6) NULL DEFAULT NULL COMMENT 'Porcentaje IVA SuperReducido'"
fza_facturas,TOTAL_IVAS_FACTURA,TOTAL_IVAS_FAC,SI,"decimal(18,6) NULL DEFAULT NULL COMMENT 'Total IVA SuperReducido'"
fza_facturas,PORCEN_RES_FACTURA,PORCENTAJE_RES_FAC,SI,"decimal(19,6) NULL DEFAULT NULL COMMENT 'Porcentaje IVA SuperReducido'"
fza_facturas,TOTAL_RES_FACTURA,TOTAL_RES_FAC,SI,"decimal(19,6) NULL DEFAULT NULL COMMENT 'Total RE SuperReducido'"
fza_facturas,TOTAL_BASEI_IVAS_FACTURA,TOTAL_BASEI_IVAS_FAC,SI,"decimal(18,6) NULL DEFAULT NULL COMMENT 'Total sin IVA SuperReducido'"
fza_facturas,PORCEN_IVAE_FACTURA,PORCENTAJE_IVAE_FAC,SI,"decimal(19,6) NULL DEFAULT NULL COMMENT 'Porcentaje IVA Exento'"
fza_facturas,TOTAL_IVAE_FACTURA,TOTAL_IVAE_FAC,SI,"decimal(18,6) NULL DEFAULT NULL COMMENT 'Total IVA Exento'"
fza_facturas,PORCEN_REE_FACTURA,PORCENTAJE_REE_FAC,SI,"decimal(19,6) NULL DEFAULT NULL COMMENT 'Porcentaje IVA1 Exento'"
fza_facturas,TOTAL_REE_FACTURA,TOTAL_REE_FAC,SI,"decimal(19,6) NULL DEFAULT NULL COMMENT 'Total RE Exento'"
fza_facturas,TOTAL_BASEI_IVAE_FACTURA,TOTAL_BASEI_IVAE_FAC,SI,"decimal(18,6) NULL DEFAULT NULL COMMENT 'Total sin IVA Exento'"
fza_facturas,TOTAL_BASES_FACTURA,TOTAL_BASES_FAC,SI,"decimal(18,6) NULL DEFAULT NULL COMMENT 'Total Todas las bases imponibles'"
fza_facturas,TOTAL_IMPUESTOS_FACTURA,TOTAL_IMPUESTOS_FAC,SI,"decimal(18,6) NULL DEFAULT NULL COMMENT 'Total de todos los impuestos iva + re'"
fza_facturas,FORMA_PAGO_FACTURA,FORMA_PAGO_FAC,SI,varchar(200) NULL DEFAULT NULL COMMENT 'Codigo Forma de Pago'
fza_facturas,PORCEN_RETENCION_FACTURA,PORCENTAJE_RETENCION_FAC,SI,"decimal(19,6) NULL DEFAULT NULL COMMENT 'Porcentaje Retenciones'"
fza_facturas,TOTAL_RETENCION_FACTURA,TOTAL_RETENCION_FAC,SI,"decimal(18,6) NULL DEFAULT NULL COMMENT 'Total Retenciones Factura'"
fza_facturas,TOTAL_LIQUIDO_FACTURA,TOTAL_LIQUIDO_FAC,SI,"decimal(18,6) NULL DEFAULT NULL COMMENT 'Total Factura a pagar en el acto de emisión'"
fza_facturas,NRO_FACTURA_ABONO_FACTURA,NUMERO_FAC_ABONO_FAC,SI,varchar(8) NULL DEFAULT NULL COMMENT 'Nro Factura Abono'
fza_facturas,SERIE_FACTURA_ABONO_FACTURA,SERIE_FAC_ABONO_FAC,SI,varchar(8) NULL DEFAULT NULL COMMENT 'Serie Factura Abono'
fza_facturas,TEXTO_LEGAL_FACTURA_CLIENTE_FACTURA,TEXTO_LEGAL_CLIENTE_FAC,SI,varchar(1000) NULL DEFAULT '' COMMENT 'Texto legal desde el cliente'
fza_facturas,TEXTO_LEGAL_FACTURA_EMPRESA_FACTURA,TEXTO_LEGAL_EMPRESA_FAC,SI,varchar(1000) NULL DEFAULT '' COMMENT 'Texto legal desde la empresa'
fza_facturas,DOCUMENTO_FACTURA,DOCUMENTO_FAC,SI,blob NULL DEFAULT NULL COMMENT 'Documento Factura (en desuso)'
fza_facturas,COMENTARIOS_FACTURA,COMENTARIOS_FAC,SI,varchar(1000) NULL DEFAULT ''
fza_facturas,CONTADOR_LINEAS_FACTURA,CONTADOR_LINEAS_FAC,SI,varchar(8) NULL DEFAULT NULL COMMENT 'Contador de lineas para lineas de factura'
fza_facturas,ESCREARARTICULOS_FACTURA,ESCREARARTICULOS_FAC,SI,varchar(1) NULL DEFAULT NULL COMMENT 'S o N si se crean articulos desde el detalle'
fza_facturas,ESDESCRIPCIONES_AMP_FACTURA,ESDESCRIPCIONES_AMP_FAC,SI,varchar(1) NULL DEFAULT 'S' COMMENT 'S o N si la factura contiene una descripción larga'
fza_facturas,ESFECHADEENTREGA_FACTURA,ESFECHADEENTREGA_FAC,SI,varchar(1) NULL DEFAULT NULL COMMENT 'S o N si las descripciones tienen fecha de entrega'
fza_facturas,XML_FACTURA,XML_FAC,SI,text NULL DEFAULT NULL COMMENT 'xml de la factura electrónica firmado'
fza_facturas,INSTANTEMODIF,INSTANTE_MODIF,SI,timestamp NOT NULL DEFAULT current_timestamp() ON UPDATE CURRENT_TIMESTAMP
fza_facturas,INSTANTEALTA,INSTANTE_ALTA,SI,timestamp NOT NULL DEFAULT '0000-00-00 00:00:00'
fza_facturas,USUARIOALTA,USUARIO_ALTA,SI,varchar(100) NOT NULL
fza_facturas,USUARIOMODIF,USUARIO_MODIF,SI,varchar(100) NOT NULL
fza_facturas,CODIGO_CAJERO_FACTURA,CODIGO_CAJERO_FAC,SI,varchar(10) NULL DEFAULT NULL COMMENT 'Usuario que cerró el ticket (fza_usuarios)'
fza_facturas,CODIGO_ALMACEN_FACTURA,CODIGO_ALM_FAC,SI,varchar(10) NULL DEFAULT NULL
fza_facturas,CODIGO_CAJA_FACTURA,CODIGO_CAJA_FAC,SI,varchar(10) NULL DEFAULT NULL
fza_facturas,NUMERO_OPERACION_FACTURA,NUMERO_OPERACION_FAC,SI,varchar(20) NULL DEFAULT NULL
fza_facturas_consolidaciones,ID_CONSOLIDACION,ID_FACCON,SI,int(11) NOT NULL
fza_facturas_consolidaciones,SERIE_FACTURA_CONSOLIDACION,SERIE_FAC_FACCON,SI,varchar(20) NOT NULL
fza_facturas_consolidaciones,NRO_FACTURA_CONSOLIDACION,NUMERO_FAC_FACCON,SI,varchar(20) NOT NULL
fza_facturas_consolidaciones,REQUEST_ID_CONSOLIDACION,REQUEST_ID_CONSOLIDACION_FACCON,SI,varchar(100) NULL DEFAULT NULL COMMENT 'ID único de la petición'
fza_facturas_consolidaciones,QUEUE_ID_CONSOLIDACION,QUEUE_ID_CONSOLIDACION_FACCON,SI,int(11) NULL DEFAULT NULL COMMENT 'ID de cola del sistema'
fza_facturas_consolidaciones,QUEUE_ID_CANCEL_CONSOLIDACION,QUEUE_ID_CANCEL_FACCON,SI,int(11) NULL DEFAULT NULL COMMENT 'ID de cola del documento cancelado'
fza_facturas_consolidaciones,ISSUER_IRS_ID_CONSOLIDACION,ISSUER_IRS_ID_CONSOLIDACION_FACCON,SI,varchar(50) NULL DEFAULT NULL COMMENT 'NIF del emisor'
fza_facturas_consolidaciones,ISSUED_TIME_CONSOLIDACION,ISSUED_TIME_FACCON,SI,datetime NULL DEFAULT NULL COMMENT 'Fecha y hora de emisión'
fza_facturas_consolidaciones,CHAIN_NUMBER_CONSOLIDACION,CHAIN_NUMBER_FACCON,SI,varchar(100) NULL DEFAULT NULL COMMENT 'Número de cadena del sistema'
fza_facturas_consolidaciones,CHAIN_HASH_CONSOLIDACION,CHAIN_HASH_FACCON,SI,varchar(256) NULL DEFAULT NULL COMMENT 'Hash de la cadena blockchain'
fza_facturas_consolidaciones,VERIFACTU_URL_CONSOLIDACION,VERIFACTU_URL_FACCON,SI,text NULL DEFAULT NULL COMMENT 'URL de verificación en AEAT'
fza_facturas_consolidaciones,QRCODE_PNG_CONSOLIDACION,QRCODE_PNG_FACCON,SI,blob NULL DEFAULT NULL COMMENT 'Código QR en PNG'
fza_facturas_consolidaciones,FECHA_PROCESAMIENTO_CONSOLIDACION,FECHA_PROCESAMIENTO_FACCON,SI,datetime NULL DEFAULT current_timestamp() COMMENT 'Fecha de procesamiento'
fza_facturas_consolidaciones,ESTADO_CONSOLIDACION,ESTADO_FACCON,SI,varchar(20) NULL DEFAULT 'PROCESADO' COMMENT 'Estado del procesamiento'
fza_facturas_consolidaciones,RESPUESTA_COMPLETA_CONSOLIDACION,RESPUESTA_COMPLETA_FACCON,SI,longtext NULL DEFAULT NULL COMMENT 'JSON completo de respuesta del webservice'
fza_facturas_consolidaciones,PETICION_COMPLETA_CONSOLIDACION,PETICION_COMPLETA_FACCON,SI,longtext NULL DEFAULT NULL COMMENT 'JSON completo de petición del webservice'
fza_facturas_lineas,NRO_FACTURA_LINEA,NUMERO_FAC_FACLIN,SI,varchar(20) NOT NULL
fza_facturas_lineas,SERIE_FACTURA_LINEA,SERIE_FAC_FACLIN,SI,varchar(20) NOT NULL
fza_facturas_lineas,CODIGO_EMPRESA_FACTURA_LINEA,CODIGO_EMP_FACLIN,SI,varchar(8) NULL DEFAULT NULL
fza_facturas_lineas,LINEA_FACTURA_LINEA,LINEA_FACLIN,SI,varchar(4) NOT NULL
fza_facturas_lineas,CODIGO_ARTICULO_FACTURA_LINEA,CODIGO_ART_FACLIN,SI,varchar(20) NULL DEFAULT NULL
fza_facturas_lineas,CODIGO_UNIDAD_FACTURA_LINEA,CODIGO_UNIDAD_FACLIN,SI,varchar(50) NULL DEFAULT NULL
fza_facturas_lineas,LOTE_FACTURA_LINEA,LOTE_FACLIN,SI,varchar(50) NULL DEFAULT NULL
fza_facturas_lineas,FECHA_CADUCIDAD_FACTURA_LINEA,FECHA_CADUCIDAD_FACLIN,SI,date NULL DEFAULT NULL
fza_facturas_lineas,CODIGO_FAMILIA_FACTURA_LINEA,CODIGO_FAM_FACLIN,SI,varchar(20) NULL DEFAULT NULL
fza_facturas_lineas,NOMBRE_FAMILIA_FACTURA_LINEA,NOMBRE_FAM_FACLIN,SI,varchar(200) NULL DEFAULT NULL
fza_facturas_lineas,PRECIO_ULT_COMPRA_FACTURA_LINEA,PRECIO_ULT_COMPRA_FACLIN,SI,"decimal(19,6) NULL DEFAULT NULL"
fza_facturas_lineas,CODIGO_PROVEEDOR_FACTURA_LINEA,CODIGO_PRV_FACLIN,SI,varchar(20) NULL DEFAULT NULL
fza_facturas_lineas,RAZONSOCIAL_PROVEEDOR_FACTURA_LINEA,RAZON_SOCIAL_PROVEEDOR_FACLIN,SI,varchar(200) NULL DEFAULT NULL
fza_facturas_lineas,ESPROVEEDORPRINCIPAL_FACTURA_LINEA,ESPROVEEDORPRINCIPAL_FACLIN,SI,varchar(1) NULL DEFAULT NULL
fza_facturas_lineas,FECHA_ENTREGA_FACTURA_LINEA,FECHA_ENTREGA_FACLIN,SI,datetime NULL DEFAULT NULL
fza_facturas_lineas,TIPO_ARTICULO_FACTURA_LINEA,TIPO_ARTICULO_FACLIN,SI,"varchar(10) NULL DEFAULT 'ESTANDAR' COMMENT 'ESTANDAR=Físico (Control Stock), SERVICIO=Intangible (Sin Stock), KIT=Pack'"
fza_facturas_lineas,TIPO_CANTIDAD_ARTICULO_FACTURA_LINEA,TIPO_CANTIDAD_ARTICULO_FACLIN,SI,varchar(20) NULL DEFAULT 'Uds'
fza_facturas_lineas,CANTIDAD_FACTURA_LINEA,CANTIDAD_FACLIN,SI,"decimal(19,6) NULL DEFAULT '1.000000'"
fza_facturas_lineas,DESCRIPCION_ARTICULO_FACTURA_LINEA,DESCRIPCION_ARTICULO_FACLIN,SI,varchar(100) NULL DEFAULT NULL
fza_facturas_lineas,DESCRIPCION_VARIACION_FACTURA_LINEA,DESCRIPCION_VARIACION_FACLIN,SI,varchar(200) NULL DEFAULT NULL
fza_facturas_lineas,CODIGO_TARIFA_FACTURA_LINEA,CODIGO_TAR_FACLIN,SI,varchar(10) NULL DEFAULT NULL
fza_facturas_lineas,ESIMP_INCL_TARIFA_FACTURA_LINEA,ESIMP_INCL_TARIFA_FACLIN,SI,varchar(1) NULL DEFAULT 'S'
fza_facturas_lineas,PRECIOSALIDA_FACTURA_LINEA,PRECIO_SALIDA_FACLIN,SI,"decimal(19,6) NULL DEFAULT NULL"
fza_facturas_lineas,PORCEN_DTO_FACTURA_LINEA,PORCENTAJE_DTO_FACLIN,SI,"decimal(19,6) NULL DEFAULT NULL"
fza_facturas_lineas,PRECIO_DTO_FACTURA_LINEA,PRECIO_DTO_FACLIN,SI,"decimal(19,6) NULL DEFAULT NULL"
fza_facturas_lineas,PRECIOVENTA_SIVA_ARTICULO_FACTURA_LINEA,PRECIO_VENTA_SIVA_ARTICULO_FACLIN,SI,"decimal(19,6) NULL DEFAULT '0.000000'"
fza_facturas_lineas,TIPOIVA_ARTICULO_FACTURA_LINEA,TIPO_IVA_ARTICULO_FACLIN,SI,varchar(2) NULL DEFAULT 'N'
fza_facturas_lineas,PORCEN_IVA_FACTURA_LINEA,PORCENTAJE_IVA_FACLIN,SI,"decimal(19,6) NULL DEFAULT '0.000000'"
fza_facturas_lineas,PRECIOVENTA_CIVA_ARTICULO_FACTURA_LINEA,PRECIO_VENTA_CIVA_ARTICULO_FACLIN,SI,"decimal(19,6) NULL DEFAULT '0.000000'"
fza_facturas_lineas,TOTAL_FACTURA_LINEA,TOTAL_FACLIN,SI,"decimal(19,6) NULL DEFAULT '0.000000'"
fza_facturas_lineas,TOTAL_FACTURASIVA_LINEA,TOTAL_FAC_SIVA_FACLIN,SI,"decimal(19,6) NULL DEFAULT NULL"
fza_facturas_lineas,CODIGO_VENDEDOR_FACTURA_LINEA,CODIGO_VENDEDOR_FACLIN,SI,varchar(10) NULL DEFAULT NULL COMMENT 'Usuario que se lleva la comisión'
fza_facturas_lineas,INSTANTEMODIF,INSTANTE_MODIF,SI,timestamp NOT NULL DEFAULT current_timestamp() ON UPDATE CURRENT_TIMESTAMP
fza_facturas_lineas,INSTANTEALTA,INSTANTE_ALTA,SI,timestamp NOT NULL DEFAULT '0000-00-00 00:00:00'
fza_facturas_lineas,USUARIOALTA,USUARIO_ALTA,SI,varchar(100) NOT NULL
fza_facturas_lineas,USUARIOMODIF,USUARIO_MODIF,SI,varchar(100) NOT NULL
fza_facturas_lineas,CODIGO_ALMACEN_FACTURA_LINEA,CODIGO_ALM_FACLIN,SI,varchar(10) NULL DEFAULT NULL
fza_facturas_lineas,CODIGO_CAJA_FACTURA_LINEA,CODIGO_CAJA_FACLIN,SI,varchar(10) NULL DEFAULT NULL
fza_facturas_lineas,NUMERO_OPERACION_FACTURA_LINEA,NUMERO_OPERACION_FACLIN,SI,varchar(20) NULL DEFAULT NULL
fza_facturas_lineas,NUMERO_MOV_FACTURA_LINEA,NUMERO_MOV_FACLIN,SI,varchar(20) NULL DEFAULT NULL
fza_facturas_pagos,SERIE_FACTURA_PAGO,SERIE_FAC_FACPAG,SI,varchar(20) NOT NULL COMMENT 'Vinculo con Cabecera SERIE'
fza_facturas_pagos,NRO_FACTURA_PAGO,NUMERO_FAC_FACPAG,SI,varchar(20) NOT NULL COMMENT 'Vinculo con Cabecera NRO'
fza_facturas_pagos,LINEA_PAGO,LINEA_FACPAG,SI,"int(11) NOT NULL COMMENT 'Contador secuencial (1, 2, 3...) para permitir varios pagos'"
fza_facturas_pagos,TIPO_PAGO,TIPO_FACPAG,SI,"varchar(50) NULL DEFAULT 'EFECTIVO' COMMENT 'EFECTIVO, TARJETA, BONO_AYTO, VALE_TIENDA, ETC'"
fza_facturas_pagos,IMPORTE_PAGO,IMPORTE_FACPAG,SI,"decimal(19,6) NOT NULL DEFAULT '0.000000' COMMENT 'Cuantía pagada con este medio'"
fza_facturas_pagos,REFERENCIA_PAGO,REFERENCIA_FACPAG,SI,varchar(100) NULL DEFAULT NULL COMMENT 'Aquí guardas el CÓDIGO DE BARRAS del bono o ref de tarjeta'
fza_facturas_pagos,DESCRIPCION_PAGO,DESCRIPCION_FACPAG,SI,varchar(200) NULL DEFAULT NULL COMMENT 'Ej: Bono Comercio Campaña Navidad'
fza_facturas_pagos,ENTIDAD_PAGO,ENTIDAD_FACPAG,SI,"varchar(100) NULL DEFAULT NULL COMMENT 'Banco, Ayuntamiento X, Asoc. Comerciantes'"
fza_facturas_pagos,FECHA_PAGO,FECHA_FACPAG,SI,datetime NULL DEFAULT NULL COMMENT 'Instante exacto del cobro'
fza_facturas_pagos,INSTANTEMODIF,INSTANTE_MODIF,SI,timestamp NOT NULL DEFAULT current_timestamp() ON UPDATE CURRENT_TIMESTAMP
fza_facturas_pagos,INSTANTEALTA,INSTANTE_ALTA,SI,timestamp NOT NULL DEFAULT '0000-00-00 00:00:00'
fza_facturas_pagos,USUARIOALTA,USUARIO_ALTA,SI,varchar(100) NOT NULL
fza_facturas_pagos,USUARIOMODIF,USUARIO_MODIF,SI,varchar(100) NOT NULL
fza_familias_atributos,CODIGO_FAMILIA,CODIGO_FAM_FA,SI,varchar(20) NOT NULL COMMENT 'FK hacia fza_articulos_familias'
fza_familias_atributos,CODIGO_PROPIEDAD,CODIGO_PROP_FA,SI,varchar(20) NOT NULL COMMENT 'FK hacia fza_propiedades'
fza_familias_atributos,ES_REQUERIDO,ESREQUERIDO_FA,SI,varchar(1) NULL DEFAULT 'N' COMMENT 'S para obligatorio'
fza_familias_atributos,ORDEN_MOSTRAR,ORDEN_MOSTRAR_FA,SI,int(11) NULL DEFAULT '0' COMMENT 'Para ordenar el formulario'
fza_familias_atributos_defecto,CODIGO_FAMILIA_FAD,CODIGO_FAM_FAD,SI,varchar(20) NOT NULL
fza_familias_atributos_defecto,ID_VA_BASICO_FAD,ID_VA_ATB_FAD,SI,varchar(20) NOT NULL
fza_familias_atributos_defecto,OBLIGATORIO_FAD,ESOBLIGATORIO_FAD,SI,varchar(1) NULL DEFAULT 'N'
fza_familias_claves_info_defecto,CODIGO_FAMILIA_FCI,CODIGO_FAM_FCI,SI,varchar(20) NOT NULL
fza_familias_claves_info_defecto,ID_VA_BASICO_FCI,ID_VA_ATB_FCI,SI,varchar(20) NOT NULL
fza_familias_claves_info_defecto,CLAVE_INFO_FCI,CLAVE_FCI,SI,varchar(50) NOT NULL
fza_familias_claves_info_defecto,VALOR_DEFECTO_FCI,VALOR_DEFECTO_FCI,NO,varchar(100) NULL DEFAULT NULL
fza_familias_claves_info_defecto,OBLIGATORIO_FCI,ESOBLIGATORIO_FCI,SI,varchar(1) NULL DEFAULT 'N'
fza_formas_pago,CODIGO_FORMAPAGO,CODIGO_FP,SI,varchar(20) NOT NULL
fza_formas_pago,ACTIVO_FORMAPAGO,ESACTIVO_FORMA_PAGO_FP,SI,varchar(1) NULL DEFAULT NULL
fza_formas_pago,ORDEN_FORMAPAGO,ORDEN_FORMA_PAGO_FP,SI,int(11) NULL DEFAULT NULL
fza_formas_pago,DESCRIPCION_FORMAPAGO,DESCRIPCION_FORMA_PAGO_FP,SI,varchar(100) NULL DEFAULT NULL
fza_formas_pago,N_PLAZOS_FORMAPAGO,N_PLAZOS_FORMA_PAGO_FP,SI,int(11) NULL DEFAULT '1'
fza_formas_pago,N_DIAS_ENTRE_PLAZOS_FORMAPAGO,N_DIAS_ENTRE_PLAZOS_FORMA_PAGO_FP,SI,int(11) NULL DEFAULT '0'
fza_formas_pago,PORCEN_ANTICIPO_FORMAPAGO,PORCENTAJE_ANTICIPO_FORMA_PAGO_FP,SI,int(11) NULL DEFAULT NULL
fza_formas_pago,ESVERBANCOEMPRESA_FORMAPAGO,ESVERBANCOEMPRESA_FORMA_PAGO_FP,SI,varchar(1) NULL DEFAULT NULL
fza_formas_pago,ESCONTADO_FORMAPAGO,ESCONTADO_FORMA_PAGO_FP,SI,varchar(1) NULL DEFAULT NULL
fza_formas_pago,ESDEFAULT_FORMAPAGO,ESDEFAULT_FORMA_PAGO_FP,SI,varchar(1) NULL DEFAULT 'N'
fza_formas_pago,INSTANTEMODIF,INSTANTE_MODIF,SI,timestamp NOT NULL DEFAULT current_timestamp() ON UPDATE CURRENT_TIMESTAMP
fza_formas_pago,INSTANTEALTA,INSTANTE_ALTA,SI,timestamp NOT NULL DEFAULT '0000-00-00 00:00:00'
fza_formas_pago,USUARIOALTA,USUARIO_ALTA,SI,varchar(100) NOT NULL
fza_formas_pago,USUARIOMODIF,USUARIO_MODIF,SI,varchar(100) NOT NULL
fza_generadorprocesos,CODIGO_GENERADORPROCESO,CODIGO_GENERADOR_PROCESO_GP,SI,varchar(20) NOT NULL
fza_generadorprocesos,NOMBRE_GENERADORPROCESO,NOMBRE_GENERADOR_PROCESO_GP,SI,varchar(100) NULL DEFAULT NULL
fza_generadorprocesos,PROCESO_GENERADORPROCESO,PROCESO_GENERADOR_PROCESO_GP,SI,text NULL DEFAULT NULL
fza_generadorprocesos,INSTANTEMODIF,INSTANTE_MODIF,SI,timestamp NOT NULL DEFAULT current_timestamp() ON UPDATE CURRENT_TIMESTAMP
fza_generadorprocesos,INSTANTEALTA,INSTANTE_ALTA,SI,timestamp NOT NULL DEFAULT '0000-00-00 00:00:00'
fza_generadorprocesos,USUARIOALTA,USUARIO_ALTA,SI,varchar(100) NOT NULL
fza_generadorprocesos,USUARIOMODIF,USUARIO_MODIF,SI,varchar(100) NOT NULL
fza_inventarios,CODIGO_EMPRESA_INVENTARIO,CODIGO_EMP_INV,SI,varchar(10) NOT NULL
fza_inventarios,CODIGO_ALMACEN_INVENTARIO,CODIGO_ALM_INV,SI,varchar(10) NOT NULL
fza_inventarios,SERIE_INVENTARIO,SERIE_INV,SI,varchar(20) NOT NULL
fza_inventarios,NRO_INVENTARIO,NUMERO_INV,SI,varchar(20) NOT NULL
fza_inventarios,TIPO_DOC_INVENTARIO,TIPO_DOC_INV,SI,varchar(5) NOT NULL DEFAULT 'IN'
fza_inventarios,FECHA_INVENTARIO,FECHA_INV,SI,datetime NOT NULL
fza_inventarios,ESTADO_INVENTARIO,ESTADO_INV,SI,"varchar(20) NOT NULL DEFAULT 'ABIERTO' COMMENT 'ABIERTO, CERRADO, APLICADO, CANCELADO'"
fza_inventarios,DESCRIPCION_INVENTARIO,DESCRIPCION_INV,SI,varchar(200) NULL DEFAULT NULL
fza_inventarios,OBSERVACIONES_INVENTARIO,OBSERVACIONES_INV,SI,text NULL DEFAULT NULL
fza_inventarios,TOTAL_UNIDADES_DIFERENCIA_INVENTARIO,TOTAL_UNIDADES_DIFERENCIA_INV,SI,"decimal(19,6) NULL DEFAULT '0.000000' COMMENT 'Suma total de unidades de descuadre'"
fza_inventarios,TOTAL_EUROS_DIFERENCIA_INVENTARIO,TOTAL_EUROS_DIFERENCIA_INV,SI,"decimal(19,6) NULL DEFAULT '0.000000' COMMENT 'Variación económica total (apreciación/depreciación global)'"
fza_inventarios,INSTANTEMODIF,INSTANTE_MODIF,SI,timestamp NOT NULL DEFAULT current_timestamp() ON UPDATE CURRENT_TIMESTAMP
fza_inventarios,INSTANTEALTA,INSTANTE_ALTA,SI,timestamp NOT NULL DEFAULT '0000-00-00 00:00:00'
fza_inventarios,USUARIOALTA,USUARIO_ALTA,SI,varchar(100) NOT NULL
fza_inventarios,USUARIOMODIF,USUARIO_MODIF,SI,varchar(100) NOT NULL
fza_inventarios_lineas,CODIGO_EMPRESA_INVENTARIO_LINEA,CODIGO_EMP_INVLIN,SI,varchar(10) NOT NULL
fza_inventarios_lineas,CODIGO_ALMACEN_INVENTARIO_LINEA,CODIGO_ALM_INVLIN,SI,varchar(10) NOT NULL
fza_inventarios_lineas,SERIE_INVENTARIO_LINEA,SERIE_INV_INVLIN,SI,varchar(20) NOT NULL
fza_inventarios_lineas,NRO_INVENTARIO_LINEA,NUMERO_INV_INVLIN,SI,varchar(20) NOT NULL
fza_inventarios_lineas,LINEA_INVENTARIO_LINEA,LINEA_INVLIN,SI,"varchar(4) NOT NULL COMMENT 'Secuencial de la línea (001, 002...)'"
fza_inventarios_lineas,CODIGO_ARTICULO_INVENTARIO_LINEA,CODIGO_ART_INVLIN,SI,varchar(20) NOT NULL
fza_inventarios_lineas,CODIGO_UNIDAD_INVENTARIO_LINEA,CODIGO_UNIDAD_INVLIN,SI,varchar(50) NOT NULL COMMENT 'El SKU específico contado'
fza_inventarios_lineas,LOTE_INVENTARIO_LINEA,LOTE_INVLIN,SI,varchar(50) NULL DEFAULT ''
fza_inventarios_lineas,FECHA_CADUCIDAD_INVENTARIO_LINEA,FECHA_CADUCIDAD_INVLIN,SI,date NULL DEFAULT NULL
fza_inventarios_lineas,DESCRIPCION_ARTICULO_INVENTARIO_LINEA,DESCRIPCION_ARTICULO_INVLIN,SI,varchar(200) NULL DEFAULT NULL
fza_inventarios_lineas,CANTIDAD_TEORICA_INVENTARIO_LINEA,CANTIDAD_TEORICA_INVLIN,SI,"decimal(19,6) NOT NULL DEFAULT '0.000000' COMMENT 'Stock actual en sistema'"
fza_inventarios_lineas,CANTIDAD_FISICA_INVENTARIO_LINEA,CANTIDAD_FISICA_INVLIN,SI,"decimal(19,6) NOT NULL DEFAULT '0.000000' COMMENT 'Stock contado'"
fza_inventarios_lineas,CANTIDAD_DIFERENCIA_INVENTARIO_LINEA,CANTIDAD_DIFERENCIA_INVLIN,SI,"decimal(19,6) NOT NULL DEFAULT '0.000000' COMMENT 'Física - Teórica'"
fza_inventarios_lineas,PRECIO_MEDIO_INVENTARIO_LINEA,PRECIO_MEDIO_INVLIN,SI,"decimal(19,6) NULL DEFAULT '0.000000' COMMENT 'PMP que tenía el sistema antes del inventario'"
fza_inventarios_lineas,PRECIO_MEDIO_NUEVO_INVENTARIO_LINEA,PRECIO_MEDIO_NUEVO_INVLIN,SI,"decimal(19,6) NULL DEFAULT '0.000000' COMMENT 'PMP corregido por el usuario (apreciación/depreciación)'"
fza_inventarios_lineas,TOTAL_COSTE_DIFERENCIA_LINEA,TOTAL_COSTE_DIFERENCIA_INVLIN,SI,"decimal(19,6) NULL DEFAULT '0.000000' COMMENT 'Fórmula sugerida: (CANTIDAD_FISICA * PRECIO_MEDIO_NUEVO) - (CANTIDAD_TEORICA * PRECIO_MEDIO_ACTUAL)'"
fza_inventarios_lineas,FECHA_RECUENTO_INVENTARIO_LINEA,FECHA_RECUENTO_INVLIN,SI,datetime NULL DEFAULT NULL COMMENT 'Instante exacto del escaneo'
fza_inventarios_lineas,INSTANTEMODIF,INSTANTE_MODIF,SI,timestamp NOT NULL DEFAULT current_timestamp() ON UPDATE CURRENT_TIMESTAMP
fza_inventarios_lineas,INSTANTEALTA,INSTANTE_ALTA,SI,timestamp NOT NULL DEFAULT '0000-00-00 00:00:00'
fza_inventarios_lineas,USUARIOALTA,USUARIO_ALTA,SI,varchar(100) NOT NULL
fza_inventarios_lineas,USUARIOMODIF,USUARIO_MODIF,SI,varchar(100) NOT NULL
fza_ivas,CODIGO_IVA,CODIGO_IVA,NO,varchar(20) NOT NULL DEFAULT '0'
fza_ivas,GRUPO_ZONA_IVA,GRUPO_ZONA_IVA,NO,varchar(10) NOT NULL
fza_ivas,DESCRIPCION_ZONA_IVA,DESCRIPCION_ZONA_IVA,NO,varchar(100) NOT NULL
fza_ivas,PORCENEXENTO_IVA,PORCENTAJE_EXENTO_IVA,SI,"decimal(18,6) unsigned NOT NULL DEFAULT '0.000000'"
fza_ivas,PORCENEXENTO_RE_IVA,PORCENTAJE_EXENTO_RE_IVA,SI,"decimal(18,6) unsigned NOT NULL DEFAULT '0.000000'"
fza_ivas,PORCENNORMAL_IVA,PORCENTAJE_NORMAL_IVA,SI,"decimal(18,6) unsigned NOT NULL DEFAULT '0.000000'"
fza_ivas,PORCENNORMAL_RE_IVA,PORCENTAJE_NORMAL_RE_IVA,SI,"decimal(18,6) unsigned NOT NULL DEFAULT '0.000000'"
fza_ivas,PORCENREDUCIDO_IVA,PORCENTAJE_REDUCIDO_IVA,SI,"decimal(18,6) unsigned NOT NULL DEFAULT '0.000000'"
fza_ivas,PORCENREDUCIDO_RE_IVA,PORCENTAJE_REDUCIDO_RE_IVA,SI,"decimal(18,6) unsigned NOT NULL DEFAULT '0.000000'"
fza_ivas,PORCENSUPERREDUCIDO_IVA,PORCENTAJE_SUPERREDUCIDO_IVA,SI,"decimal(18,6) unsigned NOT NULL DEFAULT '0.000000'"
fza_ivas,PORCENSUPERREDUCIDO_RE_IVA,PORCENTAJE_SUPERREDUCIDO_RE_IVA,SI,"decimal(18,6) unsigned NOT NULL DEFAULT '0.000000'"
fza_ivas,FECHA_DESDE_IVA,FECHA_DESDE_IVA,NO,date NOT NULL
fza_ivas,FECHA_HASTA_IVA,FECHA_HASTA_IVA,NO,date NULL DEFAULT NULL
fza_ivas,INSTANTEMODIF,INSTANTE_MODIF,SI,timestamp NOT NULL DEFAULT current_timestamp() ON UPDATE CURRENT_TIMESTAMP
fza_ivas,INSTANTEALTA,INSTANTE_ALTA,SI,timestamp NOT NULL DEFAULT '0000-00-00 00:00:00'
fza_ivas,USUARIOALTA,USUARIO_ALTA,SI,varchar(100) NOT NULL
fza_ivas,USUARIOMODIF,USUARIO_MODIF,SI,varchar(100) NOT NULL
fza_ivas_grupos,GRUPO_ZONA_IVA,IVA_IVAGRP,SI,varchar(10) NOT NULL DEFAULT '0'
fza_ivas_grupos,CODIGO_PAIS_ZONA_IVA,CODIGO_PAI_IVA_IVAGRP,SI,varchar(3) NOT NULL DEFAULT '724'
fza_ivas_grupos,NOMBRE_PAIS_ZONA_IVA,NOMBRE_PAI_IVA_IVAGRP,SI,varchar(100) NOT NULL DEFAULT 'España'
fza_ivas_grupos,DESCRIPCION_ZONA_IVA,DESCRIPCION_IVA_IVAGRP,SI,varchar(100) NOT NULL
fza_ivas_grupos,ESIRPF_IMP_INCL_ZONA_IVA,ESIRPF_IMP_INCL_IVA_IVAGRP,SI,varchar(1) NULL DEFAULT 'N'
fza_ivas_grupos,ESIVAAGRICOLA_ZONA_IVA,ESIVAAGRICOLA_IVA_IVAGRP,SI,varchar(1) NULL DEFAULT 'N'
fza_ivas_grupos,ESAPLICA_RE_ZONA_IVA,ESAPLICA_RE_IVA_IVAGRP,SI,varchar(1) NULL DEFAULT 'S' COMMENT 'Cuando el grupo de iva no aplica RE en sus documentos'
fza_ivas_grupos,ESDEFAULT_ZONA_IVA,ESDEFAULT_IVA_IVAGRP,SI,varchar(1) NULL DEFAULT 'N'
fza_ivas_grupos,PALABRA_REPORTS_ZONA_IVA,PALABRA_REPORTS_IVA_IVAGRP,SI,varchar(10) NULL DEFAULT 'IVA'
fza_ivas_grupos,INSTANTEMODIF,INSTANTE_MODIF,SI,timestamp NOT NULL DEFAULT current_timestamp() ON UPDATE CURRENT_TIMESTAMP
fza_ivas_grupos,INSTANTEALTA,INSTANTE_ALTA,SI,timestamp NOT NULL DEFAULT '0000-00-00 00:00:00'
fza_ivas_grupos,USUARIOALTA,USUARIO_ALTA,SI,varchar(100) NOT NULL
fza_ivas_grupos,USUARIOMODIF,USUARIO_MODIF,SI,varchar(100) NOT NULL
fza_ivas_tipos,CODIGO_ABREVIATURA_TIPO_IVA,CODIGO_ABREVIATURA_IVA_IVATIP,SI,varchar(1) NULL DEFAULT NULL
fza_ivas_tipos,NOMBRE_TIPO_IVA,NOMBRE_TIPO_IVA_IVATIP,SI,varchar(20) NULL DEFAULT NULL
fza_ivas_tipos,INSTANTEMODIF,INSTANTE_MODIF,SI,timestamp NOT NULL DEFAULT current_timestamp() ON UPDATE CURRENT_TIMESTAMP
fza_ivas_tipos,INSTANTEALTA,INSTANTE_ALTA,SI,timestamp NOT NULL DEFAULT '0000-00-00 00:00:00'
fza_ivas_tipos,USUARIOALTA,USUARIO_ALTA,SI,varchar(100) NOT NULL
fza_ivas_tipos,USUARIOMODIF,USUARIO_MODIF,SI,varchar(100) NOT NULL
fza_ivas_zonas,CODIGO_ZONA_IVA,CODIGO_ZONA_IVA_IVAZON,SI,int(11) NOT NULL
fza_ivas_zonas,DESCRIPCION_ZONA_IVA,DESCRIPCION_IVA_IVAZON,SI,varchar(100) NULL DEFAULT NULL
fza_ivas_zonas,ESDEFAULT_ZONA_IVA,ESDEFAULT_IVA_IVAZON,SI,varchar(1) NULL DEFAULT NULL
fza_metadatos,CODIGO_METADATO,CODIGO_META,SI,int(20) NOT NULL AUTO_INCREMENT
fza_metadatos,NOMBRE_METADATO,NOMBRE_META,SI,varchar(100) NOT NULL
fza_metadatos,PARENT_METADATO,PARENT_META,SI,varchar(20) NOT NULL
fza_movimientos_almacen,NUMERO_MOV,NUMERO_MOV,NO,varchar(20) NOT NULL
fza_movimientos_almacen,TIPO_DOC_MOV,TIPO_DOC_MOV,NO,"varchar(5) NOT NULL COMMENT 'VE, TR, AT, AL, IN, AC, AE'"
fza_movimientos_almacen,SERIE_DOC_MOV,SERIE_DOC_MOV,NO,varchar(20) NOT NULL
fza_movimientos_almacen,NRO_DOC_MOV,NUMERO_DOC_MOV,SI,varchar(20) NOT NULL
fza_movimientos_almacen,LINEA_MOV,LINEA_MOV,NO,varchar(4) NOT NULL COMMENT 'Ahora es VARCHAR(4) según libro de estilo'
fza_movimientos_almacen,CODIGO_EMPRESA_MOV,CODIGO_EMP_MOV,SI,varchar(20) NOT NULL
fza_movimientos_almacen,CODIGO_ALMACEN_MOV,CODIGO_ALM_MOV,SI,varchar(10) NOT NULL
fza_movimientos_almacen,FECHA_MOV,FECHA_MOV,NO,datetime NULL DEFAULT NULL
fza_movimientos_almacen,CODIGO_ARTICULO_MOV,CODIGO_ART_MOV,SI,varchar(20) NULL DEFAULT NULL COMMENT 'Código Padre (ej: 003)'
fza_movimientos_almacen,CODIGO_UNIDAD_MOV,CODIGO_UNIDAD_MOV,NO,varchar(50) NOT NULL COMMENT 'SKU (ej: 003BLANCO45)'
fza_movimientos_almacen,DESCRIPCION_ARTICULO_MOV,DESCRIPCION_ARTICULO_MOV,NO,varchar(100) NULL DEFAULT NULL
fza_movimientos_almacen,TIPO_MOVIMIENTO_MOV,TIPO_MOV,SI,"varchar(1) NOT NULL COMMENT 'E = Entrada, S = Salida'"
fza_movimientos_almacen,CANTIDAD_MOV,CANTIDAD_MOV,NO,"decimal(19,6) NULL DEFAULT '0.000000'"
fza_movimientos_almacen,PRECIO_COSTE_UNITARIO_MOV,PRECIO_COSTE_UNITARIO_MOV,NO,"decimal(19,6) NULL DEFAULT '0.000000'"
fza_movimientos_almacen,TOTAL_COSTE_MOV,TOTAL_COSTE_MOV,NO,"decimal(19,6) NULL DEFAULT '0.000000' COMMENT 'Cantidad * Coste Unitario'"
fza_movimientos_almacen,PRECIO_MEDIO_MOV,PRECIO_MEDIO_MOV,NO,"decimal(19,6) NULL DEFAULT '0.000000' COMMENT 'PMP capturado en el momento de la transacción'"
fza_movimientos_almacen,CODIGO_ALMACEN_CONTRA_MOV,CODIGO_ALM_CONTRA_MOV,SI,varchar(10) NULL DEFAULT NULL COMMENT 'Para traspasos: a qué almacén va'
fza_movimientos_almacen,CODIGO_CLIENTE_MOV,CODIGO_CLI_MOV,SI,varchar(20) NULL DEFAULT NULL COMMENT 'Para ventas o depósitos'
fza_movimientos_almacen,CODIGO_PROVEEDOR_MOV,CODIGO_PRV_MOV,SI,varchar(20) NULL DEFAULT NULL COMMENT 'Para entradas de compra'
fza_movimientos_almacen,ESACTIVO_MOV,ESACTIVO_MOV,NO,varchar(1) NULL DEFAULT 'S'
fza_movimientos_almacen,INSTANTEMODIF,INSTANTE_MODIF,SI,timestamp NOT NULL DEFAULT current_timestamp() ON UPDATE CURRENT_TIMESTAMP
fza_movimientos_almacen,INSTANTEALTA,INSTANTE_ALTA,SI,timestamp NOT NULL DEFAULT '0000-00-00 00:00:00'
fza_movimientos_almacen,USUARIOALTA,USUARIO_ALTA,SI,varchar(100) NOT NULL
fza_movimientos_almacen,USUARIOMODIF,USUARIO_MODIF,SI,varchar(100) NOT NULL
fza_movimientos_almacen,TIPO_DOC_REF_MOV,TIPO_DOC_REF_MOV,NO,varchar(5) NULL DEFAULT NULL
fza_movimientos_almacen,SERIE_DOC_REF_MOV,SERIE_DOC_REF_MOV,NO,varchar(20) NULL DEFAULT NULL
fza_movimientos_almacen,NRO_DOC_REF_MOV,NUMERO_DOC_REF_MOV,SI,varchar(20) NULL DEFAULT NULL
fza_movimientos_almacen,LINEA_REF_MOV,LINEA_REF_MOV,NO,varchar(4) NULL DEFAULT NULL
fza_movimientos_almacen,LOTE_MOV,LOTE_MOV,NO,varchar(50) NULL DEFAULT '' COMMENT 'Número de lote impreso'
fza_movimientos_almacen,FECHA_CADUCIDAD_MOV,FECHA_CADUCIDAD_MOV,NO,date NULL DEFAULT NULL
fza_movimientos_almacen,CODIGO_ALMACEN_DOC_MOV,CODIGO_ALM_DOC_MOV,SI,varchar(10) NULL DEFAULT NULL COMMENT 'Almacén/Tienda donde se originó el ticket/operación'
fza_movimientos_almacen,NUMERO_OPERACION_DOC_MOV,NUMERO_OPERACION_DOC_MOV,NO,varchar(20) NULL DEFAULT NULL COMMENT 'Número de operación de caja que causó el movimiento'
fza_movimientos_almacen,CODIGO_CAJA_DOC_MOV,CODIGO_CAJA_DOC_MOV,NO,varchar(10) NULL DEFAULT NULL COMMENT 'Código de caja donde se originó la operación'
fza_paises,COD_PAIS,CODIGO_PAI,SI,char(3) NOT NULL
fza_paises,NOMBRE_SPA_PAIS,NOMBRE_SPA_PAI,SI,varchar(100) NULL DEFAULT NULL
fza_paises,NOMBRE_ENG_PAIS,NOMBRE_ENG_PAI,SI,varchar(100) NULL DEFAULT NULL
fza_paises,ESMIEMBRO_UE_PAIS,ESMIEMBRO_UE_PAI,SI,"varchar(1) NULL DEFAULT NULL COMMENT 'S SI ES MIEMBRO DE LA UE, N CUANDO NO LO ES'"
fza_paises,ORDEN_PAIS,ORDEN_PAI,SI,int(11) NULL DEFAULT NULL
fza_pedidos,NRO_PEDIDO,NUMERO_PED,SI,varchar(12) NOT NULL
fza_pedidos,SERIE_PEDIDO,SERIE_PED,SI,varchar(12) NOT NULL
fza_pedidos,FECHA_PEDIDO,FECHA_PED,SI,date NULL DEFAULT NULL
fza_pedidos,CODIGO_EMPRESA_PEDIDO,CODIGO_EMP_PED,SI,varchar(8) NULL DEFAULT NULL
fza_pedidos,RAZONSOCIAL_EMPRESA_PEDIDO,RAZON_SOCIAL_EMPRESA_PED,SI,varchar(200) NULL DEFAULT NULL
fza_pedidos,NIF_EMPRESA_PEDIDO,NIF_EMPRESA_PED,SI,varchar(50) NULL DEFAULT NULL
fza_pedidos,MOVIL_EMPRESA_PEDIDO,MOVIL_EMPRESA_PED,SI,varchar(40) NULL DEFAULT NULL
fza_pedidos,EMAIL_EMPRESA_PEDIDO,EMAIL_EMPRESA_PED,SI,varchar(200) NULL DEFAULT NULL
fza_pedidos,POBLACION_EMPRESA_PEDIDO,POBLACION_EMPRESA_PED,SI,varchar(200) NULL DEFAULT NULL
fza_pedidos,PROVINCIA_EMPRESA_PEDIDO,PROVINCIA_EMPRESA_PED,SI,varchar(200) NULL DEFAULT NULL
fza_pedidos,CODIGO_PAIS_EMPRESA_PEDIDO,CODIGO_PAI_EMPRESA_PED,SI,varchar(3) NULL DEFAULT '724'
fza_pedidos,NOMBRE_PAIS_EMPRESA_PEDIDO,NOMBRE_PAI_EMPRESA_PED,SI,varchar(150) NULL DEFAULT 'España'
fza_pedidos,CPOSTAL_EMPRESA_PEDIDO,CODIGO_POSTAL_EMPRESA_PED,SI,varchar(15) NULL DEFAULT NULL
fza_pedidos,ESRETENCIONES_EMPRESA_PEDIDO,ESRETENCIONES_EMPRESA_PED,SI,varchar(1) NULL DEFAULT 'N' COMMENT 'S o N si la empresa aplica retenciones como autónomos'
fza_pedidos,GRUPO_ZONA_IVA_EMPRESA_PEDIDO,GRUPO_ZONA_IVA_EMPRESA_PED,SI,varchar(10) NULL DEFAULT NULL
fza_pedidos,ESREGIMENESPECIALAGRICOLA_EMPRESA_PEDIDO,ESREGIMENESPECIALAGRICOLA_EMPRESA_PED,SI,varchar(1) NULL DEFAULT 'N'
fza_pedidos,CODIGO_CLIENTE_PEDIDO,CODIGO_CLI_PED,SI,varchar(10) NULL DEFAULT NULL
fza_pedidos,NIF_CLIENTE_PEDIDO,NIF_CLIENTE_PED,SI,varchar(50) NULL DEFAULT NULL
fza_pedidos,EMAIL_CLIENTE_PEDIDO,EMAIL_CLIENTE_PED,SI,varchar(200) NULL DEFAULT NULL
fza_pedidos,REFERENCIAPS_PEDIDO,REFERENCIAPS_PED,SI,varchar(20) NULL DEFAULT NULL
fza_pedidos,IDPS_PEDIDO,IDPS_PED,SI,varchar(20) NULL DEFAULT NULL
fza_pedidos,FECHAPS_PEDIDO,FECHAPS_PED,SI,datetime NULL DEFAULT NULL
fza_pedidos,FORMAPAGOPS_PEDIDO,FORMAPAGOPS_PED,SI,varchar(200) NULL DEFAULT NULL
fza_pedidos,TRANSPORTISTAPS_PEDIDO,TRANSPORTISTAPS_PED,SI,varchar(200) NULL DEFAULT NULL
fza_pedidos,ESTADOPEDIDOPS_PEDIDO,ESTADOPEDIDOPS_PED,SI,varchar(300) NULL DEFAULT NULL
fza_pedidos,ESTADOMENSAJEPS_PEDIDO,ESTADOMENSAJEPS_PED,SI,varchar(300) NULL DEFAULT NULL
fza_pedidos,IDHILOPS_MENSAJES_PEDIDO,IDHILOPS_MENSAJES_PED,SI,varchar(20) NULL DEFAULT NULL
fza_pedidos,NOMBRE_CLIENTE_ENVIO_PEDIDO,NOMBRE_CLI_ENVIO_PED,SI,varchar(200) NULL DEFAULT NULL
fza_pedidos,MOVIL_CLIENTE_ENVIO_PEDIDO,MOVIL_CLIENTE_ENVIO_PED,SI,varchar(40) NULL DEFAULT NULL
fza_pedidos,POBLACION_CLIENTE_ENVIO_PEDIDO,POBLACION_CLIENTE_ENVIO_PED,SI,varchar(200) NULL DEFAULT NULL
fza_pedidos,PROVINCIA_CLIENTE_ENVIO_PEDIDO,PROVINCIA_CLIENTE_ENVIO_PED,SI,varchar(200) NULL DEFAULT NULL
fza_pedidos,CPOSTAL_CLIENTE_ENVIO_PEDIDO,CODIGO_POSTAL_CLIENTE_ENVIO_PED,SI,varchar(15) NULL DEFAULT NULL
fza_pedidos,CODIGO_PAIS_CLIENTE_ENVIO_PEDIDO,CODIGO_PAI_CLIENTE_ENVIO_PED,SI,varchar(3) NULL DEFAULT '724'
fza_pedidos,NOMBRE_PAIS_CLIENTE_ENVIO_PEDIDO,NOMBRE_PAI_CLIENTE_ENVIO_PED,SI,varchar(150) NULL DEFAULT 'España'
fza_pedidos,RAZONSOCIAL_CLIENTE_FISCAL_PEDIDO,RAZON_SOCIAL_CLIENTE_FISCAL_PED,SI,varchar(200) NULL DEFAULT NULL
fza_pedidos,MOVIL_CLIENTE_FISCAL_PEDIDO,MOVIL_CLIENTE_FISCAL_PED,SI,varchar(40) NULL DEFAULT NULL
fza_pedidos,EMAIL_CLIENTE_FISCAL_PEDIDO,EMAIL_CLIENTE_FISCAL_PED,SI,varchar(200) NULL DEFAULT NULL
fza_pedidos,POBLACION_CLIENTE_FISCAL_PEDIDO,POBLACION_CLIENTE_FISCAL_PED,SI,varchar(200) NULL DEFAULT NULL
fza_pedidos,PROVINCIA_CLIENTE_FISCAL_PEDIDO,PROVINCIA_CLIENTE_FISCAL_PED,SI,varchar(200) NULL DEFAULT NULL
fza_pedidos,CPOSTAL_CLIENTE_FISCAL_PEDIDO,CODIGO_POSTAL_CLIENTE_FISCAL_PED,SI,varchar(15) NULL DEFAULT NULL
fza_pedidos,CODIGO_PAIS_CLIENTE_FISCAL_PEDIDO,CODIGO_PAI_CLIENTE_FISCAL_PED,SI,varchar(3) NULL DEFAULT '724'
fza_pedidos,NOMBRE_PAIS_CLIENTE_FISCAL_PEDIDO,NOMBRE_PAI_CLIENTE_FISCAL_PED,SI,varchar(150) NULL DEFAULT 'España'
fza_pedidos,ESIVA_RECARGO_CLIENTE_PEDIDO,ESIVA_RECARGO_CLIENTE_PED,SI,varchar(1) NULL DEFAULT 'N'
fza_pedidos,ESIVA_EXENTO_CLIENTE_PEDIDO,ESIVA_EXENTO_CLIENTE_PED,SI,varchar(1) NULL DEFAULT 'N'
fza_pedidos,ESREGIMENESPECIALAGRICOLA_CLIENTE_PEDIDO,ESREGIMENESPECIALAGRICOLA_CLIENTE_PED,SI,varchar(1) NULL DEFAULT 'N'
fza_pedidos,ESRETENCIONES_CLIENTE_PEDIDO,ESRETENCIONES_CLIENTE_PED,SI,varchar(1) NULL DEFAULT 'S' COMMENT 'S o N Si el cliente aplica retenciones'
fza_pedidos,TARIFA_ARTICULO_CLIENTE_PEDIDO,TARIFA_ARTICULO_CLIENTE_PED,SI,varchar(10) NULL DEFAULT NULL COMMENT 'Código de la tarifa que viene del cliente o configurada por el usuario'
fza_pedidos,ESIMP_INCL_TARIFA_CLIENTE_PEDIDO,ESIMP_INCL_TARIFA_CLIENTE_PED,SI,varchar(1) NULL DEFAULT 'S' COMMENT 'Si el precio de la tarifa del cliente es con impuestos incl o no'
fza_pedidos,ESINTRACOMUNITARIO_CLIENTE_PEDIDO,ESINTRACOMUNITARIO_CLIENTE_PED,SI,varchar(1) NULL DEFAULT 'N' COMMENT 'Si la venta es hacia un país de la UE'
fza_pedidos,ESIRPF_IMP_INCL_ZONA_IVA_PEDIDO,ESIRPF_IMP_INCL_ZONA_IVA_PED,SI,varchar(1) NULL DEFAULT 'N' COMMENT 'Si la base del cáculo del irpf se hace desde BI o BI con impuestos'
fza_pedidos,ESAPLICA_RE_ZONA_IVA_PEDIDO,ESAPLICA_RE_ZONA_IVA_PED,SI,varchar(1) NULL DEFAULT 'S' COMMENT 'Si el tipo de IVA aplica Recargo de Equivalencia o no'
fza_pedidos,ESIVAAGRICOLA_ZONA_IVA_PEDIDO,ESIVAAGRICOLA_ZONA_IVA_PED,SI,varchar(1) NULL DEFAULT 'N' COMMENT 'Si el tipo de IVA es compatible con REAGP'
fza_pedidos,PALABRA_REPORTS_ZONA_IVA_PEDIDO,PALABRA_REPORTS_ZONA_IVA_PED,SI,varchar(10) NULL DEFAULT 'IVA' COMMENT 'Palabra que sustituye a IVA desde la tabla de fza_ivas_grupos'
fza_pedidos,CODIGO_IVA_PEDIDO,CODIGO_IVA_PED,SI,varchar(20) NULL DEFAULT NULL COMMENT 'Código de IVA de la tabla fza_ivas'
fza_pedidos,ESVENTA_ACTIVO_FIJO_PEDIDO,ESVENTA_ACTIVO_FIJO_PED,SI,"varchar(1) NULL DEFAULT 'N' COMMENT 'Sólo REAGP cuando se vende activos fijos, exime irpf'"
fza_pedidos,PORCEN_IVAN_PEDIDO,PORCENTAJE_IVAN_PED,SI,"decimal(19,6) NULL DEFAULT NULL COMMENT 'Porcentaje IVA Normal'"
fza_pedidos,TOTAL_IVAN_PEDIDO,TOTAL_IVAN_PED,SI,"decimal(18,6) NULL DEFAULT NULL COMMENT 'Total IVA Normal'"
fza_pedidos,PORCEN_REN_PEDIDO,PORCENTAJE_REN_PED,SI,"decimal(19,6) NULL DEFAULT NULL COMMENT 'Porcentaje RE Normal'"
fza_pedidos,TOTAL_REN_PEDIDO,TOTAL_REN_PED,SI,"decimal(19,6) NULL DEFAULT NULL COMMENT 'Total RE Normal'"
fza_pedidos,TOTAL_BASEI_IVAN_PEDIDO,TOTAL_BASEI_IVAN_PED,SI,"decimal(18,6) NULL DEFAULT NULL COMMENT 'Total Base Imponible IVA Normal'"
fza_pedidos,PORCEN_IVAR_PEDIDO,PORCENTAJE_IVAR_PED,SI,"decimal(19,6) NULL DEFAULT NULL COMMENT 'Porcentaje IVA Reducido'"
fza_pedidos,TOTAL_IVAR_PEDIDO,TOTAL_IVAR_PED,SI,"decimal(18,6) NULL DEFAULT NULL COMMENT 'TotaL IVA Reducido'"
fza_pedidos,PORCEN_RER_PEDIDO,PORCENTAJE_RER_PED,SI,"decimal(19,6) NULL DEFAULT NULL COMMENT 'Porcentaje RE Reducido'"
fza_pedidos,TOTAL_RER_PEDIDO,TOTAL_RER_PED,SI,"decimal(19,6) NULL DEFAULT NULL COMMENT 'Total RE Reducido'"
fza_pedidos,TOTAL_BASEI_IVAR_PEDIDO,TOTAL_BASEI_IVAR_PED,SI,"decimal(18,6) NULL DEFAULT NULL COMMENT 'Total Base Imponible IVA Reducido'"
fza_pedidos,PORCEN_IVAS_PEDIDO,PORCENTAJE_IVAS_PED,SI,"decimal(19,6) NULL DEFAULT NULL COMMENT 'Porcentaje IVA SuperReducido'"
fza_pedidos,TOTAL_IVAS_PEDIDO,TOTAL_IVAS_PED,SI,"decimal(18,6) NULL DEFAULT NULL COMMENT 'Total IVA SuperReducido'"
fza_pedidos,PORCEN_RES_PEDIDO,PORCENTAJE_RES_PED,SI,"decimal(19,6) NULL DEFAULT NULL COMMENT 'Porcentaje IVA SuperReducido'"
fza_pedidos,TOTAL_RES_PEDIDO,TOTAL_RES_PED,SI,"decimal(19,6) NULL DEFAULT NULL COMMENT 'Total RE SuperReducido'"
fza_pedidos,TOTAL_BASEI_IVAS_PEDIDO,TOTAL_BASEI_IVAS_PED,SI,"decimal(18,6) NULL DEFAULT NULL COMMENT 'Total sin IVA SuperReducido'"
fza_pedidos,PORCEN_IVAE_PEDIDO,PORCENTAJE_IVAE_PED,SI,"decimal(19,6) NULL DEFAULT NULL COMMENT 'Porcentaje IVA Exento'"
fza_pedidos,TOTAL_IVAE_PEDIDO,TOTAL_IVAE_PED,SI,"decimal(18,6) NULL DEFAULT NULL COMMENT 'Total IVA Exento'"
fza_pedidos,PORCEN_REE_PEDIDO,PORCENTAJE_REE_PED,SI,"decimal(19,6) NULL DEFAULT NULL COMMENT 'Porcentaje IVA1 Exento'"
fza_pedidos,TOTAL_REE_PEDIDO,TOTAL_REE_PED,SI,"decimal(19,6) NULL DEFAULT NULL COMMENT 'Total RE Exento'"
fza_pedidos,TOTAL_BASEI_IVAE_PEDIDO,TOTAL_BASEI_IVAE_PED,SI,"decimal(18,6) NULL DEFAULT NULL COMMENT 'Total sin IVA Exento'"
fza_pedidos,TOTAL_BASES_PEDIDO,TOTAL_BASES_PED,SI,"decimal(18,6) NULL DEFAULT NULL COMMENT 'Total Todas las bases imponibles'"
fza_pedidos,TOTAL_IMPUESTOS_PEDIDO,TOTAL_IMPUESTOS_PED,SI,"decimal(18,6) NULL DEFAULT NULL COMMENT 'Total de todos los impuestos iva + re'"
fza_pedidos,FORMA_PAGO_PEDIDO,FORMA_PAGO_PED,SI,varchar(200) NULL DEFAULT NULL COMMENT 'Codigo Forma de Pago'
fza_pedidos,PORCEN_RETENCION_PEDIDO,PORCENTAJE_RETENCION_PED,SI,"decimal(19,6) NULL DEFAULT NULL COMMENT 'Porcentaje Retenciones'"
fza_pedidos,TOTAL_RETENCION_PEDIDO,TOTAL_RETENCION_PED,SI,"decimal(18,6) NULL DEFAULT NULL COMMENT 'Total Retenciones PEDIDO'"
fza_pedidos,TOTAL_LIQUIDO_PEDIDO,TOTAL_LIQUIDO_PED,SI,"decimal(18,6) NULL DEFAULT NULL COMMENT 'Total PEDIDO a pagar'"
fza_pedidos,TOTAL_PAGADOREALPS_PEDIDO,TOTAL_PAGADOREALPS_PED,SI,"decimal(18,6) NULL DEFAULT NULL COMMENT 'Total pagado cliente'"
fza_pedidos,NRO_PEDIDO_ABONO_PEDIDO,NUMERO_PED_ABONO_PED,SI,varchar(8) NULL DEFAULT NULL COMMENT 'Nro PEDIDO Abono'
fza_pedidos,SERIE_PEDIDO_ABONO_PEDIDO,SERIE_PED_ABONO_PED,SI,varchar(8) NULL DEFAULT NULL COMMENT 'Serie PEDIDO Abono'
fza_pedidos,TEXTO_LEGAL_PEDIDO_CLIENTE_PEDIDO,TEXTO_LEGAL_CLIENTE_PED,SI,varchar(1000) NULL DEFAULT ''
fza_pedidos,TEXTO_LEGAL_PEDIDO_EMPRESA_PEDIDO,TEXTO_LEGAL_EMPRESA_PED,SI,varchar(1000) NULL DEFAULT ''
fza_pedidos,DOCUMENTO_PEDIDO,DOCUMENTO_PED,SI,blob NULL DEFAULT NULL COMMENT 'Copia en PDF del documento final'
fza_pedidos,COMENTARIOS_PEDIDO,COMENTARIOS_PED,SI,varchar(1000) NULL DEFAULT ''
fza_pedidos,CONTADOR_LINEAS_PEDIDO,CONTADOR_LINEAS_PED,SI,varchar(8) NULL DEFAULT NULL COMMENT 'Contador de lineas para lineas de PEDIDO'
fza_pedidos,ESCREARARTICULOS_PEDIDO,ESCREARARTICULOS_PED,SI,varchar(1) NULL DEFAULT NULL COMMENT 'S o N si se crean articulos desde el detalle'
fza_pedidos,ESDESCRIPCIONES_AMP_PEDIDO,ESDESCRIPCIONES_AMP_PED,SI,varchar(1) NULL DEFAULT 'S' COMMENT 'S o N si la PEDIDO contiene una descripción larga'
fza_pedidos,ESFECHADEENTREGA_PEDIDO,ESFECHADEENTREGA_PED,SI,varchar(1) NULL DEFAULT NULL COMMENT 'S o N si las descripciones tienen fecha de entrega'
fza_pedidos,INSTANTEMODIF,INSTANTE_MODIF,SI,timestamp NOT NULL DEFAULT current_timestamp() ON UPDATE CURRENT_TIMESTAMP
fza_pedidos,INSTANTEALTA,INSTANTE_ALTA,SI,timestamp NOT NULL DEFAULT '0000-00-00 00:00:00'
fza_pedidos,USUARIOALTA,USUARIO_ALTA,SI,varchar(100) NOT NULL
fza_pedidos,USUARIOMODIF,USUARIO_MODIF,SI,varchar(100) NOT NULL
fza_pedidos_lineas,NRO_PEDIDO_LINEA,NUMERO_PED_PEDLIN,SI,varchar(12) NOT NULL
fza_pedidos_lineas,SERIE_PEDIDO_LINEA,SERIE_PED_PEDLIN,SI,varchar(12) NOT NULL
fza_pedidos_lineas,LINEA_PEDIDO_LINEA,LINEA_PEDLIN,SI,varchar(3) NOT NULL
fza_pedidos_lineas,IDLINEAPS_PEDIDO_LINEA,IDLINEAPS_PEDLIN,SI,varchar(12) NULL DEFAULT NULL
fza_pedidos_lineas,IDPRODPS_PEDIDO_LINEA,IDPRODPS_PEDLIN,SI,varchar(20) NULL DEFAULT NULL
fza_pedidos_lineas,CODIGOPRODPS_PEDIDO_LINEA,CODIGOPRODPS_PEDLIN,SI,varchar(200) NULL DEFAULT NULL
fza_pedidos_lineas,IDATRIBPRODPS_PEDIDO_LINEA,IDATRIBPRODPS_PEDLIN,SI,varchar(20) NULL DEFAULT NULL
fza_pedidos_lineas,CODIGO_ARTICULO_PEDIDO_LINEA,CODIGO_ART_PEDLIN,SI,varchar(20) NULL DEFAULT NULL
fza_pedidos_lineas,CODIGO_FAMILIA_PEDIDO_LINEA,CODIGO_FAM_PEDLIN,SI,varchar(10) NULL DEFAULT NULL
fza_pedidos_lineas,NOMBRE_FAMILIA_PEDIDO_LINEA,NOMBRE_FAM_PEDLIN,SI,varchar(150) NULL DEFAULT NULL
fza_pedidos_lineas,FECHA_ENTREGA_PEDIDO_LINEA,FECHA_ENTREGA_PEDLIN,SI,datetime NULL DEFAULT NULL
fza_pedidos_lineas,TIPO_CANTIDAD_ARTICULO_PEDIDO_LINEA,TIPO_CANTIDAD_ARTICULO_PEDLIN,SI,varchar(20) NULL DEFAULT 'Uds'
fza_pedidos_lineas,ESIMP_INCL_TARIFA_PEDIDO_LINEA,ESIMP_INCL_TARIFA_PEDLIN,SI,varchar(1) NULL DEFAULT 'S'
fza_pedidos_lineas,TIPOIVA_ARTICULO_PEDIDO_LINEA,TIPO_IVA_ARTICULO_PEDLIN,SI,varchar(2) NULL DEFAULT 'N'
fza_pedidos_lineas,DESCRIPCION_ARTICULO_PEDIDO_LINEA,DESCRIPCION_ARTICULO_PEDLIN,SI,varchar(100) NULL DEFAULT NULL
fza_pedidos_lineas,CODIGO_TARIFA_PEDIDO_LINEA,CODIGO_TAR_PEDLIN,SI,varchar(10) NULL DEFAULT NULL
fza_pedidos_lineas,CANTIDAD_PEDIDO_LINEA,CANTIDAD_PEDLIN,SI,"decimal(19,6) NULL DEFAULT '1.000000'"
fza_pedidos_lineas,PRECIOVENTA_SIVA_ARTICULO_PEDIDO_LINEA,PRECIO_VENTA_SIVA_ARTICULO_PEDLIN,SI,"decimal(19,6) NULL DEFAULT '0.000000'"
fza_pedidos_lineas,PORCEN_IVA_PEDIDO_LINEA,PORCENTAJE_IVA_PEDLIN,SI,"decimal(19,6) NULL DEFAULT '0.000000'"
fza_pedidos_lineas,PRECIOVENTA_CIVA_ARTICULO_PEDIDO_LINEA,PRECIO_VENTA_CIVA_ARTICULO_PEDLIN,SI,"decimal(19,6) NULL DEFAULT '0.000000'"
fza_pedidos_lineas,TOTAL_PEDIDO_LINEA,TOTAL_PEDLIN,SI,"decimal(19,6) NULL DEFAULT '0.000000'"
fza_pedidos_lineas,INSTANTEMODIF,INSTANTE_MODIF,SI,timestamp NOT NULL DEFAULT current_timestamp() ON UPDATE CURRENT_TIMESTAMP
fza_pedidos_lineas,INSTANTEALTA,INSTANTE_ALTA,SI,timestamp NOT NULL DEFAULT '0000-00-00 00:00:00'
fza_pedidos_lineas,USUARIOALTA,USUARIO_ALTA,SI,varchar(100) NOT NULL
fza_pedidos_lineas,USUARIOMODIF,USUARIO_MODIF,SI,varchar(100) NOT NULL
fza_pedidos_mensajes,IDPS_MENSAJES_PEDIDO,IDPS_MENSAJES_PEDMSG,SI,varchar(20) NOT NULL
fza_pedidos_mensajes,IDMENSAJEPS_MENSAJE_PEDIDO,IDMENSAJEPS_PEDMSG,SI,varchar(20) NULL DEFAULT NULL
fza_pedidos_mensajes,IDEMPLEADOPS_MENSAJE_PEDIDO,IDEMPLEADOPS_PEDMSG,SI,varchar(20) NULL DEFAULT NULL
fza_pedidos_mensajes,MENSAJEPS_MENSAJE_PEDIDO,MENSAJEPS_PEDMSG,SI,varchar(1000) NULL DEFAULT NULL
fza_pedidos_mensajes,FECHAPS_MENSAJE_PEDIDO,FECHAPS_PEDMSG,SI,datetime NULL DEFAULT NULL
fza_pedidos_mensajes,INSTANTEMODIF,INSTANTE_MODIF,SI,timestamp NOT NULL DEFAULT current_timestamp() ON UPDATE CURRENT_TIMESTAMP
fza_pedidos_mensajes,INSTANTEALTA,INSTANTE_ALTA,SI,timestamp NOT NULL DEFAULT '0000-00-00 00:00:00'
fza_pedidos_mensajes,USUARIOALTA,USUARIO_ALTA,SI,varchar(100) NOT NULL
fza_pedidos_mensajes,USUARIOMODIF,USUARIO_MODIF,SI,varchar(100) NOT NULL
fza_propiedades,CODIGO_PROPIEDAD,CODIGO_PROP,SI,"varchar(20) NOT NULL COMMENT 'Identificador único (ej: MATERIAL, MARCA, EDAD_MAX)'"
fza_propiedades,NOMBRE_PROPIEDAD,NOMBRE_PROP,SI,"varchar(100) NOT NULL COMMENT 'Nombre público para la web o app (ej: Material, Marca, Edad Recomendada)'"
fza_propiedades,TIPO_VALOR,TIPO_VALOR_PROP,SI,"varchar(20) NULL DEFAULT 'LISTA' COMMENT 'Cómo se rellena: LISTA, TEXTO_LIBRE, NUMERO, BOOLEANO'"
fza_propiedades,ACTIVO_PROPIEDAD,ESACTIVO_PROP,SI,"varchar(1) NULL DEFAULT 'S' COMMENT 'S para activo, N para inactivo'"
fza_propiedades,INSTANTEMODIF,INSTANTE_MODIF,SI,timestamp NOT NULL DEFAULT current_timestamp() ON UPDATE CURRENT_TIMESTAMP
fza_propiedades,INSTANTEALTA,INSTANTE_ALTA,SI,timestamp NOT NULL DEFAULT current_timestamp()
fza_propiedades,USUARIOALTA,USUARIO_ALTA,SI,varchar(100) NOT NULL
fza_propiedades,USUARIOMODIF,USUARIO_MODIF,SI,varchar(100) NOT NULL
fza_propiedades_valores,ID_VALOR_PV,ID_PV,SI,int(11) NOT NULL AUTO_INCREMENT COMMENT 'Identificador único del valor de la propiedad'
fza_propiedades_valores,ID_PROPIEDAD_PV,ID_PROP_PV,SI,"varchar(20) NOT NULL COMMENT 'FK hacia fza_propiedades (ej: MATERIAL, EDAD_MAX)'"
fza_propiedades_valores,VALOR_PV,PV,SI,"varchar(100) NOT NULL COMMENT 'El valor real (ej: Acero Inoxidable, +3 años, Lego)'"
fza_propiedades_valores,DESCRIPCION_PV,DESCRIPCION_PV,NO,varchar(255) NULL DEFAULT NULL COMMENT 'Descripción comercial ampliada si es necesaria'
fza_propiedades_valores,ESACTIVO_PV,ESACTIVO_PV,NO,"varchar(1) NULL DEFAULT 'S' COMMENT 'S para activo, N para inactivo'"
fza_propiedades_valores,INSTANTEMODIF,INSTANTE_MODIF,SI,timestamp NOT NULL DEFAULT current_timestamp() ON UPDATE CURRENT_TIMESTAMP
fza_propiedades_valores,INSTANTEALTA,INSTANTE_ALTA,SI,timestamp NOT NULL DEFAULT '0000-00-00 00:00:00'
fza_propiedades_valores,USUARIOALTA,USUARIO_ALTA,SI,varchar(100) NOT NULL
fza_propiedades_valores,USUARIOMODIF,USUARIO_MODIF,SI,varchar(100) NOT NULL
fza_proveedores,CODIGO_PROVEEDOR,CODIGO_PRV,SI,varchar(20) NOT NULL
fza_proveedores,ACTIVO_PROVEEDOR,ESACTIVO_PRV,SI,varchar(1) NULL DEFAULT 'S'
fza_proveedores,ORDEN_PROVEEDOR,ORDEN_PRV,SI,int(11) NULL DEFAULT NULL
fza_proveedores,RAZONSOCIAL_PROVEEDOR,RAZON_SOCIAL_PRV,SI,varchar(200) NULL DEFAULT NULL
fza_proveedores,NIF_PROVEEDOR,NIF_PRV,SI,varchar(50) NULL DEFAULT NULL
fza_proveedores,MOVIL_PROVEEDOR,MOVIL_PRV,SI,varchar(40) NULL DEFAULT NULL
fza_proveedores,EMAIL_PROVEEDOR,EMAIL_PRV,SI,varchar(200) NULL DEFAULT NULL
fza_proveedores,POBLACION_PROVEEDOR,POBLACION_PRV,SI,varchar(200) NULL DEFAULT NULL
fza_proveedores,PROVINCIA_PROVEEDOR,PROVINCIA_PRV,SI,varchar(200) NULL DEFAULT NULL
fza_proveedores,CPOSTAL_PROVEEDOR,CODIGO_POSTAL_PRV,SI,varchar(15) NULL DEFAULT NULL
fza_proveedores,PAIS_PROVEEDOR,PAIS_PRV,SI,varchar(150) NULL DEFAULT NULL
fza_proveedores,OBSERVACIONES_PROVEEDOR,OBSERVACIONES_PRV,SI,text NULL DEFAULT NULL
fza_proveedores,REFERENCIA_PROVEEDOR,REFERENCIA_PRV,SI,varchar(100) NULL DEFAULT NULL
fza_proveedores,CONTACTO_PROVEEDOR,CONTACTO_PRV,SI,varchar(100) NULL DEFAULT NULL
fza_proveedores,TELEFONO_CONTACTO_PROVEEDOR,TELEFONO_CONTACTO_PRV,SI,varchar(100) NULL DEFAULT NULL
fza_proveedores,TELEFONO_PROVEEDOR,TELEFONO_PRV,SI,varchar(40) NULL DEFAULT NULL
fza_proveedores,IBAN_PROVEEDOR,IBAN_PRV,SI,varchar(100) NULL DEFAULT NULL
fza_proveedores,INSTANTEMODIF,INSTANTE_MODIF,SI,timestamp NOT NULL DEFAULT current_timestamp() ON UPDATE CURRENT_TIMESTAMP
fza_proveedores,INSTANTEALTA,INSTANTE_ALTA,SI,timestamp NOT NULL DEFAULT '0000-00-00 00:00:00'
fza_proveedores,USUARIOALTA,USUARIO_ALTA,SI,varchar(100) NOT NULL
fza_proveedores,USUARIOMODIF,USUARIO_MODIF,SI,varchar(100) NOT NULL
fza_proveedores_familias,CODIGO_PROVEEDOR_PF,CODIGO_PRV_PF,SI,varchar(20) NOT NULL
fza_proveedores_familias,CODIGO_FAMILIA_PF,CODIGO_FAM_PF,SI,varchar(20) NOT NULL
fza_proveedores_familias,TIPO_VARIACION_PF,TIPO_VAR_PF,SI,varchar(20) NULL DEFAULT NULL
fza_proveedores_familias,OBSERVACIONES_PF,OBSERVACIONES_PF,NO,varchar(200) NULL DEFAULT NULL
fza_proveedores_familias,INSTANTEMODIF,INSTANTE_MODIF,SI,timestamp NOT NULL DEFAULT current_timestamp() ON UPDATE CURRENT_TIMESTAMP
fza_proveedores_familias,INSTANTEALTA,INSTANTE_ALTA,SI,timestamp NOT NULL DEFAULT '0000-00-00 00:00:00'
fza_proveedores_familias,USUARIOALTA,USUARIO_ALTA,SI,varchar(100) NOT NULL
fza_proveedores_familias,USUARIOMODIF,USUARIO_MODIF,SI,varchar(100) NOT NULL
fza_proveedores_familias_conjuntos,CODIGO_PROVEEDOR_PFC,CODIGO_PRV_PFC,SI,varchar(20) NOT NULL
fza_proveedores_familias_conjuntos,CODIGO_FAMILIA_PFC,CODIGO_FAM_PFC,SI,varchar(20) NOT NULL
fza_proveedores_familias_conjuntos,ID_CONJUNTO_PFC,ID_AC_PFC,SI,int(11) NOT NULL
fza_proveedores_familias_conjuntos,ES_GENERACION_AUTO,ESGENERACION_AUTO_PFC,SI,char(1) NULL DEFAULT 'S'
fza_proveedores_familias_conjuntos,ORDEN_PFC,ORDEN_PFC,NO,int(11) NULL DEFAULT '0'
fza_recibos,NRO_FACTURA_RECIBO,NUMERO_FAC_REC,SI,varchar(12) NOT NULL
fza_recibos,SERIE_FACTURA_RECIBO,SERIE_FAC_REC,SI,varchar(12) NOT NULL
fza_recibos,NRO_PLAZO_RECIBO,NUMERO_PLAZO_REC,SI,int(11) NOT NULL
fza_recibos,FORMA_PAGO_ORIGEN_RECIBO,FORMA_PAGO_ORIGEN_RECIBO_REC,SI,varchar(20) NULL DEFAULT NULL
fza_recibos,FORMA_PAGO_DESCRIPCION_ORIGEN_RECIBO,FORMA_PAGO_DESCRIPCION_ORIGEN_RECIBO_REC,SI,varchar(100) NULL DEFAULT NULL
fza_recibos,EUROS_RECIBO,EUROS_RECIBO_REC,SI,"decimal(18,6) NULL DEFAULT NULL"
fza_recibos,STADO_RECIBO,ESTADO_RECIBO_REC,SI,varchar(10) NULL DEFAULT NULL
fza_recibos,FECHA_EXPEDICION_RECIBO,FECHA_EXPEDICION_RECIBO_REC,SI,date NULL DEFAULT NULL
fza_recibos,FECHA_VENCIMIENTO_RECIBO,FECHA_VENCIMIENTO_RECIBO_REC,SI,date NULL DEFAULT NULL
fza_recibos,IBAN_CLIENTE_RECIBO,IBAN_CLI_REC,SI,varchar(34) NULL DEFAULT NULL
fza_recibos,FECHA_PAGO_RECIBO,FECHA_PAGO_RECIBO_REC,SI,date NULL DEFAULT NULL
fza_recibos,LOCALIDAD_EXPEDICION_RECIBO,LOCALIDAD_EXPEDICION_RECIBO_REC,SI,varchar(200) NULL DEFAULT NULL
fza_recibos,CODIGO_CLIENTE_RECIBO,CODIGO_CLI_REC,SI,varchar(20) NULL DEFAULT NULL
fza_recibos,RAZONSOCIAL_CLIENTE_RECIBO,RAZON_SOCIAL_CLI_REC,SI,varchar(200) NULL DEFAULT NULL
fza_recibos,POBLACION_CLIENTE_RECIBO,POBLACION_CLI_REC,SI,varchar(200) NULL DEFAULT NULL
fza_recibos,PROVINCIA_CLIENTE_RECIBO,PROVINCIA_CLI_REC,SI,varchar(200) NULL DEFAULT NULL
fza_recibos,CPOSTAL_CLIENTE_RECIBO,CODIGO_POSTAL_CLI_REC,SI,varchar(15) NULL DEFAULT NULL
fza_recibos,CODIGO_PAIS_CLIENTE_RECIBO,CODIGO_PAI_CLI_REC,SI,varchar(3) NULL DEFAULT '724'
fza_recibos,NOMBRE_PAIS_CLIENTE_RECIBO,NOMBRE_PAI_CLI_REC,SI,varchar(150) NULL DEFAULT 'España'
fza_recibos,IMPORTE_LETRA_RECIBO,IMPORTE_LETRA_RECIBO_REC,SI,varchar(150) NULL DEFAULT NULL
fza_recibos,INSTANTEMODIF,INSTANTE_MODIF,SI,timestamp NOT NULL DEFAULT current_timestamp() ON UPDATE CURRENT_TIMESTAMP
fza_recibos,INSTANTEALTA,INSTANTE_ALTA,SI,timestamp NOT NULL DEFAULT '0000-00-00 00:00:00'
fza_recibos,USUARIOALTA,USUARIO_ALTA,SI,varchar(100) NOT NULL
fza_recibos,USUARIOMODIF,USUARIO_MODIF,SI,varchar(100) NOT NULL
fza_tarifas,CODIGO_TARIFA,CODIGO_TAR,SI,varchar(10) NOT NULL
fza_tarifas,ACTIVO_TARIFA,ESACTIVO_TAR,SI,varchar(1) NULL DEFAULT 'S'
fza_tarifas,ORDEN_TARIFA,ORDEN_TAR,SI,int(11) NULL DEFAULT NULL
fza_tarifas,NOMBRE_TARIFA,NOMBRE_TAR,SI,varchar(100) NULL DEFAULT NULL
fza_tarifas,ESIMP_INCL_TARIFA,ESIMP_INCL_TAR,SI,varchar(1) NULL DEFAULT 'S'
fza_tarifas,ESDEFAULT_TARIFA,ESDEFAULT_TAR,SI,varchar(1) NULL DEFAULT 'N'
fza_tarifas,INSTANTEMODIF,INSTANTE_MODIF,SI,timestamp NOT NULL DEFAULT current_timestamp() ON UPDATE CURRENT_TIMESTAMP
fza_tarifas,INSTANTEALTA,INSTANTE_ALTA,SI,timestamp NOT NULL DEFAULT '0000-00-00 00:00:00'
fza_tarifas,USUARIOALTA,USUARIO_ALTA,SI,varchar(100) NOT NULL
fza_tarifas,USUARIOMODIF,USUARIO_MODIF,SI,varchar(100) NOT NULL
fza_tipos_documentos,CODIGO_TIPODOCUMENTO,CODIGO_TIPO_DOCUMENTO_TD,SI,varchar(2) NOT NULL
fza_tipos_documentos,DESCRIPCION_TIPODOCUMENTO,DESCRIPCION_TIPO_DOCUMENTO_TD,SI,varchar(100) NOT NULL
fza_tipos_documentos,TABLAORIGEN_TIPODOCUMENTO,TABLA_ORIGEN_TIPO_DOCUMENTO_TD,SI,varchar(100) NULL DEFAULT NULL
fza_usuarios,USUARIO_USUARIO,USUARIO_USU,SI,varchar(100) NOT NULL
fza_usuarios,PASSWORD_USUARIO,PASSWORD_USU,SI,varchar(100) NULL DEFAULT NULL
fza_usuarios,GRUPO_USUARIO,GRUPO_USU,SI,varchar(200) NULL DEFAULT NULL
fza_usuarios,ACTIVO_USUARIO,ESACTIVO_USU,SI,varchar(1) NULL DEFAULT NULL
fza_usuarios,EMPRESADEF_USUARIO,EMPRESA_DEFECTO_USU,SI,varchar(10) NULL DEFAULT NULL
fza_usuarios,DIMINUTIVO_TICKET_USUARIO,DIMINUTIVO_TICKET_USU,SI,varchar(10) NULL DEFAULT NULL
fza_usuarios,CODIGO_EMPLEADO_USUARIO,CODIGO_EMPLEADO_USU,SI,varchar(10) NULL DEFAULT NULL
fza_usuarios,ULTIMOLOGIN_USUARIO,ULTIMO_LOGIN_USU,SI,timestamp NULL DEFAULT NULL
fza_usuarios,INSTANTEMODIF,INSTANTE_MODIF,SI,timestamp NOT NULL DEFAULT current_timestamp() ON UPDATE CURRENT_TIMESTAMP
fza_usuarios,INSTANTEALTA,INSTANTE_ALTA,SI,timestamp NOT NULL DEFAULT '0000-00-00 00:00:00'
fza_usuarios,USUARIOALTA,USUARIO_ALTA,SI,varchar(100) NOT NULL
fza_usuarios,USUARIOMODIF,USUARIO_MODIF,SI,varchar(100) NOT NULL
fza_usuarios,ALMACENDEF_USUARIO,ALMACEN_DEFECTO_USU,SI,varchar(10) NULL DEFAULT NULL
fza_usuarios,CAJADEF_USUARIO,CAJA_DEFECTO_USU,SI,varchar(10) NULL DEFAULT NULL
fza_usuarios_grupos,GRUPO_GRUPO,GRUPO_USUGRP,SI,varchar(200) NOT NULL
fza_usuarios_grupos,ESGRUPOADMINISTRADOR_GRUPO,ESGRUPOADMINISTRADOR_USUGRP,SI,varchar(1) NULL DEFAULT 'N'
fza_usuarios_grupos,INSTANTEMODIF,INSTANTE_MODIF,SI,timestamp NOT NULL DEFAULT current_timestamp() ON UPDATE CURRENT_TIMESTAMP
fza_usuarios_grupos,INSTANTEALTA,INSTANTE_ALTA,SI,timestamp NOT NULL DEFAULT '0000-00-00 00:00:00'
fza_usuarios_grupos,USUARIOALTA,USUARIO_ALTA,SI,varchar(100) NOT NULL
fza_usuarios_grupos,USUARIOMODIF,USUARIO_MODIF,SI,varchar(100) NOT NULL
fza_usuarios_perfiles,USUARIO_GRUPO_PERFILES,USUARIO_GRUPO_USUPER,SI,varchar(200) NOT NULL
fza_usuarios_perfiles,KEY_PERFILES,KEY_USUPER,SI,varchar(100) NOT NULL
fza_usuarios_perfiles,SUBKEY_PERFILES,SUBKEY_USUPER,SI,varchar(100) NOT NULL
fza_usuarios_perfiles,VALUE_PERFILES,VALUE_USUPER,SI,varchar(200) NOT NULL
fza_usuarios_perfiles,VALUE_TEXT_PERFILES,VALUE_TEXT_USUPER,SI,text NULL DEFAULT NULL
fza_usuarios_perfiles,TYPE_BLOB_PERFILES,TYPE_BLOB_USUPER,SI,varchar(10) NULL DEFAULT NULL
fza_usuarios_perfiles,VALUE_BLOB_PERFILES,VALUE_BLOB_USUPER,SI,blob NULL DEFAULT NULL
fza_usuarios_perfiles,INSTANTEMODIF,INSTANTE_MODIF,SI,timestamp NOT NULL DEFAULT current_timestamp() ON UPDATE CURRENT_TIMESTAMP
fza_usuarios_perfiles,INSTANTEALTA,INSTANTE_ALTA,SI,timestamp NOT NULL DEFAULT '0000-00-00 00:00:00'
fza_usuarios_perfiles,USUARIOALTA,USUARIO_ALTA,SI,varchar(100) NOT NULL
fza_usuarios_perfiles,USUARIOMODIF,USUARIO_MODIF,SI,varchar(100) NOT NULL
fza_valores_defecto,TABLA_OBJETIVO_DEF,TABLA_OBJETIVO_DEF_VD,SI,"varchar(60) NOT NULL COMMENT 'Nombre de la tabla, ej: fza_articulos'"
fza_valores_defecto,CAMPO_OBJETIVO_DEF,CAMPO_OBJETIVO_DEF_VD,SI,"varchar(60) NOT NULL COMMENT 'Nombre del campo, ej: TIPOIVA_ARTICULO'"
fza_valores_defecto,VALOR_DEFECTO_DEF,VALOR_DEF_VD,SI,varchar(255) NULL DEFAULT NULL COMMENT 'El valor fijo a insertar'
fza_valores_defecto,TIPO_DATO_DEF,TIPO_DATO_DEF_VD,SI,"varchar(20) NULL DEFAULT 'STRING' COMMENT 'STRING, INTEGER, FLOAT, BOOLEAN, MACRO'"
fza_valores_defecto,DESCRIPCION_DEF,DESCRIPCION_DEF_VD,SI,varchar(100) NULL DEFAULT NULL COMMENT 'Para que sepas qué es esto'
fza_valores_defecto,VALORES_POSIBLES_DEF,VALORES_POSIBLES_DEF_VD,SI,"varchar(500) NULL DEFAULT NULL COMMENT 'Lista separada por comas (ej: S,N o 21,10,4)'"
fza_variaciones,CODIGO_VAR,CODIGO_VAR,NO,varchar(20) NOT NULL
fza_variaciones,NOMBRE_VAR,NOMBRE_VAR,NO,varchar(100) NULL DEFAULT NULL
fza_variaciones,ESACTIVO_VAR,ESACTIVO_VAR,NO,varchar(1) NULL DEFAULT 'S'
fza_variaciones,ORDEN_VAR,ORDEN_VAR,NO,int(11) NULL DEFAULT NULL
fza_variaciones,INSTANTEMODIF,INSTANTE_MODIF,SI,timestamp NOT NULL DEFAULT current_timestamp() ON UPDATE CURRENT_TIMESTAMP
fza_variaciones,INSTANTEALTA,INSTANTE_ALTA,SI,timestamp NOT NULL DEFAULT '0000-00-00 00:00:00'
fza_variaciones,USUARIOALTA,USUARIO_ALTA,SI,varchar(100) NOT NULL
fza_variaciones,USUARIOMODIF,USUARIO_MODIF,SI,varchar(100) NOT NULL
fza_variaciones_atributos,ID_VA,ID_VAR_VA,SI,varchar(20) NOT NULL
fza_variaciones_atributos,ID_ATRIBUTO_VA,ID_ATB_VA,SI,varchar(20) NOT NULL
fza_variaciones_atributos,NOMBRE_VA,NOMBRE_VA,NO,varchar(50) NULL DEFAULT NULL
fza_variaciones_atributos,ORDEN_VA,ORDEN_VA,NO,int(11) NULL DEFAULT NULL
fza_verifactu_eventos,ID_LOG,ID_LOG,NO,bigint(20) NOT NULL AUTO_INCREMENT
fza_verifactu_eventos,TIMESTAMP_LOG,TIMESTAMP_LOG,NO,datetime(3) NOT NULL
fza_verifactu_eventos,TIPO_EVENTO_LOG,TIPO_EVENTO_LOG,NO,tinyint(3) unsigned NOT NULL
fza_verifactu_eventos,USUARIO_LOG,USUARIO_LOG,NO,varchar(100) NOT NULL
fza_verifactu_eventos,VERSION_LOG,VERSION_LOG,NO,varchar(100) NOT NULL
fza_verifactu_eventos,DESCRIPCION_LOG,DESCRIPCION_LOG,NO,text NOT NULL
fza_verifactu_eventos,DATOS_ADICIONALES_LOG,DATOS_ADICIONALES_LOG,NO,longtext NULL DEFAULT NULL
fza_verifactu_eventos,HASH_ANTERIOR_LOG,HASH_ANTERIOR_LOG,NO,char(64) NOT NULL
fza_verifactu_eventos,HASH_PROPIO_LOG,HASH_PROPIO_LOG,NO,char(64) NOT NULL
fza_verifactu_eventos,FIRMA_DIGITAL_LOG,FIRMA_DIGITAL_LOG,NO,char(64) NOT NULL
fza_verifactu_eventos,CREATED_AT_LOG,CREATED_AT_LOG,NO,timestamp NULL DEFAULT current_timestamp()
fza_verifactu_eventos,NRO_FACTURA_LOG,NUMERO_FAC_LOG,SI,varchar(20) NULL DEFAULT NULL
fza_verifactu_eventos,SERIE_FACTURA_LOG,SERIE_FAC_LOG,SI,varchar(20) NULL DEFAULT NULL
fza_winforms,CALL_WINF,CALL_WINF,NO,varchar(255) NOT NULL
fza_winforms,CAPTION_WINF,CAPTION_WINF,NO,varchar(255) NULL DEFAULT NULL
fza_winforms,MENUITEM_WINF,MENUITEM_WINF,NO,varchar(255) NULL DEFAULT NULL
fza_winforms,UNITF_WINF,UNITF_WINF,NO,varchar(255) NULL DEFAULT NULL
fza_winforms,SHORTCUT_WINF,SHORTCUT_WINF,NO,varchar(20) NULL DEFAULT NULL
fza_winforms,DATAMODULE_WINF,DATAMODULE_WINF,NO,varchar(255) NULL DEFAULT NULL
