01;2;SEÑORA;0;0,00;0,00;N;N;N;1;1;2019-06-18 11:29:28.000;2002-05-07 14:07:06.000;12632256;0;;S;;0,00;0,00
0101;4;BLUSA M/L;0;0,00;0,00;N;N;N;1;1;2001-08-08 10:23:27.000;2002-05-07 14:07:06.000;12632256;NULL;NULL;S;;NULL;NULL
0102;4;PANT.SRA.;0;0,00;0,00;N;N;N;1;1;2001-08-03 08:47:18.000;2002-05-07 14:07:06.000;12632256;NULL;NULL;S;;NULL;NULL
0103;4;JERSEY SRA.;0;0,00;0,00;N;N;N;1;1;2001-08-06 11:43:28.000;2002-05-07 14:07:06.000;12632256;NULL;NULL;S;;NULL;NULL
0104;4;CHAQUETA PUNTO SRA.;0;0,00;0,00;N;N;N;1;1;2001-08-13 10:47:39.000;2002-05-07 14:07:06.000;12632256;NULL;NULL;S;;NULL;NULL
0105;4;CHAQUETON SRA.;0;0,00;0,00;N;N;N;1;1;2001-08-11 10:58:14.000;2002-05-07 14:07:06.000;12632256;NULL;NULL;S;;NULL;NULL
0106;4;CHAQUETA SRA.;0;0,00;0,00;N;N;N;1;1;2001-08-27 12:24:32.000;2002-05-07 14:07:06.000;12632256;NULL;NULL;S;;NULL;NULL
0107;4;CONJT. FALDA;0;0,00;0,00;N;N;N;1;1;2004-02-06 18:02:22.000;2004-02-06 21:25:39.000;12632256;NULL;NULL;S;;NULL;NULL
0108;4;VESTIDO M/L;0;0,00;0,00;N;N;N;1;1;2001-08-08 13:43:46.000;2002-05-07 14:07:06.000;12632256;NULL;NULL;S;;NULL;NULL
0109;4;FALDA SRA.;0;0,00;0,00;N;N;N;1;1;2001-08-03 08:59:23.000;2002-05-07 14:07:06.000;12632256;NULL;NULL;S;;NULL;NULL
0110;4;GABARDINA SRA.;0;0,00;0,00;N;N;N;1;1;2001-08-10 18:38:55.000;2002-05-07 14:07:06.000;12632256;NULL;NULL;S;;NULL;NULL
0111;4;ABRIGO SRA.;0;0,00;0,00;N;N;N;1;1;2001-08-09 11:18:51.000;2002-05-07 14:07:06.000;12632256;NULL;NULL;S;;NULL;NULL
0112;4;CHALECO SRA.;0;0,00;0,00;N;N;N;1;1;2002-05-17 19:17:27.000;2002-05-18 14:11:47.000;12632256;NULL;NULL;S;;NULL;NULL
0113;4;CTA.SRA M/L;0;0,00;0,00;N;N;N;1;1;2001-08-02 22:12:29.000;2002-05-07 14:07:06.000;12632256;NULL;NULL;S;;NULL;NULL
0114;4;BLUSA M/C;0;0,00;0,00;N;N;N;1;1;2001-08-08 14:06:03.000;2002-05-07 14:07:06.000;12632256;NULL;NULL;S;;NULL;NULL
0115;4;VESTIDO M/C;0;0,00;0,00;N;N;N;1;1;2001-08-10 13:48:43.000;2002-05-07 14:07:06.000;12632256;NULL;NULL;S;;NULL;NULL
0116;4;BLUSA TIRANTE;0;0,00;0,00;N;N;N;1;1;2002-01-30 21:09:35.000;2002-05-07 14:07:06.000;12632256;NULL;NULL;S;;NULL;NULL
0118;4;CTA. SRA. M/C;0;0,00;0,00;N;N;N;1;1;2002-01-23 17:48:20.000;2002-05-07 14:07:06.000;12632256;NULL;NULL;S;;NULL;NULL
0119;4;FALDA SRA.CORTA;0;0,00;0,00;N;N;N;1;1;2001-08-03 08:59:50.000;2002-05-07 14:07:06.000;12632256;NULL;NULL;S;;NULL;NULL
0120;4;PARKA SRA.;0;0,00;0,00;N;N;N;1;1;2001-08-10 20:31:29.000;2002-05-07 14:07:06.000;12632256;NULL;NULL;S;;NULL;NULL
0121;4;ABRIGO SRA.LARGO;0;0,00;0,00;N;N;N;1;1;2001-08-28 13:27:30.000;2002-05-07 14:07:06.000;12632256;NULL;NULL;S;;NULL;NULL
0122;4;BERMUDA SRA.;0;0,00;0,00;N;N;N;1;1;2002-01-22 18:49:25.000;2002-05-07 14:07:06.000;12632256;NULL;NULL;S;;NULL;NULL
0126;4;VESTIDO Y CHAQUETA;0;0,00;0,00;N;N;N;1;1;2001-08-08 13:55:40.000;2002-05-07 14:07:06.000;12632256;NULL;NULL;S;;NULL;NULL
0127;4;CONJT.PANT.SRA.;0;0,00;0,00;N;N;N;1;1;2004-11-17 20:21:57.000;2004-12-14 11:44:16.000;12632256;NULL;NULL;S;;NULL;NULL
0129;4;FALDA SRA.LARGA;0;0,00;0,00;N;N;N;1;1;2001-08-03 09:00:44.000;2002-05-07 14:07:06.000;12632256;NULL;NULL;S;;NULL;NULL
0134;4;CONJUNTO PUNTO;0;0,00;0,00;N;N;N;1;1;2001-08-10 10:03:47.000;2002-05-07 14:07:06.000;12632256;NULL;NULL;S;;NULL;NULL
02;1;CABALLERO;0;0,00;0,00;N;N;N;1;1;2001-08-01 20:12:48.000;2002-05-07 14:07:06.000;12632256;NULL;NULL;S;;NULL;NULL
0201;4;CAMISA M/L;0;0,00;0,00;N;N;N;1;1;2001-08-08 19:41:03.000;2002-05-07 14:07:06.000;12632256;NULL;NULL;S;;NULL;NULL
0202;4;PANT.CRO.;0;0,00;0,00;N;N;N;1;1;2001-08-27 12:25:03.000;2002-05-07 14:07:06.000;12632256;NULL;NULL;S;;NULL;NULL
0203;4;JERSEY CRO.;0;0,00;0,00;N;N;N;1;1;2001-08-03 19:11:06.000;2002-05-07 14:07:06.000;12632256;NULL;NULL;S;;NULL;NULL
0205;4;CHAQUETA CRO.;0;0,00;0,00;N;N;N;1;1;2001-08-17 12:58:12.000;2002-05-07 14:07:06.000;12632256;NULL;NULL;S;;NULL;NULL
0206;4;AMERICANA CRO.;0;0,00;0,00;N;N;N;1;1;2001-08-08 13:13:14.000;2002-05-07 14:07:06.000;12632256;NULL;NULL;S;;NULL;NULL
0207;4;CAZADORA CRO.;0;0,00;0,00;N;N;N;1;1;2002-01-24 19:55:02.000;2002-05-07 14:07:06.000;12632256;NULL;NULL;S;;NULL;NULL
0208;4;TRAJE CRO.;0;0,00;0,00;N;N;N;1;1;2001-08-09 17:53:49.000;2002-05-07 14:07:06.000;12632256;NULL;NULL;S;;NULL;NULL
0209;4;CHAQUETON CRO.;0;0,00;0,00;N;N;N;1;1;2001-08-09 09:27:45.000;2002-05-07 14:07:06.000;12632256;NULL;NULL;S;;NULL;NULL
0210;4;GABARDINA CRO.;0;0,00;0,00;N;N;N;1;1;2003-07-10 19:17:21.000;2003-07-11 14:15:30.000;12632256;NULL;NULL;S;;NULL;NULL
0211;4;CHALECO CRO.;0;0,00;0,00;N;N;N;1;1;2001-08-06 10:46:25.000;2002-05-07 14:07:06.000;12632256;NULL;NULL;S;;NULL;NULL
0212;4;ABRIGO CRO.;0;0,00;0,00;N;N;N;1;1;2001-08-09 10:48:21.000;2002-05-07 14:07:06.000;12632256;NULL;NULL;S;;NULL;NULL
0214;4;CAMISA M/C;0;0,00;0,00;N;N;N;1;1;2002-01-22 13:30:39.000;2002-05-07 14:07:06.000;12632256;NULL;NULL;S;;NULL;NULL
0215;4;PARKA CRO.;0;0,00;0,00;N;N;N;1;1;2001-08-09 19:07:13.000;2002-05-07 14:07:06.000;12632256;NULL;NULL;S;;NULL;NULL
0216;4;POLO CRO.M/C;0;0,00;0,00;N;N;N;1;1;2002-02-02 18:24:26.000;2002-05-07 14:07:06.000;12632256;NULL;NULL;S;;NULL;NULL
0217;4;POLO CRO.M/L;0;0,00;0,00;N;N;N;1;1;2002-05-10 17:22:37.000;2002-05-11 14:10:51.000;12632256;NULL;NULL;S;;NULL;NULL
0218;4;PANT.CRO.CORTO;0;0,00;0,00;N;N;N;1;1;2003-01-24 12:59:10.000;2003-01-24 14:22:11.000;12632256;NULL;NULL;S;;NULL;NULL
0219;4;CHALECO CRO.;0;0,00;0,00;N;N;N;1;1;2001-09-06 10:36:15.000;2002-05-07 14:07:06.000;12632256;NULL;NULL;S;;NULL;NULL
03;2;CHICA;0;0,00;0,00;N;N;N;1;1;2001-08-09 10:41:11.000;2002-05-07 14:07:06.000;12632256;NULL;NULL;S;;NULL;NULL
0301;4;BLUSA M/L;0;0,00;0,00;N;N;N;1;1;2001-08-07 09:44:49.000;2002-05-07 14:07:06.000;12632256;NULL;NULL;S;;NULL;NULL
0302;4;PANTALON SRA.;0;0,00;0,00;N;N;N;1;1;2001-08-07 09:44:32.000;2002-05-07 14:07:06.000;12632256;NULL;NULL;S;;NULL;NULL
0303;4;JERSEY CHICA;0;0,00;0,00;N;N;N;1;1;2001-08-07 09:45:21.000;2002-05-07 14:07:06.000;12632256;NULL;NULL;S;;NULL;NULL
0304;4;CHAQUETA PUNTO SRA.;0;0,00;0,00;N;N;N;1;1;2001-08-22 19:51:46.000;2002-05-07 14:07:06.000;12632256;NULL;NULL;S;;NULL;NULL
0306;4;CHAQUETA SRA.;0;0,00;0,00;N;N;N;1;1;2001-08-10 20:51:40.000;2002-05-07 14:07:06.000;12632256;NULL;NULL;S;;NULL;NULL
0307;4;CONJT. FALDA;0;0,00;0,00;N;N;N;1;1;2004-03-05 20:28:36.000;2004-03-06 14:11:31.000;12632256;NULL;NULL;S;;NULL;NULL
0308;4;VESTIDO;0;0,00;0,00;N;N;N;1;1;2002-01-31 19:22:32.000;2002-05-07 14:07:06.000;12632256;NULL;NULL;S;;NULL;NULL
0309;4;FALDA CORTA;0;0,00;0,00;N;N;N;1;1;2001-08-10 09:55:43.000;2002-05-07 14:07:06.000;12632256;NULL;NULL;S;;NULL;NULL
0311;4;CHALECO SRA.;0;0,00;0,00;N;N;N;1;1;2001-08-13 20:40:17.000;2002-05-07 14:07:06.000;12632256;NULL;NULL;S;;NULL;NULL
0313;4;CTA.M/L;0;0,00;0,00;N;N;N;1;1;2001-08-10 19:31:45.000;2002-05-07 14:07:06.000;12632256;NULL;NULL;S;;NULL;NULL
0314;4;BLUSA M/C;0;0,00;0,00;N;N;N;1;1;2002-01-31 20:14:23.000;2002-05-07 14:07:06.000;12632256;NULL;NULL;S;;NULL;NULL
0315;4;PARKA SRA.;0;0,00;0,00;N;N;N;1;1;2001-08-10 20:30:31.000;2002-05-07 14:07:06.000;12632256;NULL;NULL;S;;NULL;NULL
0316;4;BLUSA TIRANTE;0;0,00;0,00;N;N;N;1;1;2009-08-04 18:31:17.000;2004-02-23 14:22:00.000;12632256;0;NULL;S;;NULL;NULL
0317;4;CHAQUETON CHICA;0;0,00;0,00;N;N;N;1;1;2001-08-10 20:26:13.000;2002-05-07 14:07:06.000;12632256;NULL;NULL;S;;NULL;NULL
0318;4;ABRIGO CHICA;0;0,00;0,00;N;N;N;1;1;2001-08-28 13:22:01.000;2002-05-07 14:07:06.000;12632256;NULL;NULL;S;;NULL;NULL
0319;4;FALDA LARGA;0;0,00;0,00;N;N;N;1;1;2001-08-10 09:52:21.000;2002-05-07 14:07:06.000;12632256;NULL;NULL;S;;NULL;NULL
0320;4;CAZADORA SRA.;0;0,00;0,00;N;N;N;1;1;2001-08-10 20:49:50.000;2002-05-07 14:07:06.000;12632256;NULL;NULL;S;;NULL;NULL
0321;4;ABRIGO LARGO SRA.;0;0,00;0,00;N;N;N;1;1;2001-08-28 13:23:09.000;2002-05-07 14:07:06.000;12632256;NULL;NULL;S;;NULL;NULL
0322;4;BERMUDA SRA.;0;0,00;0,00;N;N;N;1;1;2002-01-28 20:00:31.000;2002-05-07 14:07:06.000;12632256;NULL;NULL;S;;NULL;NULL
0323;4;CTA.TIRANTE;0;0,00;0,00;N;N;N;1;1;2001-08-10 19:56:35.000;2002-05-07 14:07:06.000;12632256;NULL;NULL;S;;NULL;NULL
0324;4;CTA.M/C;0;0,00;0,00;N;N;N;1;1;2002-01-28 20:01:18.000;2002-05-07 14:07:06.000;12632256;NULL;NULL;S;;NULL;NULL
0325;4;VESTIDO PLAYERO;0;0,00;0,00;N;N;N;1;1;2002-02-02 18:36:58.000;2002-05-07 14:07:06.000;12632256;NULL;NULL;S;;NULL;NULL
0327;4;CONJT. PANT.;0;0,00;0,00;N;N;N;1;1;2004-03-05 20:23:15.000;2004-03-06 14:11:31.000;12632256;NULL;NULL;S;;NULL;NULL
0334;4;CONJUNTO PUNTO;0;0,00;0,00;N;N;N;1;1;2001-08-10 10:04:04.000;2002-05-07 14:07:06.000;12632256;NULL;NULL;S;;NULL;NULL
04;1;CHICO;0;0,00;0,00;N;N;N;1;1;2001-08-01 20:12:51.000;2002-05-07 14:07:06.000;12632256;NULL;NULL;S;;NULL;NULL
0401;4;CAMISA M/L;0;0,00;0,00;N;N;N;1;1;2001-08-04 14:15:31.000;2002-05-07 14:07:06.000;12632256;NULL;NULL;S;;NULL;NULL
0402;4;PANT. CRO.;0;0,00;0,00;N;N;N;1;1;2004-05-25 17:46:17.000;2004-07-26 20:23:23.000;12632256;NULL;NULL;S;;NULL;NULL
0403;4;JERSEY M/L;0;0,00;0,00;N;N;N;1;1;2004-02-12 10:16:49.000;2004-02-12 14:13:29.000;12632256;NULL;NULL;S;;NULL;NULL
0404;4;CHAQUETA PUNTO;0;0,00;0,00;N;N;N;1;1;2001-08-03 17:47:41.000;2002-05-07 14:07:06.000;12632256;NULL;NULL;S;;NULL;NULL
0406;4;AMERICANA CRO.;0;0,00;0,00;N;N;N;1;1;2001-08-31 13:04:07.000;2002-05-07 14:07:06.000;12632256;NULL;NULL;S;;NULL;NULL
0407;4;CAZADORA;0;0,00;0,00;N;N;N;1;1;2001-08-04 14:24:18.000;2002-05-07 14:07:06.000;12632256;NULL;NULL;S;;NULL;NULL
0408;4;TRAJE CRO.;0;0,00;0,00;N;N;N;1;1;2002-01-24 19:09:32.000;2002-05-07 14:07:06.000;12632256;NULL;NULL;S;;NULL;NULL
0409;4;PANTALON CORTO CRO.;0;0,00;0,00;N;N;N;1;1;2002-02-20 19:45:07.000;2002-05-07 14:07:06.000;12632256;NULL;NULL;S;;NULL;NULL
0411;4;CHALECO CRO.;0;0,00;0,00;N;N;N;1;1;2001-08-13 20:40:28.000;2002-05-07 14:07:06.000;12632256;NULL;NULL;S;;NULL;NULL
0412;4;ABRIGO CHICO;0;0,01;0,00;N;N;N;1;1;2009-05-22 20:03:23.000;NULL;12632256;0;NULL;S;;NULL;NULL
0413;4;CTA.M/L;0;0,00;0,00;N;N;N;1;1;2001-08-04 14:31:51.000;2002-05-07 14:07:06.000;12632256;NULL;NULL;S;;NULL;NULL
0414;4;CAMISA M/C;0;0,00;0,00;N;N;N;1;1;2002-01-28 19:56:35.000;2002-05-07 14:07:06.000;12632256;NULL;NULL;S;;NULL;NULL
0415;4;PARKA;0;0,00;0,00;N;N;N;1;1;2001-08-04 14:27:12.000;2002-05-07 14:07:06.000;12632256;NULL;NULL;S;;NULL;NULL
0416;4;CHAQUETON;0;0,00;0,00;N;N;N;1;1;2002-01-28 19:56:10.000;2002-05-07 14:07:06.000;12632256;NULL;NULL;S;;NULL;NULL
0417;4;CTA.CRO M/C;0;0,00;0,00;N;N;N;1;1;2003-02-17 20:25:00.000;2003-02-18 14:23:04.000;12632256;NULL;NULL;S;;NULL;NULL
0418;4;POLO M/C;0;0,01;0,00;N;N;N;1;1;2014-01-16 20:41:45.000;NULL;12632256;0;;NULL;;0,00;0,00
0422;4;PANT.CRO CHINO;0;0,00;0,00;N;N;N;1;1;2001-08-27 13:59:07.000;2002-05-07 14:07:06.000;12632256;NULL;NULL;S;;NULL;NULL
05;1;VAQUEROS;0;0,00;0,00;N;N;N;1;1;2001-08-01 20:12:52.000;2002-05-07 14:07:06.000;12632256;NULL;NULL;S;;NULL;NULL
0501;4;VAQUERO SRA.;0;0,00;0,00;N;N;N;1;1;2001-08-06 20:32:40.000;2002-05-07 14:07:06.000;12632256;NULL;NULL;S;;NULL;NULL
0502;4;VAQUERO CRO.;0;0,00;0,00;N;N;N;1;1;2001-08-06 20:31:48.000;2002-05-07 14:07:06.000;12632256;NULL;NULL;S;;NULL;NULL
0503;4;CAMISA VAQUERA SRA.;0;0,00;0,00;N;N;N;1;1;2001-08-21 17:37:01.000;2002-05-07 14:07:06.000;12632256;NULL;NULL;S;;NULL;NULL
0504;4;CAMISA VAQUERA CRO.;0;0,00;0,00;N;N;N;1;1;2001-08-21 17:37:14.000;2002-05-07 14:07:06.000;12632256;NULL;NULL;S;;NULL;NULL
0506;4;CAZADORA VAQUERA CRO.;0;0,00;0,00;N;N;N;1;1;2003-01-28 19:09:00.000;2003-01-28 20:37:31.000;12632256;NULL;NULL;S;;NULL;NULL
0507;4;VAQUERO COLOR SRA.;0;0,00;0,00;N;N;N;1;1;2001-08-06 20:33:25.000;2002-05-07 14:07:06.000;12632256;NULL;NULL;S;;NULL;NULL
0508;4;VAQUERO COLOR CRO.;0;0,00;0,00;N;N;N;1;1;2001-08-06 20:33:41.000;2002-05-07 14:07:06.000;12632256;NULL;NULL;S;;NULL;NULL
0512;4;CAZADORA VAQUERA SRA.;0;0,00;0,00;N;N;N;1;1;2002-01-28 20:20:01.000;2002-05-07 14:07:06.000;12632256;NULL;NULL;S;;NULL;NULL
0515;4;FALDA VAQUERA;0;0,00;0,00;N;N;N;1;1;2001-08-28 13:56:39.000;2002-05-07 14:07:06.000;12632256;NULL;NULL;S;;NULL;NULL
0516;4;VESTIDO VAQUERO;0;0,00;0,00;N;N;N;1;1;2002-02-05 20:09:46.000;2002-05-07 14:07:06.000;12632256;NULL;NULL;S;;NULL;NULL
07;2;LENCERIA;0;0,00;0,00;N;N;N;1;1;2001-08-01 20:15:00.000;2002-05-07 14:07:06.000;12632256;NULL;NULL;S;;NULL;NULL
0701;4;PIJAMA CRO.;0;0,00;0,00;N;N;N;1;1;2001-08-08 20:16:46.000;2002-05-07 14:07:06.000;12632256;NULL;NULL;S;;NULL;NULL
0703;4;BATA SRA.;0;0,00;0,00;N;N;N;1;1;2001-11-26 19:39:23.000;2002-05-07 14:07:06.000;12632256;NULL;NULL;S;;NULL;NULL
09;1;PIEL;0;0,00;0,00;N;N;N;1;1;2001-08-01 20:12:55.000;2002-05-07 14:07:06.000;12632256;NULL;NULL;S;;NULL;NULL
0901;4;CHAQUETON PIEL CRO.;0;0,00;0,00;N;N;N;1;1;2001-08-04 14:22:14.000;2002-05-07 14:07:06.000;12632256;NULL;NULL;S;;NULL;NULL
0902;4;CHAQUETON PIEL SRA.;0;0,00;0,00;N;N;N;1;1;2001-08-07 17:51:22.000;2002-05-07 14:07:06.000;12632256;NULL;NULL;S;;NULL;NULL
0903;4;ABRIGO PIEL SRA.;0;0,00;0,00;N;N;N;1;1;2001-08-07 17:52:04.000;2002-05-07 14:07:06.000;12632256;NULL;NULL;S;;NULL;NULL
0905;4;CAZADORA PIEL CRO.;0;0,00;0,00;N;N;N;1;1;2001-08-27 13:36:58.000;2002-05-07 14:07:06.000;12632256;NULL;NULL;S;;NULL;NULL
0906;4;CAZADORA PIEL SRA.;0;0,00;0,00;N;N;N;1;1;2001-08-27 13:38:04.000;2002-05-07 14:07:06.000;12632256;NULL;NULL;S;;NULL;NULL
0907;4;PANTALON PIEL;0;0,00;0,00;N;N;N;1;1;2002-02-22 21:44:54.000;2002-05-07 14:07:06.000;12632256;NULL;NULL;S;;NULL;NULL
0908;4;CHAQUETA PIEL SRA.;0;0,00;0,00;N;N;N;1;1;2001-08-09 18:18:50.000;2002-05-07 14:07:06.000;12632256;NULL;NULL;S;;NULL;NULL
0909;4;CHAQUETA PIEL CRO.;0;0,00;0,00;N;N;N;1;1;2001-08-09 18:18:35.000;2002-05-07 14:07:06.000;12632256;NULL;NULL;S;;NULL;NULL
0912;4;CHAQUETA PUNTO-PIEL;0;0,00;0,00;N;N;N;1;1;2001-08-17 12:30:36.000;2002-05-07 14:07:06.000;12632256;NULL;NULL;S;;NULL;NULL
10;2;COMPLEMENTOS;0;0,00;0,00;N;N;N;1;1;2001-08-01 20:14:48.000;2002-05-07 14:07:06.000;12632256;NULL;NULL;S;;NULL;NULL
1001;4;CINTO CRO.;0;0,00;0,00;N;N;N;1;1;2001-08-11 09:39:09.000;2002-05-07 14:07:06.000;12632256;NULL;NULL;S;;NULL;NULL
1002;4;CINTO SRA.;0;0,00;0,00;N;N;N;1;1;2001-08-11 09:39:24.000;2002-05-07 14:07:06.000;12632256;NULL;NULL;S;;NULL;NULL
1003;4;FULAR;0;0,00;0,00;N;N;N;1;1;2001-08-11 09:40:11.000;2002-05-07 14:07:06.000;12632256;NULL;NULL;S;;NULL;NULL
1004;4;BUFANDA;0;0,00;0,00;N;N;N;1;1;2001-08-11 09:40:31.000;2002-05-07 14:07:06.000;12632256;NULL;NULL;S;;NULL;NULL
1005;4;PAÑUELO CUELLO;0;0,00;0,00;N;N;N;1;1;2001-09-29 13:46:11.000;2002-05-07 14:07:06.000;12632256;NULL;NULL;S;;NULL;NULL
1006;4;CHAL;0;0,00;0,00;N;N;N;1;1;2003-03-27 20:46:54.000;2003-03-28 14:24:06.000;12632256;NULL;NULL;S;;NULL;NULL
1007;4;CALCETIN CRO.;0;0,00;0,00;N;N;N;1;1;2001-09-21 18:00:42.000;2002-05-07 14:07:06.000;12632256;NULL;NULL;S;;NULL;NULL
1008;4;BOLSO SRA.;0;0,00;0,00;N;N;N;1;1;2006-11-30 18:28:06.000;2007-01-19 14:07:41.000;12632256;NULL;NULL;S;;NULL;NULL
1009;4;GORRO;0;0,01;0,00;N;N;N;1;1;2010-11-27 13:43:07.000;NULL;12632256;0;;S;;NULL;NULL
1010;4;MEDIAS SRA.;0;0,00;0,00;N;N;N;1;1;2002-05-21 13:56:39.000;2002-05-21 14:05:16.000;12632256;NULL;NULL;S;;NULL;NULL
1011;4;CORBATA;0;0,00;0,00;N;N;N;1;1;2001-10-10 18:56:56.000;2002-05-07 14:07:06.000;12632256;NULL;NULL;S;;NULL;NULL
1012;4;CHANDAL;0;0,00;0,00;N;N;N;1;1;2001-10-19 13:27:50.000;2002-05-07 14:07:06.000;12632256;NULL;NULL;S;;NULL;NULL
1013;4;BAÑADOR CRO.;0;0,00;0,00;N;N;N;1;1;2002-04-16 17:49:43.000;2002-05-07 14:07:06.000;12632256;NULL;NULL;S;;NULL;NULL
1014;4;BAÑADOR SRA.;0;0,00;0,00;N;N;N;1;1;2002-04-16 17:49:56.000;2002-05-07 14:07:06.000;12632256;NULL;NULL;S;;NULL;NULL
1015;4;SLIP CRO;0;0,00;0,00;N;N;N;1;1;2002-11-13 17:49:05.000;2002-11-14 14:17:17.000;12632256;NULL;NULL;S;;NULL;NULL
1016;4;VARIOS;0;0,00;0,00;N;N;N;1;1;2006-04-11 12:46:03.000;2007-01-19 14:07:41.000;12632256;NULL;NULL;S;;NULL;NULL
1017;4;PAJARITA;0;0,01;0,00;N;N;N;1;1;2017-03-06 20:05:14.000;NULL;12632256;0;;NULL;;0,00;0,00
1018;4;VARIOS;0;0,01;0,00;N;N;N;1;1;2014-07-09 17:48:43.000;NULL;12632256;0;;NULL;;0,00;0,00
1019;4;VARIOS;0;0,01;0,00;N;N;N;1;1;2014-07-09 17:48:51.000;NULL;12632256;0;;NULL;;0,00;0,00
11;2;UNIFORME A.DIOS;17;0,01;0,00;N;N;N;1;1;2014-07-09 18:01:06.000;NULL;12632256;0;;NULL;;0,00;0,00
1101;4;FALDA AMOR DE DIOS;0;0,01;0,00;N;N;N;1;1;2020-08-04 19:02:03.000;NULL;12632256;0;;NULL;;0,00;0,00
1102;4;PANTALON UNIFORME A.DE DIOS;0;0,01;0,00;N;N;N;1;1;2020-08-04 19:02:20.000;NULL;12632256;0;;NULL;;0,00;0,00
1103;4;JERSEY AMOR DE DIOS;0;0,01;0,00;N;N;N;1;1;2020-08-04 19:03:19.000;NULL;12632256;0;;NULL;;0,00;0,00
1104;4;CHAQUETA AMOR DE DIOS;0;0,01;0,00;N;N;N;1;1;2020-08-04 19:03:53.000;NULL;12632256;0;;NULL;;0,00;0,00
1105;4;POLO M/C AMOR DE DIOS;0;0,01;0,00;N;N;N;1;1;2020-08-04 19:04:07.000;NULL;12632256;0;;NULL;;0,00;0,00
1106;4;POLO M/L AMOR DE DIOS;0;0,01;0,00;N;N;N;1;1;2020-08-04 19:04:18.000;NULL;12632256;0;;NULL;;0,00;0,00
1107;4;BABY NIÑA AMOR DE DIOS;0;0,01;0,00;N;N;N;1;1;2020-08-04 19:04:30.000;NULL;12632256;0;;NULL;;0,00;0,00
1108;4;BABY NIÑO AMOR DE DIOS;0;0,01;0,00;N;N;N;1;1;2020-08-04 19:04:40.000;NULL;12632256;0;;NULL;;0,00;0,00
1109;4;CHANDAL AMOR DE DIOS;0;0,01;0,00;N;N;N;1;1;2020-08-04 19:04:51.000;NULL;12632256;0;;NULL;;0,00;0,00
1110;4;CAMISETA AMOR DE DIOS;0;0,01;0,00;N;N;N;1;1;2020-08-04 19:05:02.000;NULL;12632256;0;;NULL;;0,00;0,00
1111;4;PANTALON CORTO A.DE DIOS;0;0,01;0,00;N;N;N;1;1;2020-08-04 19:05:48.000;NULL;12632256;0;;NULL;;0,00;0,00
1112;4;PANTALON CORTO CHANDAL AMOR DE DIOS;0;0,01;0,00;N;N;N;1;1;2020-08-04 19:06:05.000;NULL;12632256;0;;NULL;;0,00;0,00
1113;4;POLO RUGBY AMOR DE DIOS;0;0,01;0,00;N;N;N;1;1;2020-08-04 19:06:20.000;NULL;12632256;0;;NULL;;0,00;0,00
1114;4;PANTALON LARGO CHANDAL AMOR DE DIOS;0;0,01;0,00;N;N;N;1;1;2020-08-04 19:07:07.000;NULL;12632256;0;;NULL;;0,00;0,00
1115;4;PANTALON NIÑA AMOR DE DIOS;0;0,01;0,00;N;N;N;1;1;2020-08-04 19:07:20.000;NULL;12632256;0;;NULL;;0,00;0,00
1116;4;PANTALON CORTO UNIFORME;0;0,01;0,00;N;N;N;1;1;2020-09-24 12:00:01.000;NULL;12632256;0;;NULL;;0,00;0,00
1117;4;FORRO POLAR A. DE DIOS;0;0,01;0,00;N;N;N;1;1;2021-03-22 13:32:55.000;NULL;12632256;0;;NULL;;0,00;0,00
12;2;UNIFORMIDAD ADORATRICES;0;0,01;0,00;N;N;N;1;1;2024-07-03 17:48:07.000;NULL;12632256;0;;NULL;;0,00;0,00
1209;4;CHANDAL ADORATRICES;0;0,01;0,00;N;N;N;1;1;2024-07-03 17:48:26.000;NULL;12632256;0;;NULL;;0,00;0,00
1210;4;CAMISETA M/C ADORATRICES;0;0,01;0,00;N;N;N;1;1;2024-07-03 17:48:41.000;NULL;12632256;0;;NULL;;0,00;0,00
1211;4;"PANTALON CORTO DEPORTE ";0;0,01;0,00;N;N;N;1;1;2024-07-03 17:48:51.000;NULL;12632256;0;;NULL;;0,00;0,00
1214;4;PANTALON LARGO CHANDAL ADORA;0;0,01;0,00;N;N;N;1;1;2024-07-03 17:49:02.000;NULL;12632256;0;;NULL;;0,00;0,00
1215;4;PANTALON UNIFOR ADORATRICES;0;0,01;0,00;N;N;N;1;1;2024-07-03 17:49:19.000;NULL;12632256;0;;NULL;;0,00;0,00
1216;4;POLO M/C ADORATRICES;0;0,01;0,00;N;N;N;1;1;2024-07-03 17:49:32.000;NULL;12632256;0;;NULL;;0,00;0,00
1217;4;POLO M/LARGA ADORATRICES;0;0,01;0,00;N;N;N;1;1;2015-08-25 13:56:48.000;NULL;12632256;0;;NULL;;0,00;0,00
1218;4;FALDA ADORATRICES;0;0,01;0,00;N;N;N;1;1;2024-07-03 17:49:47.000;NULL;12632256;0;;NULL;;0,00;0,00
1219;4;JERSEY ADORATRICES;0;0,01;0,00;N;N;N;1;1;2024-07-03 17:50:01.000;NULL;12632256;0;;NULL;;0,00;0,00
1220;4;BABY ADORATRICES;0;0,01;0,00;N;N;N;1;1;2024-07-03 17:50:14.000;NULL;12632256;0;;NULL;;0,00;0,00
13;2;UNIFORMIDAD DISCIPULAS;0;0,01;0,00;N;N;N;1;1;2020-07-27 19:39:13.000;NULL;12632256;0;;NULL;;0,00;0,00
1301;4;FALDA DISCIPULAS;0;0,01;0,00;N;N;N;1;1;2020-07-27 19:45:10.000;NULL;12632256;0;;NULL;;0,00;0,00
1302;4;PANTALON DISCIPULAS;0;0,01;0,00;N;N;N;1;1;2020-07-27 19:46:08.000;NULL;12632256;0;;NULL;;0,00;0,00
1303;4;JERSEY DISCIPULAS;0;0,01;0,00;N;N;N;1;1;2020-07-27 21:10:06.000;NULL;12632256;0;;NULL;;0,00;0,00
1305;4;POLO M/C DISCIPULAS;0;0,01;0,00;N;N;N;1;1;2020-07-27 19:49:48.000;NULL;12632256;0;;NULL;;0,00;0,00
1306;4;POLO M/L DISCIPULAS;0;0,01;0,00;N;N;N;1;1;2020-07-27 19:49:58.000;NULL;12632256;0;;NULL;;0,00;0,00
1307;4;BABY DISCIPULAS;0;0,01;0,00;N;N;N;1;1;2020-07-27 19:49:35.000;NULL;12632256;0;;NULL;;0,00;0,00
1308;4;BABY DISCIPULAS;0;0,01;0,00;N;N;N;1;1;2020-07-27 19:50:44.000;NULL;12632256;0;;NULL;;0,00;0,00
1309;4;CHANDAL DISCIPULAS;0;0,01;0,00;N;N;N;1;1;2020-07-27 19:50:55.000;NULL;12632256;0;;NULL;;0,00;0,00
1310;4;CAMISETA DISCIPULAS;0;0,01;0,00;N;N;N;1;1;2020-07-27 19:51:25.000;NULL;12632256;0;;NULL;;0,00;0,00
1311;4;PANT.CORTO DEPORTE DISCIPULAS;0;0,01;0,00;N;N;N;1;1;2020-07-27 19:54:00.000;NULL;12632256;0;;NULL;;0,00;0,00
1312;4;PANT.LARGO CHANDAL DISCIPULAS;0;0,01;0,00;N;N;N;1;1;2020-07-27 19:54:43.000;NULL;12632256;0;;NULL;;0,00;0,00
1313;4;SUDADERA DISCIPULAS;0;0,01;0,00;N;N;N;1;1;2020-07-27 19:55:27.000;NULL;12632256;0;;NULL;;0,00;0,00
1314;4;PANT, UNIFORME NIÑA DISCIPULAS;0;0,01;0,00;N;N;N;1;1;2020-07-27 19:56:42.000;NULL;12632256;0;;NULL;;0,00;0,00
1315;4;PANT CORTO UNIFORME;0;0,01;0,00;N;N;N;1;1;2021-09-02 19:53:07.000;NULL;12632256;0;;NULL;;0,00;0,00
1316;4;SUDADERA CAPUCHA;0;0,01;0,00;N;N;N;1;1;2024-03-01 19:21:38.000;NULL;12632256;0;;NULL;;0,00;0,00
14;2;UNIFORME INMACULADA CONCEP.;0;0,01;0,00;N;N;N;1;1;2021-08-02 18:28:29.000;NULL;12632256;0;;NULL;;0,00;0,00
1401;4;FALDA INMACULADA CONCEP.;0;0,01;0,00;N;N;N;1;1;2021-08-02 18:29:12.000;NULL;12632256;0;;NULL;;0,00;0,00
1403;4;JERSEY INMACULADA CONCEP.;0;0,01;0,00;N;N;N;1;1;2021-08-02 18:29:47.000;NULL;12632256;0;;NULL;;0,00;0,00
1405;4;POLO M/C INMACULADA CONCEP.;0;0,01;0,00;N;N;N;1;1;2021-08-02 18:30:18.000;NULL;12632256;0;;NULL;;0,00;0,00
1407;4;BABY INMACULADA CONCEP.;0;0,01;0,00;N;N;N;1;1;2021-08-02 18:32:41.000;NULL;12632256;0;;NULL;;0,00;0,00
1409;4;CHANDAL INMACULADA CONCEP.;0;0,01;0,00;N;N;N;1;1;2021-08-02 18:30:41.000;NULL;12632256;0;;NULL;;0,00;0,00
1410;4;CAMISETA M/C INMACULADA CONCEP.;0;0,01;0,00;N;N;N;1;1;2021-08-02 18:32:02.000;NULL;12632256;0;;NULL;;0,00;0,00
1414;4;PANTALON CHANDAL INMACULADA CONCEP.;0;0,01;0,00;N;N;N;1;1;2021-08-02 18:31:21.000;NULL;12632256;0;;NULL;;0,00;0,00
15;2;UNIFORMIDAD RAFAELA MARIA;0;0,01;0,00;N;N;N;1;1;2024-07-03 17:51:31.000;NULL;12632256;0;;NULL;;0,00;0,00
1501;4;SUDADERA CAPUCHA RAFAELA MARIA;0;0,01;0,00;N;N;N;1;1;2024-07-03 17:52:26.000;NULL;12632256;0;;NULL;;0,00;0,00
1502;4;POLO M/C RAFAELA MARIA;0;0,01;0,00;N;N;N;1;1;2024-07-03 17:52:52.000;NULL;12632256;0;;NULL;;0,00;0,00
1503;4;FALDA RAFAELA MARIA;0;0,01;0,00;N;N;N;1;1;2024-07-03 17:53:10.000;NULL;12632256;0;;NULL;;0,00;0,00
1504;4;CHAQUETA CHANDAL RAFAELA MARIA;0;0,01;0,00;N;N;N;1;1;2024-07-03 17:53:40.000;NULL;12632256;0;;NULL;;0,00;0,00
1505;4;PANTALON CHANDAL RAFAELA MARIA;0;0,01;0,00;N;N;N;1;1;2024-07-03 17:54:06.000;NULL;12632256;0;;NULL;;0,00;0,00
1506;4;CAMISETA M/C RAFAELA MARIA;0;0,01;0,00;N;N;N;1;1;2024-07-03 17:54:29.000;NULL;12632256;0;;NULL;;0,00;0,00
1507;4;PANTALON CORTO DEPORTE RAFAELA M.;0;0,01;0,00;N;N;N;1;1;2024-07-03 17:54:59.000;NULL;12632256;0;;NULL;;0,00;0,00
1508;4;LEGGIN RAFAELA MARIA;0;0,01;0,00;N;N;N;1;1;2024-07-03 17:55:48.000;NULL;12632256;0;;NULL;;0,00;0,00
1509;4;BABY RAFAELA MARIA;0;0,01;0,00;N;N;N;1;1;2024-07-03 17:56:09.000;NULL;12632256;0;;NULL;;0,00;0,00
