level	page_num	block_num	par_num	line_num	word_num	left	top	width	height	conf	text
1	7	0	0	0	0	0	0	2480	3505	-1	
2	7	1	0	0	0	150	112	583	57	-1	
3	7	1	1	0	0	150	112	583	57	-1	
4	7	1	1	1	0	150	112	583	57	-1	
5	7	1	1	1	1	150	113	226	55	91.936516	RED
5	7	1	1	1	2	411	112	322	57	86.470032	POINT
2	7	2	0	0	0	1473	149	111	27	-1	
3	7	2	1	0	0	1473	149	111	27	-1	
4	7	2	1	1	0	1473	149	111	27	-1	
5	7	2	1	1	1	1473	149	111	27	96.843323	004234
2	7	3	0	0	0	1474	199	309	31	-1	
3	7	3	1	0	0	1474	199	309	31	-1	
4	7	3	1	1	0	1474	199	309	31	-1	
5	7	3	1	1	1	1474	199	242	31	92.048019	MONEDEROLID,
5	7	3	1	1	2	1730	199	53	27	90.798218	S.L.
2	7	4	0	0	0	1474	240	502	41	-1	
3	7	4	1	0	0	1474	240	502	41	-1	
4	7	4	1	1	0	1474	240	502	41	-1	
5	7	4	1	1	1	1474	249	95	26	93.075493	PLAZA
5	7	4	1	1	2	1582	249	130	27	92.006126	MARCOS
5	7	4	1	1	3	1726	240	185	35	93.001495	FERNÁNDEZ
5	7	4	1	1	4	1923	248	53	33	92.660812	S/N
2	7	5	0	0	0	1472	299	93	27	-1	
3	7	5	1	0	0	1472	299	93	27	-1	
4	7	5	1	1	0	1472	299	93	27	-1	
5	7	5	1	1	1	1472	299	93	27	96.639442	47014
2	7	6	0	0	0	1796	299	198	27	-1	
3	7	6	1	0	0	1796	299	198	27	-1	
4	7	6	1	1	0	1796	299	198	27	-1	
5	7	6	1	1	1	1796	299	198	27	91.358650	VALLADOLID
2	7	7	0	0	0	1471	353	198	27	-1	
3	7	7	1	0	0	1471	353	198	27	-1	
4	7	7	1	1	0	1471	353	198	27	-1	
5	7	7	1	1	1	1471	353	198	27	91.822449	VALLADOLID
2	7	8	0	0	0	1474	400	120	35	-1	
3	7	8	1	0	0	1474	400	120	35	-1	
4	7	8	1	1	0	1474	400	120	35	-1	
5	7	8	1	1	1	1474	400	120	35	93.302704	ESPAÑA
2	7	9	0	0	0	132	393	749	45	-1	
3	7	9	1	0	0	132	393	749	45	-1	
4	7	9	1	1	0	132	393	749	45	-1	
5	7	9	1	1	1	132	393	200	37	92.542732	GUASCH
5	7	9	1	1	2	353	393	220	37	92.595215	FASHION
5	7	9	1	1	3	592	393	188	45	91.944016	GROUP,
5	7	9	1	1	4	798	393	83	37	91.536049	S.L.
2	7	10	0	0	0	133	524	304	28	-1	
3	7	10	1	0	0	133	524	304	28	-1	
4	7	10	1	1	0	133	524	304	28	-1	
5	7	10	1	1	1	133	524	55	28	96.538940	Red
5	7	10	1	1	2	203	525	75	27	92.541412	Point
5	7	10	1	1	3	289	525	23	27	92.541412	&
5	7	10	1	1	4	323	524	114	28	92.586823	Onades
2	7	11	0	0	0	132	574	301	33	-1	
3	7	11	1	0	0	132	574	301	33	-1	
4	7	11	1	1	0	132	574	301	33	-1	
5	7	11	1	1	1	132	575	69	27	93.297081	Ctra.
5	7	11	1	1	2	216	574	99	28	92.693199	Caldes
5	7	11	1	1	3	328	575	45	26	96.021034	Km
5	7	11	1	1	4	387	575	46	32	96.021034	0,2
2	7	12	0	0	0	135	624	378	34	-1	
3	7	12	1	0	0	135	624	378	34	-1	
4	7	12	1	1	0	135	624	378	34	-1	
5	7	12	1	1	1	135	625	89	27	93.298111	17240
5	7	12	1	1	2	239	624	163	34	92.879005	Llagostera,
5	7	12	1	1	3	416	625	97	27	96.938377	Girona
2	7	13	0	0	0	131	675	324	27	-1	
3	7	13	1	0	0	131	675	324	27	-1	
4	7	13	1	1	0	131	675	324	27	-1	
5	7	13	1	1	1	131	675	90	26	89.276688	V.A.T.
5	7	13	1	1	2	237	675	36	27	93.268654	ES
5	7	13	1	1	3	287	675	168	27	91.976364	B64584857
2	7	14	0	0	0	115	728	202	25	-1	
3	7	14	1	0	0	115	728	202	25	-1	
4	7	14	1	1	0	115	728	202	25	-1	
5	7	14	1	1	1	115	728	38	24	94.803650	N°
5	7	14	1	1	2	164	728	37	25	93.287727	de
5	7	14	1	1	3	212	728	105	25	92.302032	Pedido
2	7	15	0	0	0	499	728	88	25	-1	
3	7	15	1	0	0	499	728	88	25	-1	
4	7	15	1	1	0	499	728	88	25	-1	
5	7	15	1	1	1	499	728	88	25	96.537361	Fecha
2	7	16	0	0	0	1068	728	127	25	-1	
3	7	16	1	0	0	1068	728	127	25	-1	
4	7	16	1	1	0	1068	728	127	25	-1	
5	7	16	1	1	1	1068	729	23	23	92.521027	F.
5	7	16	1	1	2	1103	728	92	25	92.830559	Servir
2	7	17	0	0	0	1704	728	275	25	-1	
3	7	17	1	0	0	1704	728	275	25	-1	
4	7	17	1	1	0	1704	728	275	25	-1	
5	7	17	1	1	1	1704	728	104	25	93.224190	Pedido
5	7	17	1	1	2	1818	728	45	25	96.177879	del
5	7	17	1	1	3	1875	728	104	25	96.468857	cliente
2	7	18	0	0	0	2137	728	54	25	-1	
3	7	18	1	0	0	2137	728	54	25	-1	
4	7	18	1	1	0	2137	728	54	25	-1	
5	7	18	1	1	1	2137	728	54	25	93.228348	Ctrl
2	7	19	0	0	0	2287	727	64	32	-1	
3	7	19	1	0	0	2287	727	64	32	-1	
4	7	19	1	1	0	2287	727	64	32	-1	
5	7	19	1	1	1	2287	727	64	32	96.891579	Pag.
2	7	20	0	0	0	2168	805	35	27	-1	
3	7	20	1	0	0	2168	805	35	27	-1	
4	7	20	1	1	0	2168	805	35	27	-1	
5	7	20	1	1	1	2168	805	35	27	96.881889	50
2	7	21	0	0	0	2354	805	18	26	-1	
3	7	21	1	0	0	2354	805	18	26	-1	
4	7	21	1	1	0	2354	805	18	26	-1	
5	7	21	1	1	1	2354	805	18	26	92.342484	7
2	7	22	0	0	0	283	806	86	27	-1	
3	7	22	1	0	0	283	806	86	27	-1	
4	7	22	1	1	0	283	806	86	27	-1	
5	7	22	1	1	1	283	806	86	27	96.769516	8167
2	7	23	0	0	0	455	805	175	33	-1	
3	7	23	1	0	0	455	805	175	33	-1	
4	7	23	1	1	0	455	805	175	33	-1	
5	7	23	1	1	1	455	805	175	33	96.709564	29/07/2026
2	7	24	0	0	0	1043	805	175	33	-1	
3	7	24	1	0	0	1043	805	175	33	-1	
4	7	24	1	1	0	1043	805	175	33	-1	
5	7	24	1	1	1	1043	805	175	33	96.424614	01/02/2027
2	7	25	0	0	0	119	887	218	31	-1	
3	7	25	1	0	0	119	887	218	31	-1	
4	7	25	1	1	0	119	887	218	31	-1	
5	7	25	1	1	1	119	887	123	31	93.117996	Agencia
5	7	25	1	1	2	254	887	83	25	93.060036	Envio
2	7	26	0	0	0	1034	878	117	26	-1	
3	7	26	1	0	0	1034	878	117	26	-1	
4	7	26	1	1	0	1034	878	117	26	-1	
5	7	26	1	1	1	1034	878	117	26	92.911705	Sección
2	7	27	0	0	0	1335	874	131	25	-1	
3	7	27	1	0	0	1335	874	131	25	-1	
4	7	27	1	1	0	1335	874	131	25	-1	
5	7	27	1	1	1	1335	874	131	25	92.486832	Sucursal
2	7	28	0	0	0	1673	883	158	25	-1	
3	7	28	1	0	0	1673	883	158	25	-1	
4	7	28	1	1	0	1673	883	158	25	-1	
5	7	28	1	1	1	1673	883	158	25	92.898758	Proveedor
2	7	29	0	0	0	2046	888	227	30	-1	
3	7	29	1	0	0	2046	888	227	30	-1	
4	7	29	1	1	0	2046	888	227	30	-1	
5	7	29	1	1	1	2046	888	227	30	92.886246	Representante
2	7	30	0	0	0	113	968	10	4	-1	
3	7	30	1	0	0	113	968	10	4	-1	
4	7	30	1	1	0	113	968	10	4	-1	
5	7	30	1	1	1	113	968	10	4	90.478836	-
2	7	31	0	0	0	1964	955	379	27	-1	
3	7	31	1	0	0	1964	955	379	27	-1	
4	7	31	1	1	0	1964	955	379	27	-1	
5	7	31	1	1	1	1964	955	79	27	93.267082	JUAN
5	7	31	1	1	2	2058	955	22	26	91.939972	L.
5	7	31	1	1	3	2095	955	128	27	91.322693	GUERRA
5	7	31	1	1	4	2236	955	107	27	92.217575	DURAN
2	7	32	0	0	0	192	1031	154	31	-1	
3	7	32	1	0	0	192	1031	154	31	-1	
4	7	32	1	1	0	192	1031	154	31	-1	
5	7	32	1	1	1	192	1031	67	31	92.052055	Tipo
5	7	32	1	1	2	270	1032	76	30	91.931824	Pago
2	7	33	0	0	0	702	1032	183	30	-1	
3	7	33	1	0	0	702	1032	183	30	-1	
4	7	33	1	1	0	702	1032	183	30	-1	
5	7	33	1	1	1	702	1032	95	24	91.817024	Forma
5	7	33	1	1	2	810	1032	75	30	91.796600	Pago
2	7	34	0	0	0	1214	1033	55	23	-1	
3	7	34	1	0	0	1214	1033	55	23	-1	
4	7	34	1	1	0	1214	1033	55	23	-1	
5	7	34	1	1	1	1214	1033	55	23	93.025368	NIF
2	7	35	0	0	0	1586	1031	136	26	-1	
3	7	35	1	0	0	1586	1031	136	26	-1	
4	7	35	1	1	0	1586	1031	136	26	-1	
5	7	35	1	1	1	1586	1031	136	26	91.699265	Teléfono
2	7	36	0	0	0	113	1097	92	29	-1	
3	7	36	1	0	0	113	1097	92	29	-1	
4	7	36	1	1	0	113	1097	92	29	-1	
5	7	36	1	1	1	113	1097	92	29	90.859619	GIRO
2	7	37	0	0	0	625	1097	212	29	-1	
3	7	37	1	0	0	625	1097	212	29	-1	
4	7	37	1	1	0	625	1097	212	29	-1	
5	7	37	1	1	1	625	1098	39	28	91.232025	60
5	7	37	1	1	2	679	1097	82	28	91.232025	DIAS
5	7	37	1	1	3	776	1098	61	27	92.224861	F.F.
2	7	38	0	0	0	1212	1106	168	27	-1	
3	7	38	1	0	0	1212	1106	168	27	-1	
4	7	38	1	1	0	1212	1106	168	27	-1	
5	7	38	1	1	1	1212	1106	168	27	92.691223	B47486535
2	7	39	0	0	0	1588	1106	168	27	-1	
3	7	39	1	0	0	1588	1106	168	27	-1	
4	7	39	1	1	0	1588	1106	168	27	-1	
5	7	39	1	1	1	1588	1106	168	27	96.634109	983303702
2	7	40	0	0	0	246	1306	9	8	-1	
3	7	40	1	0	0	246	1306	9	8	-1	
4	7	40	1	1	0	246	1306	9	8	-1	
5	7	40	1	1	1	246	1306	9	8	80.169571	%
2	7	41	0	0	0	567	1274	34	27	-1	
3	7	41	1	0	0	567	1274	34	27	-1	
4	7	41	1	1	0	567	1274	34	27	-1	
5	7	41	1	1	1	567	1274	34	27	96.130447	31
2	7	42	0	0	0	670	1274	137	27	-1	
3	7	42	1	0	0	670	1274	137	27	-1	
4	7	42	1	1	0	670	1274	137	27	-1	
5	7	42	1	1	1	670	1274	137	27	96.203270	1380280
2	7	43	0	0	0	1058	1273	247	25	-1	
3	7	43	1	0	0	1058	1273	247	25	-1	
4	7	43	1	1	0	1058	1273	247	25	-1	
5	7	43	1	1	1	1058	1274	100	24	90.061699	KAUAI
5	7	43	1	1	2	1168	1273	107	25	91.712067	Cadera
5	7	43	1	1	3	1287	1274	18	24	96.984489	8
2	7	44	0	0	0	1701	1270	199	25	-1	
3	7	44	1	0	0	1701	1270	199	25	-1	
4	7	44	1	1	0	1701	1270	199	25	-1	
5	7	44	1	1	1	1701	1270	113	25	93.248741	BOLSA
5	7	44	1	1	2	1829	1270	13	24	92.580338	1
5	7	44	1	1	3	1854	1270	46	25	91.212395	ud.
2	7	45	0	0	0	1948	1272	169	26	-1	
3	7	45	1	0	0	1948	1272	169	26	-1	
4	7	45	1	1	0	1948	1272	169	26	-1	
5	7	45	1	1	1	1948	1273	81	20	92.247948	PVPR:
5	7	45	1	1	2	2041	1272	76	26	92.508606	14,95
2	7	46	0	0	0	567	1322	107	22	-1	
3	7	46	1	0	0	567	1322	107	22	-1	
4	7	46	1	1	0	567	1322	107	22	-1	
5	7	46	1	1	1	567	1322	52	22	93.147369	Cod.
5	7	46	1	1	2	631	1322	43	22	92.874001	Col.
2	7	47	0	0	0	1100	1321	25	19	-1	
3	7	47	1	0	0	1100	1321	25	19	-1	
4	7	47	1	1	0	1100	1321	25	19	-1	
5	7	47	1	1	1	1100	1321	25	19	96.705910	38
2	7	48	0	0	0	1211	1321	25	19	-1	
3	7	48	1	0	0	1211	1321	25	19	-1	
4	7	48	1	1	0	1211	1321	25	19	-1	
5	7	48	1	1	1	1211	1321	25	19	96.625404	40
2	7	49	0	0	0	1323	1321	26	18	-1	
3	7	49	1	0	0	1323	1321	26	18	-1	
4	7	49	1	1	0	1323	1321	26	18	-1	
5	7	49	1	1	1	1323	1321	26	18	93.732124	42
2	7	50	0	0	0	1436	1321	26	18	-1	
3	7	50	1	0	0	1436	1321	26	18	-1	
4	7	50	1	1	0	1436	1321	26	18	-1	
5	7	50	1	1	1	1436	1321	26	18	96.795151	44
2	7	51	0	0	0	1549	1321	26	19	-1	
3	7	51	1	0	0	1549	1321	26	19	-1	
4	7	51	1	1	0	1549	1321	26	19	-1	
5	7	51	1	1	1	1549	1321	26	19	96.662643	46
2	7	52	0	0	0	1661	1321	25	19	-1	
3	7	52	1	0	0	1661	1321	25	19	-1	
4	7	52	1	1	0	1661	1321	25	19	-1	
5	7	52	1	1	1	1661	1321	25	19	95.444992	48
2	7	53	0	0	0	2294	1319	63	17	-1	
3	7	53	1	0	0	2294	1319	63	17	-1	
4	7	53	1	1	0	2294	1319	63	17	-1	
5	7	53	1	1	1	2294	1319	63	17	91.673302	TOTAL
2	7	54	0	0	0	572	1371	38	19	-1	
3	7	54	1	0	0	572	1371	38	19	-1	
4	7	54	1	1	0	572	1371	38	19	-1	
5	7	54	1	1	1	572	1371	38	19	96.883713	019
2	7	55	0	0	0	1264	1371	11	19	-1	
3	7	55	1	0	0	1264	1371	11	19	-1	
4	7	55	1	1	0	1264	1371	11	19	-1	
5	7	55	1	1	1	1264	1371	11	19	96.790001	3
2	7	56	0	0	0	1376	1371	12	18	-1	
3	7	56	1	0	0	1376	1371	12	18	-1	
4	7	56	1	1	0	1376	1371	12	18	-1	
5	7	56	1	1	1	1376	1371	12	18	96.946640	4
2	7	57	0	0	0	1489	1371	12	18	-1	
3	7	57	1	0	0	1489	1371	12	18	-1	
4	7	57	1	1	0	1489	1371	12	18	-1	
5	7	57	1	1	1	1489	1371	12	18	96.976715	4
2	7	58	0	0	0	2368	1371	24	18	-1	
3	7	58	1	0	0	2368	1371	24	18	-1	
4	7	58	1	1	0	2368	1371	24	18	-1	
5	7	58	1	1	1	2368	1371	24	18	96.676666	14
2	7	59	0	0	0	864	1422	94	19	-1	
3	7	59	1	0	0	864	1422	94	19	-1	
4	7	59	1	1	0	864	1422	94	19	-1	
5	7	59	1	1	1	864	1422	94	19	91.381516	PRECIOS
2	7	60	0	0	0	1219	1422	56	22	-1	
3	7	60	1	0	0	1219	1422	56	22	-1	
4	7	60	1	1	0	1219	1422	56	22	-1	
5	7	60	1	1	1	1219	1422	56	22	92.732742	14,95
2	7	61	0	0	0	1331	1422	57	22	-1	
3	7	61	1	0	0	1331	1422	57	22	-1	
4	7	61	1	1	0	1331	1422	57	22	-1	
5	7	61	1	1	1	1331	1422	57	22	92.734261	14,95
2	7	62	0	0	0	1444	1422	56	22	-1	
3	7	62	1	0	0	1444	1422	56	22	-1	
4	7	62	1	1	0	1444	1422	56	22	-1	
5	7	62	1	1	1	1444	1422	56	22	92.957855	14,95
2	7	63	0	0	0	1557	1422	57	22	-1	
3	7	63	1	0	0	1557	1422	57	22	-1	
4	7	63	1	1	0	1557	1422	57	22	-1	
5	7	63	1	1	1	1557	1422	57	22	92.835976	14,95
2	7	64	0	0	0	2320	1422	72	22	-1	
3	7	64	1	0	0	2320	1422	72	22	-1	
4	7	64	1	1	0	2320	1422	72	22	-1	
5	7	64	1	1	1	2320	1422	72	22	93.060173	209,30
2	7	65	0	0	0	148	1418	279	174	-1	
3	7	65	1	0	0	148	1418	289	174	-1	
4	7	65	1	1	0	148	1418	279	174	-1	
5	7	65	1	1	1	148	1418	279	174	34.673317	yy
2	7	66	0	0	0	1058	1698	447	25	-1	
3	7	66	1	0	0	1058	1698	447	25	-1	
4	7	66	1	1	0	1058	1698	447	25	-1	
5	7	66	1	1	1	1058	1699	100	24	90.589752	KAUAI
5	7	66	1	1	2	1170	1698	98	25	92.405891	Basico
5	7	66	1	1	3	1278	1698	77	25	91.692307	foam
5	7	66	1	1	4	1368	1698	137	25	92.712440	Extraible
2	7	67	0	0	0	1701	1695	199	25	-1	
3	7	67	1	0	0	1701	1695	199	25	-1	
4	7	67	1	1	0	1701	1695	199	25	-1	
5	7	67	1	1	1	1701	1695	113	25	93.248741	BOLSA
5	7	67	1	1	2	1829	1695	13	24	92.580338	1
5	7	67	1	1	3	1854	1695	46	25	91.212395	ud.
2	7	68	0	0	0	567	1699	38	27	-1	
3	7	68	1	0	0	567	1699	38	27	-1	
4	7	68	1	1	0	567	1699	38	27	-1	
5	7	68	1	1	1	567	1699	38	27	96.987396	32
2	7	69	0	0	0	670	1699	133	27	-1	
3	7	69	1	0	0	670	1699	133	27	-1	
4	7	69	1	1	0	670	1699	133	27	-1	
5	7	69	1	1	1	670	1699	133	27	96.647110	1380321
2	7	70	0	0	0	1948	1698	169	26	-1	
3	7	70	1	0	0	1948	1698	169	26	-1	
4	7	70	1	1	0	1948	1698	169	26	-1	
5	7	70	1	1	1	1948	1699	81	20	92.049088	PVPR:
5	7	70	1	1	2	2040	1698	77	26	92.783066	39,95
2	7	71	0	0	0	314	1754	31	20	-1	
3	7	71	1	0	0	314	1754	31	20	-1	
4	7	71	1	1	0	314	1754	31	20	-1	
5	7	71	1	1	1	314	1754	31	20	38.583179	ka
5	7	71	1	1	2	341	1750	6	34	31.459793	9
2	7	72	0	0	0	567	1748	107	22	-1	
3	7	72	1	0	0	567	1748	107	22	-1	
4	7	72	1	1	0	567	1748	107	22	-1	
5	7	72	1	1	1	567	1748	52	22	96.543808	Cod.
5	7	72	1	1	2	631	1748	43	22	96.737900	Col.
2	7	73	0	0	0	717	1748	62	22	-1	
3	7	73	1	0	0	717	1748	62	22	-1	
4	7	73	1	1	0	717	1748	62	22	-1	
5	7	73	1	1	1	717	1748	62	22	96.202927	Color
2	7	74	0	0	0	1100	1746	25	19	-1	
3	7	74	1	0	0	1100	1746	25	19	-1	
4	7	74	1	1	0	1100	1746	25	19	-1	
5	7	74	1	1	1	1100	1746	25	19	96.353500	38
2	7	75	0	0	0	1211	1746	25	19	-1	
3	7	75	1	0	0	1211	1746	25	19	-1	
4	7	75	1	1	0	1211	1746	25	19	-1	
5	7	75	1	1	1	1211	1746	25	19	96.779770	40
2	7	76	0	0	0	1323	1746	26	18	-1	
3	7	76	1	0	0	1323	1746	26	18	-1	
4	7	76	1	1	0	1323	1746	26	18	-1	
5	7	76	1	1	1	1323	1746	26	18	96.920914	42
2	7	77	0	0	0	1436	1746	26	18	-1	
3	7	77	1	0	0	1436	1746	26	18	-1	
4	7	77	1	1	0	1436	1746	26	18	-1	
5	7	77	1	1	1	1436	1746	26	18	95.543785	44
2	7	78	0	0	0	1549	1746	26	19	-1	
3	7	78	1	0	0	1549	1746	26	19	-1	
4	7	78	1	1	0	1549	1746	26	19	-1	
5	7	78	1	1	1	1549	1746	26	19	96.680298	46
2	7	79	0	0	0	1661	1746	25	19	-1	
3	7	79	1	0	0	1661	1746	25	19	-1	
4	7	79	1	1	0	1661	1746	25	19	-1	
5	7	79	1	1	1	1661	1746	25	19	96.920280	48
2	7	80	0	0	0	2294	1744	63	17	-1	
3	7	80	1	0	0	2294	1744	63	17	-1	
4	7	80	1	1	0	2294	1744	63	17	-1	
5	7	80	1	1	1	2294	1744	63	17	96.704239	TOTAL
2	7	81	0	0	0	573	1796	38	19	-1	
3	7	81	1	0	0	573	1796	38	19	-1	
4	7	81	1	1	0	573	1796	38	19	-1	
5	7	81	1	1	1	573	1796	38	19	96.148598	B19
2	7	82	0	0	0	717	1796	75	23	-1	
3	7	82	1	0	0	717	1796	75	23	-1	
4	7	82	1	1	0	717	1796	75	23	-1	
5	7	82	1	1	1	717	1796	52	23	91.636963	Copa
5	7	82	1	1	2	780	1796	12	18	88.063614	B
2	7	83	0	0	0	1264	1796	11	19	-1	
3	7	83	1	0	0	1264	1796	11	19	-1	
4	7	83	1	1	0	1264	1796	11	19	-1	
5	7	83	1	1	1	1264	1796	11	19	96.882706	3
2	7	84	0	0	0	1376	1796	12	18	-1	
3	7	84	1	0	0	1376	1796	12	18	-1	
4	7	84	1	1	0	1376	1796	12	18	-1	
5	7	84	1	1	1	1376	1796	12	18	97.009087	4
2	7	85	0	0	0	1489	1796	12	18	-1	
3	7	85	1	0	0	1489	1796	12	18	-1	
4	7	85	1	1	0	1489	1796	12	18	-1	
5	7	85	1	1	1	1489	1796	12	18	96.991615	4
2	7	86	0	0	0	2368	1796	24	18	-1	
3	7	86	1	0	0	2368	1796	24	18	-1	
4	7	86	1	1	0	2368	1796	24	18	-1	
5	7	86	1	1	1	2368	1796	24	18	96.250504	14
2	7	87	0	0	0	313	1833	11	22	-1	
3	7	87	1	0	0	313	1833	11	22	-1	
4	7	87	1	1	0	313	1833	11	22	-1	
5	7	87	1	1	1	313	1833	11	22	96.075012	N
2	7	88	0	0	0	864	1847	94	19	-1	
3	7	88	1	0	0	864	1847	94	19	-1	
4	7	88	1	1	0	864	1847	94	19	-1	
5	7	88	1	1	1	864	1847	94	19	91.381516	PRECIOS
2	7	89	0	0	0	1217	1847	58	22	-1	
3	7	89	1	0	0	1217	1847	58	22	-1	
4	7	89	1	1	0	1217	1847	58	22	-1	
5	7	89	1	1	1	1217	1847	58	22	91.499863	39,95
2	7	90	0	0	0	1330	1847	58	22	-1	
3	7	90	1	0	0	1330	1847	58	22	-1	
4	7	90	1	1	0	1330	1847	58	22	-1	
5	7	90	1	1	1	1330	1847	58	22	92.631134	39,95
2	7	91	0	0	0	1443	1847	57	22	-1	
3	7	91	1	0	0	1443	1847	57	22	-1	
4	7	91	1	1	0	1443	1847	57	22	-1	
5	7	91	1	1	1	1443	1847	57	22	93.053574	39,95
2	7	92	0	0	0	1556	1847	58	22	-1	
3	7	92	1	0	0	1556	1847	58	22	-1	
4	7	92	1	1	0	1556	1847	58	22	-1	
5	7	92	1	1	1	1556	1847	58	22	92.508759	39,95
2	7	93	0	0	0	2320	1847	72	22	-1	
3	7	93	1	0	0	2320	1847	72	22	-1	
4	7	93	1	1	0	2320	1847	72	22	-1	
5	7	93	1	1	1	2320	1847	72	22	92.872246	559,30
2	7	94	0	0	0	220	1851	32	51	-1	
3	7	94	1	0	0	220	1851	32	51	-1	
4	7	94	1	1	0	220	1851	32	51	-1	
5	7	94	1	1	1	220	1851	32	51	36.223457	li
2	7	95	0	0	0	235	1873	13	35	-1	
3	7	95	1	0	0	235	1873	13	35	-1	
4	7	95	1	1	0	235	1873	13	35	-1	
5	7	95	1	1	1	235	1873	13	35	52.467785	í
2	7	96	0	0	0	567	2124	38	27	-1	
3	7	96	1	0	0	567	2124	38	27	-1	
4	7	96	1	1	0	567	2124	38	27	-1	
5	7	96	1	1	1	567	2124	38	27	96.996422	33
2	7	97	0	0	0	670	2124	137	27	-1	
3	7	97	1	0	0	670	2124	137	27	-1	
4	7	97	1	1	0	670	2124	137	27	-1	
5	7	97	1	1	1	670	2124	137	27	96.289986	1385132
2	7	98	0	0	0	1701	2120	199	25	-1	
3	7	98	1	0	0	1701	2120	199	25	-1	
4	7	98	1	1	0	1701	2120	199	25	-1	
5	7	98	1	1	1	1701	2120	113	25	93.248741	BOLSA
5	7	98	1	1	2	1829	2120	13	24	92.580338	1
5	7	98	1	1	3	1854	2120	46	25	91.212395	ud.
2	7	99	0	0	0	1948	2123	169	26	-1	
3	7	99	1	0	0	1948	2123	169	26	-1	
4	7	99	1	1	0	1948	2123	169	26	-1	
5	7	99	1	1	1	1948	2124	81	20	92.647301	PVPR:
5	7	99	1	1	2	2041	2123	76	26	92.417114	21,20
2	7	100	0	0	0	1058	2124	200	30	-1	
3	7	100	1	0	0	1058	2124	200	30	-1	
4	7	100	1	1	0	1058	2124	200	30	-1	
5	7	100	1	1	1	1058	2124	53	23	91.604500	KEI
5	7	100	1	1	2	1121	2124	57	30	91.681450	Top
5	7	100	1	1	3	1188	2124	70	24	91.045227	Aros
2	7	101	0	0	0	567	2173	107	22	-1	
3	7	101	1	0	0	567	2173	107	22	-1	
4	7	101	1	1	0	567	2173	107	22	-1	
5	7	101	1	1	1	567	2173	52	22	93.147369	Cod.
5	7	101	1	1	2	631	2173	43	22	92.874001	Col.
2	7	102	0	0	0	717	2173	62	22	-1	
3	7	102	1	0	0	717	2173	62	22	-1	
4	7	102	1	1	0	717	2173	62	22	-1	
5	7	102	1	1	1	717	2173	62	22	92.408531	Color
2	7	103	0	0	0	1100	2171	25	19	-1	
3	7	103	1	0	0	1100	2171	25	19	-1	
4	7	103	1	1	0	1100	2171	25	19	-1	
5	7	103	1	1	1	1100	2171	25	19	96.705910	38
2	7	104	0	0	0	1211	2171	25	19	-1	
3	7	104	1	0	0	1211	2171	25	19	-1	
4	7	104	1	1	0	1211	2171	25	19	-1	
5	7	104	1	1	1	1211	2171	25	19	96.625404	40
2	7	105	0	0	0	1323	2171	26	18	-1	
3	7	105	1	0	0	1323	2171	26	18	-1	
4	7	105	1	1	0	1323	2171	26	18	-1	
5	7	105	1	1	1	1323	2171	26	18	93.732124	42
2	7	106	0	0	0	1549	2171	26	19	-1	
3	7	106	1	0	0	1549	2171	26	19	-1	
4	7	106	1	1	0	1549	2171	26	19	-1	
5	7	106	1	1	1	1549	2171	26	19	96.662643	46
2	7	107	0	0	0	1661	2171	25	19	-1	
3	7	107	1	0	0	1661	2171	25	19	-1	
4	7	107	1	1	0	1661	2171	25	19	-1	
5	7	107	1	1	1	1661	2171	25	19	95.444992	48
2	7	108	0	0	0	2294	2169	63	17	-1	
3	7	108	1	0	0	2294	2169	63	17	-1	
4	7	108	1	1	0	2294	2169	63	17	-1	
5	7	108	1	1	1	2294	2169	63	17	91.673302	TOTAL
2	7	109	0	0	0	572	2221	39	19	-1	
3	7	109	1	0	0	572	2221	39	19	-1	
4	7	109	1	1	0	572	2221	39	19	-1	
5	7	109	1	1	1	572	2221	39	19	92.193840	coo
2	7	110	0	0	0	717	2221	75	23	-1	
3	7	110	1	0	0	717	2221	75	23	-1	
4	7	110	1	1	0	717	2221	75	23	-1	
5	7	110	1	1	1	717	2221	52	23	91.276154	Copa
5	7	110	1	1	2	779	2221	13	19	91.276154	C
2	7	111	0	0	0	1602	2221	12	18	-1	
3	7	111	1	0	0	1602	2221	12	18	-1	
4	7	111	1	1	0	1602	2221	12	18	-1	
5	7	111	1	1	1	1602	2221	12	18	97.007896	4
2	7	112	0	0	0	2368	2221	24	18	-1	
3	7	112	1	0	0	2368	2221	24	18	-1	
4	7	112	1	1	0	2368	2221	24	18	-1	
5	7	112	1	1	1	2368	2221	24	18	96.250504	14
2	7	113	0	0	0	864	2272	94	19	-1	
3	7	113	1	0	0	864	2272	94	19	-1	
4	7	113	1	1	0	864	2272	94	19	-1	
5	7	113	1	1	1	864	2272	94	19	91.381516	PRECIOS
2	7	114	0	0	0	1330	2272	58	22	-1	
3	7	114	1	0	0	1330	2272	58	22	-1	
4	7	114	1	1	0	1330	2272	58	22	-1	
5	7	114	1	1	1	1330	2272	58	22	92.862633	21,20
2	7	115	0	0	0	1443	2272	58	22	-1	
3	7	115	1	0	0	1443	2272	58	22	-1	
4	7	115	1	1	0	1443	2272	58	22	-1	
5	7	115	1	1	1	1443	2272	58	22	92.953018	21,20
2	7	116	0	0	0	1556	2272	58	22	-1	
3	7	116	1	0	0	1556	2272	58	22	-1	
4	7	116	1	1	0	1556	2272	58	22	-1	
5	7	116	1	1	1	1556	2272	58	22	92.921997	21,20
2	7	117	0	0	0	1668	2272	58	22	-1	
3	7	117	1	0	0	1668	2272	58	22	-1	
4	7	117	1	1	0	1668	2272	58	22	-1	
5	7	117	1	1	1	1668	2272	58	22	92.699242	21,20
2	7	118	0	0	0	2320	2272	72	22	-1	
3	7	118	1	0	0	2320	2272	72	22	-1	
4	7	118	1	1	0	2320	2272	72	22	-1	
5	7	118	1	1	1	2320	2272	72	22	92.455399	296,80
2	7	119	0	0	0	287	2297	123	51	-1	
3	7	119	1	0	0	287	2297	123	51	-1	
4	7	119	1	1	0	287	2297	123	51	-1	
5	7	119	1	1	1	287	2297	123	51	54.025234	‘Aha
2	7	120	0	0	0	243	2359	59	37	-1	
3	7	120	1	0	0	243	2359	59	37	-1	
4	7	120	1	1	0	243	2359	59	37	-1	
5	7	120	1	1	1	243	2359	59	37	49.331146	ee
2	7	121	0	0	0	265	2418	22	20	-1	
3	7	121	1	0	0	265	2418	22	20	-1	
4	7	121	1	1	0	265	2418	22	20	-1	
5	7	121	1	1	1	265	2418	22	20	81.004250	¿
2	7	122	0	0	0	344	2429	36	18	-1	
3	7	122	1	0	0	344	2429	36	18	-1	
4	7	122	1	1	0	344	2429	36	18	-1	
5	7	122	1	1	1	344	2429	36	18	50.584412	<
2	7	123	0	0	0	567	2549	39	27	-1	
3	7	123	1	0	0	567	2549	39	27	-1	
4	7	123	1	1	0	567	2549	39	27	-1	
5	7	123	1	1	1	567	2549	39	27	96.813164	34
2	7	124	0	0	0	670	2549	137	27	-1	
3	7	124	1	0	0	670	2549	137	27	-1	
4	7	124	1	1	0	670	2549	137	27	-1	
5	7	124	1	1	1	670	2549	137	27	96.531998	1385250
2	7	125	0	0	0	1058	2548	239	25	-1	
3	7	125	1	0	0	1058	2548	239	25	-1	
4	7	125	1	1	0	1058	2548	239	25	-1	
5	7	125	1	1	1	1058	2549	53	23	87.646568	KEI
5	7	125	1	1	2	1122	2548	107	25	92.247307	Clasica
5	7	125	1	1	3	1240	2548	57	25	92.049416	alta
2	7	126	0	0	0	1701	2545	199	25	-1	
3	7	126	1	0	0	1701	2545	199	25	-1	
4	7	126	1	1	0	1701	2545	199	25	-1	
5	7	126	1	1	1	1701	2545	113	25	93.248741	BOLSA
5	7	126	1	1	2	1829	2545	13	24	92.580338	1
5	7	126	1	1	3	1854	2545	46	25	91.212395	ud.
2	7	127	0	0	0	1948	2548	169	26	-1	
3	7	127	1	0	0	1948	2548	169	26	-1	
4	7	127	1	1	0	1948	2548	169	26	-1	
5	7	127	1	1	1	1948	2549	81	20	91.010162	PVPR:
5	7	127	1	1	2	2041	2548	76	26	91.010162	15,40
2	7	128	0	0	0	2294	2594	63	17	-1	
3	7	128	1	0	0	2294	2594	63	17	-1	
4	7	128	1	1	0	2294	2594	63	17	-1	
5	7	128	1	1	1	2294	2594	63	17	91.673302	TOTAL
2	7	129	0	0	0	567	2598	107	22	-1	
3	7	129	1	0	0	567	2598	107	22	-1	
4	7	129	1	1	0	567	2598	107	22	-1	
5	7	129	1	1	1	567	2598	52	22	93.147369	Cod.
5	7	129	1	1	2	631	2598	43	22	92.874001	Col.
2	7	130	0	0	0	1099	2597	25	19	-1	
3	7	130	1	0	0	1099	2597	25	19	-1	
4	7	130	1	1	0	1099	2597	25	19	-1	
5	7	130	1	1	1	1099	2597	25	19	96.389824	40
2	7	131	0	0	0	1211	2597	25	18	-1	
3	7	131	1	0	0	1211	2597	25	18	-1	
4	7	131	1	1	0	1211	2597	25	18	-1	
5	7	131	1	1	1	1211	2597	25	18	88.491508	42
2	7	132	0	0	0	1323	2597	26	18	-1	
3	7	132	1	0	0	1323	2597	26	18	-1	
4	7	132	1	1	0	1323	2597	26	18	-1	
5	7	132	1	1	1	1323	2597	26	18	94.178787	44
2	7	133	0	0	0	1549	2597	26	19	-1	
3	7	133	1	0	0	1549	2597	26	19	-1	
4	7	133	1	1	0	1549	2597	26	19	-1	
5	7	133	1	1	1	1549	2597	26	19	95.605545	48
2	7	134	0	0	0	572	2647	38	19	-1	
3	7	134	1	0	0	572	2647	38	19	-1	
4	7	134	1	1	0	572	2647	38	19	-1	
5	7	134	1	1	1	572	2647	38	19	96.583847	000
2	7	135	0	0	0	1264	2647	11	19	-1	
3	7	135	1	0	0	1264	2647	11	19	-1	
4	7	135	1	1	0	1264	2647	11	19	-1	
5	7	135	1	1	1	1264	2647	11	19	96.790001	3
2	7	136	0	0	0	1376	2647	12	18	-1	
3	7	136	1	0	0	1376	2647	12	18	-1	
4	7	136	1	1	0	1376	2647	12	18	-1	
5	7	136	1	1	1	1376	2647	12	18	96.926575	4
2	7	137	0	0	0	2368	2647	24	18	-1	
3	7	137	1	0	0	2368	2647	24	18	-1	
4	7	137	1	1	0	2368	2647	24	18	-1	
5	7	137	1	1	1	2368	2647	24	18	96.676666	14
2	7	138	0	0	0	183	2671	27	19	-1	
3	7	138	1	0	0	183	2671	27	19	-1	
4	7	138	1	1	0	183	2671	27	19	-1	
5	7	138	1	1	1	183	2671	27	19	76.075073	a
2	7	139	0	0	0	315	2674	77	52	-1	
3	7	139	1	0	0	315	2674	77	52	-1	
4	7	139	1	1	0	315	2674	77	52	-1	
5	7	139	1	1	1	315	2674	35	52	68.297012	z=
5	7	139	1	1	2	375	2678	17	25	48.659519	\
2	7	140	0	0	0	864	2697	94	19	-1	
3	7	140	1	0	0	864	2697	94	19	-1	
4	7	140	1	1	0	864	2697	94	19	-1	
5	7	140	1	1	1	864	2697	94	19	91.381516	PRECIOS
2	7	141	0	0	0	1219	2697	57	22	-1	
3	7	141	1	0	0	1219	2697	57	22	-1	
4	7	141	1	1	0	1219	2697	57	22	-1	
5	7	141	1	1	1	1219	2697	57	22	92.255417	15,40
2	7	142	0	0	0	1331	2697	57	22	-1	
3	7	142	1	0	0	1331	2697	57	22	-1	
4	7	142	1	1	0	1331	2697	57	22	-1	
5	7	142	1	1	1	1331	2697	57	22	93.031410	15,40
2	7	143	0	0	0	1444	2697	57	22	-1	
3	7	143	1	0	0	1444	2697	57	22	-1	
4	7	143	1	1	0	1444	2697	57	22	-1	
5	7	143	1	1	1	1444	2697	57	22	92.572891	15,40
2	7	144	0	0	0	1557	2697	57	22	-1	
3	7	144	1	0	0	1557	2697	57	22	-1	
4	7	144	1	1	0	1557	2697	57	22	-1	
5	7	144	1	1	1	1557	2697	57	22	92.917740	15,40
2	7	145	0	0	0	2320	2697	72	22	-1	
3	7	145	1	0	0	2320	2697	72	22	-1	
4	7	145	1	1	0	2320	2697	72	22	-1	
5	7	145	1	1	1	2320	2697	72	22	88.485619	215,60
2	7	146	0	0	0	300	2747	107	25	-1	
3	7	146	1	0	0	300	2747	107	25	-1	
4	7	146	1	1	0	300	2747	107	25	-1	
5	7	146	1	1	1	300	2747	107	25	36.487617	—
5	7	146	1	1	2	400	2743	9	33	66.619987	;
2	7	147	0	0	0	217	2786	18	14	-1	
3	7	147	1	0	0	217	2786	18	14	-1	
4	7	147	1	1	0	217	2786	18	14	-1	
5	7	147	1	1	1	217	2786	18	14	65.059509	D
2	7	148	0	0	0	567	2974	38	27	-1	
3	7	148	1	0	0	567	2974	38	27	-1	
4	7	148	1	1	0	567	2974	38	27	-1	
5	7	148	1	1	1	567	2974	38	27	96.966705	35
2	7	149	0	0	0	670	2974	133	27	-1	
3	7	149	1	0	0	670	2974	133	27	-1	
4	7	149	1	1	0	670	2974	133	27	-1	
5	7	149	1	1	1	670	2974	133	27	96.675400	1385321
2	7	150	0	0	0	1058	2973	401	25	-1	
3	7	150	1	0	0	1058	2973	401	25	-1	
4	7	150	1	1	0	1058	2973	401	25	-1	
5	7	150	1	1	1	1058	2974	53	23	91.360214	KEI
5	7	150	1	1	2	1123	2973	99	25	92.951057	Basico
5	7	150	1	1	3	1231	2973	78	25	92.299339	foam
5	7	150	1	1	4	1321	2973	138	25	92.738007	Extraible
2	7	151	0	0	0	1701	2970	199	25	-1	
3	7	151	1	0	0	1701	2970	199	25	-1	
4	7	151	1	1	0	1701	2970	199	25	-1	
5	7	151	1	1	1	1701	2970	113	25	93.248741	BOLSA
5	7	151	1	1	2	1829	2970	13	24	92.580338	1
5	7	151	1	1	3	1854	2970	46	25	91.212395	ud.
2	7	152	0	0	0	1948	2973	169	26	-1	
3	7	152	1	0	0	1948	2973	169	26	-1	
4	7	152	1	1	0	1948	2973	169	26	-1	
5	7	152	1	1	1	1948	2974	81	20	92.425652	PVPR:
5	7	152	1	1	2	2040	2973	77	26	92.900696	36,50
2	7	153	0	0	0	318	3011	44	16	-1	
3	7	153	1	0	0	318	3011	44	16	-1	
4	7	153	1	1	0	318	3011	44	16	-1	
5	7	153	1	1	1	318	3011	44	16	62.040016	N
2	7	154	0	0	0	1100	3022	25	19	-1	
3	7	154	1	0	0	1100	3022	25	19	-1	
4	7	154	1	1	0	1100	3022	25	19	-1	
5	7	154	1	1	1	1100	3022	25	19	96.705910	38
2	7	155	0	0	0	1211	3022	25	19	-1	
3	7	155	1	0	0	1211	3022	25	19	-1	
4	7	155	1	1	0	1211	3022	25	19	-1	
5	7	155	1	1	1	1211	3022	25	19	96.625404	40
2	7	156	0	0	0	1323	3022	26	18	-1	
3	7	156	1	0	0	1323	3022	26	18	-1	
4	7	156	1	1	0	1323	3022	26	18	-1	
5	7	156	1	1	1	1323	3022	26	18	93.732124	42
2	7	157	0	0	0	1436	3022	26	18	-1	
3	7	157	1	0	0	1436	3022	26	18	-1	
4	7	157	1	1	0	1436	3022	26	18	-1	
5	7	157	1	1	1	1436	3022	26	18	96.843117	44
2	7	158	0	0	0	1549	3022	26	19	-1	
3	7	158	1	0	0	1549	3022	26	19	-1	
4	7	158	1	1	0	1549	3022	26	19	-1	
5	7	158	1	1	1	1549	3022	26	19	96.662643	46
2	7	159	0	0	0	1661	3022	25	19	-1	
3	7	159	1	0	0	1661	3022	25	19	-1	
4	7	159	1	1	0	1661	3022	25	19	-1	
5	7	159	1	1	1	1661	3022	25	19	95.444992	48
2	7	160	0	0	0	2294	3020	63	17	-1	
3	7	160	1	0	0	2294	3020	63	17	-1	
4	7	160	1	1	0	2294	3020	63	17	-1	
5	7	160	1	1	1	2294	3020	63	17	91.673302	TOTAL
2	7	161	0	0	0	567	3023	107	22	-1	
3	7	161	1	0	0	567	3023	107	22	-1	
4	7	161	1	1	0	567	3023	107	22	-1	
5	7	161	1	1	1	567	3023	52	22	93.147369	Cod.
5	7	161	1	1	2	631	3023	43	22	92.874001	Col.
2	7	162	0	0	0	717	3023	62	22	-1	
3	7	162	1	0	0	717	3023	62	22	-1	
4	7	162	1	1	0	717	3023	62	22	-1	
5	7	162	1	1	1	717	3023	62	22	92.408531	Color
2	7	163	0	0	0	320	3015	81	88	-1	
3	7	163	1	0	0	320	3015	81	88	-1	
4	7	163	1	1	0	320	3015	81	88	-1	
5	7	163	1	1	1	320	3015	81	88	60.401558	a
2	7	164	0	0	0	573	3072	38	19	-1	
3	7	164	1	0	0	573	3072	38	19	-1	
4	7	164	1	1	0	573	3072	38	19	-1	
5	7	164	1	1	1	573	3072	38	19	91.008430	B00
2	7	165	0	0	0	717	3072	75	23	-1	
3	7	165	1	0	0	717	3072	75	23	-1	
4	7	165	1	1	0	717	3072	75	23	-1	
5	7	165	1	1	1	717	3072	52	23	91.782303	Copa
5	7	165	1	1	2	780	3072	12	18	97.023605	B
2	7	166	0	0	0	1377	3072	11	19	-1	
3	7	166	1	0	0	1377	3072	11	19	-1	
4	7	166	1	1	0	1377	3072	11	19	-1	
5	7	166	1	1	1	1377	3072	11	19	96.715111	3
2	7	167	0	0	0	1489	3072	12	18	-1	
3	7	167	1	0	0	1489	3072	12	18	-1	
4	7	167	1	1	0	1489	3072	12	18	-1	
5	7	167	1	1	1	1489	3072	12	18	96.979507	4
2	7	168	0	0	0	1602	3072	12	18	-1	
3	7	168	1	0	0	1602	3072	12	18	-1	
4	7	168	1	1	0	1602	3072	12	18	-1	
5	7	168	1	1	1	1602	3072	12	18	96.942474	4
2	7	169	0	0	0	2368	3072	24	18	-1	
3	7	169	1	0	0	2368	3072	24	18	-1	
4	7	169	1	1	0	2368	3072	24	18	-1	
5	7	169	1	1	1	2368	3072	24	18	96.676666	14
2	7	170	0	0	0	864	3123	94	19	-1	
3	7	170	1	0	0	864	3123	94	19	-1	
4	7	170	1	1	0	864	3123	94	19	-1	
5	7	170	1	1	1	864	3123	94	19	91.381516	PRECIOS
2	7	171	0	0	0	271	3091	69	53	-1	
3	7	171	1	0	0	271	3091	69	53	-1	
4	7	171	1	1	0	271	3091	69	53	-1	
5	7	171	1	1	1	271	3091	69	53	69.682297	.
2	7	172	0	0	0	1330	3123	58	22	-1	
3	7	172	1	0	0	1330	3123	58	22	-1	
4	7	172	1	1	0	1330	3123	58	22	-1	
5	7	172	1	1	1	1330	3123	58	22	93.160789	36,50
2	7	173	0	0	0	1443	3123	58	22	-1	
3	7	173	1	0	0	1443	3123	58	22	-1	
4	7	173	1	1	0	1443	3123	58	22	-1	
5	7	173	1	1	1	1443	3123	58	22	93.075027	36,50
2	7	174	0	0	0	1556	3123	58	22	-1	
3	7	174	1	0	0	1556	3123	58	22	-1	
4	7	174	1	1	0	1556	3123	58	22	-1	
5	7	174	1	1	1	1556	3123	58	22	93.100624	36,50
2	7	175	0	0	0	1668	3123	58	22	-1	
3	7	175	1	0	0	1668	3123	58	22	-1	
4	7	175	1	1	0	1668	3123	58	22	-1	
5	7	175	1	1	1	1668	3123	58	22	93.126289	36,50
2	7	176	0	0	0	2320	3123	72	22	-1	
3	7	176	1	0	0	2320	3123	72	22	-1	
4	7	176	1	1	0	2320	3123	72	22	-1	
5	7	176	1	1	1	2320	3123	72	22	92.870438	511,00
2	7	177	0	0	0	278	3285	57	13	-1	
3	7	177	1	0	0	278	3285	57	13	-1	
4	7	177	1	1	0	278	3285	57	13	-1	
5	7	177	1	1	1	278	3288	8	7	48.734749	2
5	7	177	1	1	2	319	3285	16	13	0.798332	oS,
